<?xml version="1.0" encoding="UTF-8"?>
<osm version="0.6" generator="Overpass API 0.7.62.11 87bfad18">
<note>The data included in this document is from www.openstreetmap.org. The data is made available under ODbL.</note>
<meta osm_base="2026-08-31T18:40:01Z"/>

  <node id="9489440" lat="48.3605920" lon="11.7849060"/>
  <node id="9489443" lat="48.3644230" lon="11.7925246"/>
  <node id="9489444" lat="48.3652479" lon="11.7999862"/>
  <node id="9489448" lat="48.3636489" lon="11.8048821">
    <tag k="aeroway" v="holding_position"/>
    <tag k="holding_position:type" v="intermediate"/>
  </node>
  <node id="9489450" lat="48.3629720" lon="11.8056824"/>
  <node id="9489451" lat="48.3619583" lon="11.8065358">
    <tag k="aeroway" v="holding_position"/>
    <tag k="holding_position:type" v="intermediate"/>
  </node>
  <node id="18283974" lat="48.3635045" lon="11.8126582"/>
  <node id="18283975" lat="48.3624348" lon="11.8128218"/>
  <node id="18283976" lat="48.3640012" lon="11.8214648"/>
  <node id="18283977" lat="48.3667337" lon="11.8193481"/>
  <node id="18283978" lat="48.3651951" lon="11.8228886">
    <tag k="aeroway" v="holding_position"/>
    <tag k="holding_position:type" v="ILS"/>
  </node>
  <node id="18283979" lat="48.3641927" lon="11.8230620"/>
  <node id="18283981" lat="48.3656282" lon="11.8049418"/>
  <node id="18283982" lat="48.3630573" lon="11.8210219"/>
  <node id="18283984" lat="48.3631364" lon="11.8219979"/>
  <node id="18283985" lat="48.3624041" lon="11.7983102"/>
  <node id="18283986" lat="48.3619986" lon="11.7929709"/>
  <node id="18283988" lat="48.3618827" lon="11.7914543">
    <tag k="aeroway" v="holding_position"/>
    <tag k="holding_position:type" v="intermediate"/>
  </node>
  <node id="18283990" lat="48.3639631" lon="11.7832441"/>
  <node id="18283991" lat="48.3615223" lon="11.7771259">
    <tag k="aeroway" v="holding_position"/>
    <tag k="holding_position:type" v="intermediate"/>
  </node>
  <node id="18283992" lat="48.3607448" lon="11.7765776"/>
  <node id="18283993" lat="48.3613599" lon="11.7847767"/>
  <node id="18283994" lat="48.3612401" lon="11.7831575"/>
  <node id="18283995" lat="48.3596660" lon="11.7767577"/>
  <node id="18283998" lat="48.3591210" lon="11.7695903"/>
  <node id="18284000" lat="48.3614762" lon="11.7666716"/>
  <node id="18284001" lat="48.3600341" lon="11.7640118"/>
  <node id="18284003" lat="48.3587275" lon="11.7644933"/>
  <node id="18284004" lat="48.3613357" lon="11.7985064"/>
  <node id="18284005" lat="48.3609280" lon="11.7931548"/>
  <node id="18284006" lat="48.3610520" lon="11.7947670"/>
  <node id="18284007" lat="48.3590035" lon="11.7680882"/>
  <node id="18284776" lat="48.3476640" lon="11.8055513"/>
  <node id="18284777" lat="48.3476394" lon="11.8039269"/>
  <node id="18284778" lat="48.3477422" lon="11.8077654"/>
  <node id="18284779" lat="48.3480476" lon="11.8082295"/>
  <node id="18284780" lat="48.3485390" lon="11.8081738"/>
  <node id="18284781" lat="48.3488167" lon="11.8074380"/>
  <node id="18284782" lat="48.3485601" lon="11.8040888"/>
  <node id="18284783" lat="48.3475241" lon="11.8023763"/>
  <node id="18284784" lat="48.3483129" lon="11.8010110"/>
  <node id="18284786" lat="48.3480061" lon="11.7970268"/>
  <node id="18284787" lat="48.3479025" lon="11.7955519"/>
  <node id="18284788" lat="48.3468195" lon="11.7955937"/>
  <node id="18284791" lat="48.3461901" lon="11.7874012"/>
  <node id="18284792" lat="48.3463079" lon="11.7889252"/>
  <node id="18284794" lat="48.3428853" lon="11.7796175"/>
  <node id="18284795" lat="48.3455586" lon="11.7792007"/>
  <node id="18284796" lat="48.3456832" lon="11.7808092"/>
  <node id="18284797" lat="48.3467534" lon="11.7806206"/>
  <node id="18284798" lat="48.3466309" lon="11.7790109"/>
  <node id="18284799" lat="48.3462619" lon="11.7742170"/>
  <node id="18284800" lat="48.3450643" lon="11.7729628"/>
  <node id="18284802" lat="48.3456850" lon="11.7668486"/>
  <node id="18284803" lat="48.3449907" lon="11.7577330"/>
  <node id="18284804" lat="48.3439298" lon="11.7580407"/>
  <node id="18284805" lat="48.3418901" lon="11.7666733"/>
  <node id="18284806" lat="48.3446230" lon="11.7670356"/>
  <node id="18284807" lat="48.3408085" lon="11.7526063"/>
  <node id="18284808" lat="48.3435423" lon="11.7507228"/>
  <node id="18284810" lat="48.3429867" lon="11.7491848"/>
  <node id="18284811" lat="48.3443847" lon="11.7500563"/>
  <node id="18284812" lat="48.3436594" lon="11.7522613"/>
  <node id="27309028" lat="48.3483551" lon="11.7956061"/>
  <node id="27309031" lat="48.3493895" lon="11.7954256"/>
  <node id="27309032" lat="48.3603602" lon="11.7932463"/>
  <node id="27309034" lat="48.3596822" lon="11.7950024">
    <tag k="aeroway" v="holding_position"/>
    <tag k="direction" v="both"/>
    <tag k="holding_position:type" v="intermediate"/>
    <tag k="name" v="Entry point N4"/>
    <tag k="ref" v="N4"/>
  </node>
  <node id="27309035" lat="48.3595590" lon="11.7933794">
    <tag k="aeroway" v="holding_position"/>
    <tag k="direction" v="both"/>
    <tag k="holding_position:type" v="intermediate"/>
    <tag k="name" v="Entry point N3"/>
    <tag k="ref" v="N3"/>
  </node>
  <node id="27309047" lat="48.3584616" lon="11.7785951">
    <tag k="aeroway" v="holding_position"/>
    <tag k="direction" v="both"/>
    <tag k="holding_position:type" v="intermediate"/>
    <tag k="name" v="Entry point N2"/>
    <tag k="ref" v="N2"/>
  </node>
  <node id="27309048" lat="48.3583474" lon="11.7769730">
    <tag k="aeroway" v="holding_position"/>
    <tag k="direction" v="both"/>
    <tag k="holding_position:type" v="intermediate"/>
    <tag k="name" v="Entry point N1"/>
    <tag k="ref" v="N1"/>
  </node>
  <node id="27309049" lat="48.3472123" lon="11.7789178"/>
  <node id="27309051" lat="48.3473311" lon="11.7805267"/>
  <node id="27690552" lat="48.3599121" lon="11.7682501"/>
  <node id="27690586" lat="48.3478365" lon="11.7737591"/>
  <node id="27690587" lat="48.3451837" lon="11.7743991"/>
  <node id="213949938" lat="48.3621492" lon="11.7853349">
    <tag k="aeroway" v="holding_position"/>
    <tag k="holding_position:type" v="intermediate"/>
  </node>
  <node id="213950097" lat="48.3641232" lon="11.7853297"/>
  <node id="213950271" lat="48.3624642" lon="11.7928959"/>
  <node id="213950303" lat="48.3620973" lon="11.7941756"/>
  <node id="213958343" lat="48.3637262" lon="11.7885216"/>
  <node id="213958348" lat="48.3593851" lon="11.7668636"/>
  <node id="213958365" lat="48.3618335" lon="11.7679971"/>
  <node id="213958370" lat="48.3600422" lon="11.7697910"/>
  <node id="213958374" lat="48.3629587" lon="11.7701555"/>
  <node id="213958383" lat="48.3644741" lon="11.8252180"/>
  <node id="213958388" lat="48.3643629" lon="11.8256722"/>
  <node id="213958393" lat="48.3637747" lon="11.8259114"/>
  <node id="213958398" lat="48.3635204" lon="11.8257529"/>
  <node id="213958403" lat="48.3633906" lon="11.8252703"/>
  <node id="213964245" lat="48.3587801" lon="11.7640252"/>
  <node id="213964247" lat="48.3606272" lon="11.7654614">
    <tag k="aeroway" v="holding_position"/>
    <tag k="holding_position:type" v="ILS"/>
  </node>
  <node id="213964251" lat="48.3596489" lon="11.7636738"/>
  <node id="213964264" lat="48.3623133" lon="11.7677143"/>
  <node id="213964269" lat="48.3629076" lon="11.7694899"/>
  <node id="214111845" lat="48.3477601" lon="11.8022262"/>
  <node id="214111850" lat="48.3479432" lon="11.8054589"/>
  <node id="214111855" lat="48.3481818" lon="11.8052626">
    <tag k="aeroway" v="holding_position"/>
    <tag k="holding_position:type" v="intermediate"/>
  </node>
  <node id="214111864" lat="48.3460737" lon="11.7951029"/>
  <node id="214111868" lat="48.3464458" lon="11.7955041"/>
  <node id="214111879" lat="48.3442066" lon="11.7844013"/>
  <node id="214111882" lat="48.3450243" lon="11.7815763"/>
  <node id="214111885" lat="48.3432819" lon="11.7795470"/>
  <node id="214111892" lat="48.3439903" lon="11.7770356"/>
  <node id="214111897" lat="48.3450961" lon="11.7792678"/>
  <node id="214111911" lat="48.3439536" lon="11.7678289">
    <tag k="aeroway" v="holding_position"/>
    <tag k="holding_position:type" v="intermediate"/>
  </node>
  <node id="214111916" lat="48.3417411" lon="11.7510745">
    <tag k="aeroway" v="holding_position"/>
    <tag k="holding_position:type" v="runway"/>
    <tag k="ref" v="08R B2"/>
  </node>
  <node id="214111920" lat="48.3420482" lon="11.7494413"/>
  <node id="214111925" lat="48.3408385" lon="11.7529963"/>
  <node id="246265133" lat="48.3656085" lon="11.8211796"/>
  <node id="246265135" lat="48.3628905" lon="11.8188137"/>
  <node id="246265137" lat="48.3638936" lon="11.8200930"/>
  <node id="246265139" lat="48.3666838" lon="11.8186967"/>
  <node id="246265142" lat="48.3641769" lon="11.8118507">
    <tag k="aeroway" v="holding_position"/>
    <tag k="holding_position:type" v="intermediate"/>
  </node>
  <node id="246265143" lat="48.3630802" lon="11.7975081">
    <tag k="aeroway" v="holding_position"/>
    <tag k="holding_position:type" v="intermediate"/>
  </node>
  <node id="246265145" lat="48.3446137" lon="11.8020969"/>
  <node id="246265147" lat="48.3451065" lon="11.8042415"/>
  <node id="246265149" lat="48.3479691" lon="11.8037399"/>
  <node id="246265150" lat="48.3484249" lon="11.8024620"/>
  <node id="257697464" lat="48.3463480" lon="11.8056718"/>
  <node id="257728946" lat="48.3604882" lon="11.7948648"/>
  <node id="257728947" lat="48.3590768" lon="11.7768579"/>
  <node id="257728948" lat="48.3592013" lon="11.7784667"/>
  <node id="257729292" lat="48.3611586" lon="11.7662967"/>
  <node id="556715233" lat="48.3496612" lon="11.7913821"/>
  <node id="556715237" lat="48.3512466" lon="11.7951065"/>
  <node id="556715252" lat="48.3497071" lon="11.7953722"/>
  <node id="556715254" lat="48.3502066" lon="11.7952906">
    <tag k="aeroway" v="holding_position"/>
    <tag k="holding_position:type" v="intermediate"/>
  </node>
  <node id="556715255" lat="48.3498485" lon="11.7960310"/>
  <node id="556715257" lat="48.3497686" lon="11.7965369"/>
  <node id="556715267" lat="48.3504598" lon="11.7952459"/>
  <node id="556715270" lat="48.3509043" lon="11.7958074"/>
  <node id="556715272" lat="48.3513335" lon="11.7964516"/>
  <node id="556715273" lat="48.3505475" lon="11.7965862"/>
  <node id="556715276" lat="48.3502582" lon="11.7959561">
    <tag k="aeroway" v="holding_position"/>
    <tag k="holding_position:type" v="intermediate"/>
  </node>
  <node id="556715291" lat="48.3510146" lon="11.7971664">
    <tag k="aeroway" v="holding_position"/>
    <tag k="holding_position:type" v="intermediate"/>
  </node>
  <node id="556715326" lat="48.3510881" lon="11.7911386"/>
  <node id="556715369" lat="48.3538773" lon="11.7960044"/>
  <node id="556715371" lat="48.3540731" lon="11.7958980"/>
  <node id="556715376" lat="48.3544496" lon="11.7952287"/>
  <node id="556715382" lat="48.3546806" lon="11.7947779"/>
  <node id="556715384" lat="48.3537748" lon="11.7946616"/>
  <node id="556715389" lat="48.3540488" lon="11.7947515"/>
  <node id="556715401" lat="48.3550241" lon="11.7944381"/>
  <node id="556715408" lat="48.3547786" lon="11.7946015"/>
  <node id="556715411" lat="48.3548648" lon="11.7957074"/>
  <node id="556715449" lat="48.3591328" lon="11.7936328"/>
  <node id="556715463" lat="48.3585988" lon="11.7945138">
    <tag k="aeroway" v="holding_position"/>
    <tag k="holding_position:type" v="intermediate"/>
  </node>
  <node id="556715470" lat="48.3586504" lon="11.7951816">
    <tag k="aeroway" v="holding_position"/>
    <tag k="holding_position:type" v="intermediate"/>
  </node>
  <node id="556715491" lat="48.3595060" lon="11.7950273"/>
  <node id="556715566" lat="48.3584748" lon="11.8051721"/>
  <node id="1380644021" lat="48.3430814" lon="11.7821674"/>
  <node id="1380644025" lat="48.3435826" lon="11.7585580"/>
  <node id="1380644027" lat="48.3445253" lon="11.7751424"/>
  <node id="1380644030" lat="48.3632884" lon="11.8054947"/>
  <node id="1380644032" lat="48.3631121" lon="11.8192621"/>
  <node id="1380644035" lat="48.3633971" lon="11.8215258"/>
  <node id="1380644042" lat="48.3636366" lon="11.8229366"/>
  <node id="1380644044" lat="48.3637823" lon="11.8124988"/>
  <node id="1380644046" lat="48.3641952" lon="11.8258409"/>
  <node id="1396532428" lat="48.3588278" lon="11.7768920"/>
  <node id="1396532431" lat="48.3601724" lon="11.7949100"/>
  <node id="1396532434" lat="48.3589742" lon="11.7785071"/>
  <node id="1396532435" lat="48.3600843" lon="11.7933003"/>
  <node id="1396540245" lat="48.3480225" lon="11.7787803">
    <tag k="aeroway" v="holding_position"/>
    <tag k="direction" v="both"/>
    <tag k="holding_position:type" v="intermediate"/>
    <tag k="name" v="Entry point S5"/>
    <tag k="ref" v="S5"/>
  </node>
  <node id="1396540247" lat="48.3481426" lon="11.7803841">
    <tag k="aeroway" v="holding_position"/>
    <tag k="direction" v="both"/>
    <tag k="holding_position:type" v="intermediate"/>
    <tag k="name" v="Entry point S6"/>
    <tag k="ref" v="S6"/>
  </node>
  <node id="1396540249" lat="48.3476205" lon="11.7804765"/>
  <node id="1396540251" lat="48.3475117" lon="11.7788657"/>
  <node id="1401190145" lat="48.3442864" lon="11.7487463">
    <tag k="aeroway" v="holding_position"/>
    <tag k="holding_position:type" v="intermediate"/>
  </node>
  <node id="1401190146" lat="48.3440505" lon="11.7458384"/>
  <node id="1401190148" lat="48.3439893" lon="11.7506429">
    <tag k="aeroway" v="holding_position"/>
    <tag k="holding_position:type" v="intermediate"/>
  </node>
  <node id="1401190150" lat="48.3592449" lon="11.7711898"/>
  <node id="1401190151" lat="48.3444965" lon="11.7513094"/>
  <node id="1401190153" lat="48.3597567" lon="11.7699889"/>
  <node id="1401257655" lat="48.3601525" lon="11.7665820"/>
  <node id="1495882713" lat="48.3598091" lon="11.7637023"/>
  <node id="1495882755" lat="48.3587259" lon="11.7642432"/>
  <node id="1646349799" lat="48.3468374" lon="11.7741115"/>
  <node id="1646349855" lat="48.3475872" lon="11.7739799"/>
  <node id="1646349871" lat="48.3484760" lon="11.7955794"/>
  <node id="1646349874" lat="48.3485592" lon="11.7969214"/>
  <node id="1646354653" lat="48.3454641" lon="11.7869549"/>
  <node id="1646354655" lat="48.3458169" lon="11.7873245"/>
  <node id="1646372272" lat="48.3471991" lon="11.7633407"/>
  <node id="1646372279" lat="48.3472914" lon="11.7645322"/>
  <node id="1646372285" lat="48.3473821" lon="11.7657047"/>
  <node id="1736746550" lat="48.3408511" lon="11.7520374"/>
  <node id="1736746551" lat="48.3408966" lon="11.7523263"/>
  <node id="1736746552" lat="48.3409623" lon="11.7515320"/>
  <node id="1736746555" lat="48.3410060" lon="11.7519524"/>
  <node id="1736746558" lat="48.3411153" lon="11.7510293"/>
  <node id="1736746564" lat="48.3411406" lon="11.7516774"/>
  <node id="1736746578" lat="48.3412670" lon="11.7514841"/>
  <node id="1736746582" lat="48.3413538" lon="11.7505511"/>
  <node id="1736746593" lat="48.3416346" lon="11.7511349"/>
  <node id="1736746611" lat="48.3418194" lon="11.7496836"/>
  <node id="1736746616" lat="48.3419827" lon="11.7644057"/>
  <node id="1736746619" lat="48.3419448" lon="11.7509965"/>
  <node id="1736746625" lat="48.3421575" lon="11.7634823"/>
  <node id="1736746646" lat="48.3422655" lon="11.7493194"/>
  <node id="1736746661" lat="48.3428532" lon="11.7716438"/>
  <node id="1736746702" lat="48.3431327" lon="11.7753061"/>
  <node id="1736746771" lat="48.3431606" lon="11.7492440"/>
  <node id="1736746784" lat="48.3432928" lon="11.7493408"/>
  <node id="1736746787" lat="48.3434223" lon="11.7491034"/>
  <node id="1736746791" lat="48.3434613" lon="11.7497607"/>
  <node id="1736746813" lat="48.3435493" lon="11.7830353"/>
  <node id="1736746824" lat="48.3435952" lon="11.7537243">
    <tag k="aeroway" v="holding_position"/>
    <tag k="holding_position:type" v="intermediate"/>
  </node>
  <node id="1736746825" lat="48.3436216" lon="11.7535000"/>
  <node id="1736746827" lat="48.3436883" lon="11.7532592"/>
  <node id="1736746831" lat="48.3436594" lon="11.7491257"/>
  <node id="1736746842" lat="48.3437146" lon="11.7529751"/>
  <node id="1736746844" lat="48.3437253" lon="11.7582846"/>
  <node id="1736746863" lat="48.3438076" lon="11.7491703"/>
  <node id="1736746865" lat="48.3438481" lon="11.7581199"/>
  <node id="1736746902" lat="48.3439509" lon="11.7492669"/>
  <node id="1736746935" lat="48.3440809" lon="11.7579289"/>
  <node id="1736746936" lat="48.3440817" lon="11.7675156"/>
  <node id="1736746948" lat="48.3441426" lon="11.7494823"/>
  <node id="1736746967" lat="48.3442523" lon="11.7672755"/>
  <node id="1736746972" lat="48.3442837" lon="11.7497398"/>
  <node id="1736746988" lat="48.3444095" lon="11.7671293"/>
  <node id="1736746998" lat="48.3446212" lon="11.7480058"/>
  <node id="1736747015" lat="48.3446721" lon="11.8028574"/>
  <node id="1736747024" lat="48.3447719" lon="11.8024808"/>
  <node id="1736747036" lat="48.3447960" lon="11.7925510">
    <tag k="aeroway" v="holding_position"/>
    <tag k="holding_position:type" v="runway"/>
    <tag k="ref" v="26L B12"/>
  </node>
  <node id="1736747048" lat="48.3449201" lon="11.8026452"/>
  <node id="1736747052" lat="48.3449044" lon="11.8034331"/>
  <node id="1736747076" lat="48.3450312" lon="11.8027198"/>
  <node id="1736747099" lat="48.3453841" lon="11.8027471"/>
  <node id="1736747116" lat="48.3451534" lon="11.8037973"/>
  <node id="1736747189" lat="48.3454637" lon="11.8040526"/>
  <node id="1736747218" lat="48.3456537" lon="11.7803971"/>
  <node id="1736747261" lat="48.3457340" lon="11.8041740"/>
  <node id="1736747272" lat="48.3457893" lon="11.7805971"/>
  <node id="1736747291" lat="48.3458806" lon="11.7806688"/>
  <node id="1736747309" lat="48.3460775" lon="11.7807379"/>
  <node id="1736747310" lat="48.3460189" lon="11.8042027"/>
  <node id="1736747331" lat="48.3461101" lon="11.8055153"/>
  <node id="1736747341" lat="48.3462892" lon="11.7953630"/>
  <node id="1736747352" lat="48.3463498" lon="11.7574956"/>
  <node id="1736747364" lat="48.3464852" lon="11.7575371"/>
  <node id="1736747383" lat="48.3465726" lon="11.7575946"/>
  <node id="1736747384" lat="48.3466788" lon="11.8057146"/>
  <node id="1736747392" lat="48.3466501" lon="11.7955790"/>
  <node id="1736747393" lat="48.3466597" lon="11.7576913"/>
  <node id="1736747398" lat="48.3467208" lon="11.7578027"/>
  <node id="1736747403" lat="48.3467886" lon="11.7580381"/>
  <node id="1736747422" lat="48.3469150" lon="11.7968180"/>
  <node id="1736747432" lat="48.3470074" lon="11.7608647"/>
  <node id="1736747446" lat="48.3471496" lon="11.8056317"/>
  <node id="1736747453" lat="48.3470621" lon="11.7970299"/>
  <node id="1736747462" lat="48.3470353" lon="11.7666111"/>
  <node id="1736747469" lat="48.3471869" lon="11.7971087"/>
  <node id="1736747478" lat="48.3472183" lon="11.8007996">
    <tag k="aeroway" v="holding_position"/>
    <tag k="holding_position:type" v="intermediate"/>
  </node>
  <node id="1736747488" lat="48.3473774" lon="11.7971379"/>
  <node id="1736747531" lat="48.3476214" lon="11.8062158"/>
  <node id="1736747564" lat="48.3478424" lon="11.7947426">
    <tag k="aeroway" v="holding_position"/>
    <tag k="holding_position:type" v="intermediate"/>
  </node>
  <node id="1736747567" lat="48.3478789" lon="11.8081054"/>
  <node id="1736747572" lat="48.3479613" lon="11.7731861"/>
  <node id="1736747581" lat="48.3481289" lon="11.8035699"/>
  <node id="1736747592" lat="48.3482100" lon="11.7787457"/>
  <node id="1736747600" lat="48.3482213" lon="11.8034020"/>
  <node id="1736747612" lat="48.3482699" lon="11.7803607"/>
  <node id="1736747616" lat="48.3483300" lon="11.8031671"/>
  <node id="1736747621" lat="48.3483857" lon="11.8049507"/>
  <node id="1736747622" lat="48.3484122" lon="11.8028149"/>
  <node id="1736747639" lat="48.3485029" lon="11.8046163"/>
  <node id="1736747659" lat="48.3487161" lon="11.8080030"/>
  <node id="1736747664" lat="48.3488167" lon="11.8077398"/>
  <node id="1736759994" lat="48.3609774" lon="11.7680589">
    <tag k="aeroway" v="holding_position"/>
    <tag k="holding_position:type" v="ILS"/>
  </node>
  <node id="1736759996" lat="48.3616446" lon="11.7679652"/>
  <node id="1736759998" lat="48.3620753" lon="11.7681107"/>
  <node id="1736759999" lat="48.3622699" lon="11.7682651"/>
  <node id="1736760000" lat="48.3621304" lon="11.7694255"/>
  <node id="1736760001" lat="48.3624255" lon="11.7684139"/>
  <node id="1736760002" lat="48.3623332" lon="11.7694000"/>
  <node id="1736760003" lat="48.3624850" lon="11.7680208"/>
  <node id="1736760004" lat="48.3625934" lon="11.7686328"/>
  <node id="1736760005" lat="48.3626499" lon="11.7695440"/>
  <node id="1736760006" lat="48.3626768" lon="11.7684526"/>
  <node id="1736760007" lat="48.3627089" lon="11.7696020"/>
  <node id="1736760008" lat="48.3627616" lon="11.7690100"/>
  <node id="1736760010" lat="48.3628871" lon="11.7692230"/>
  <node id="1736760011" lat="48.3632939" lon="11.7807303"/>
  <node id="1736760012" lat="48.3638715" lon="11.7879402"/>
  <node id="1736760013" lat="48.3639497" lon="11.7926301"/>
  <node id="1736760014" lat="48.3639774" lon="11.7873886"/>
  <node id="1736760015" lat="48.3640885" lon="11.7864660"/>
  <node id="1736760016" lat="48.3643502" lon="11.7901991"/>
  <node id="1736760017" lat="48.3642336" lon="11.7935067"/>
  <node id="1736760018" lat="48.3644948" lon="11.7908768"/>
  <node id="1736760019" lat="48.3644975" lon="11.7919350"/>
  <node id="1736760020" lat="48.3645441" lon="11.7971008"/>
  <node id="1736760021" lat="48.3645189" lon="11.7904858"/>
  <node id="1736760022" lat="48.3646717" lon="11.7924766"/>
  <node id="1736760023" lat="48.3647737" lon="11.8009655"/>
  <node id="1736760024" lat="48.3648566" lon="11.7979843"/>
  <node id="1736760025" lat="48.3649210" lon="11.8002782"/>
  <node id="1736760026" lat="48.3650227" lon="11.7995764"/>
  <node id="1736760027" lat="48.3653095" lon="11.8079413"/>
  <node id="1736760028" lat="48.3655408" lon="11.8067147"/>
  <node id="1736760029" lat="48.3656201" lon="11.8059849"/>
  <node id="1736760030" lat="48.3661175" lon="11.8208871"/>
  <node id="1736760031" lat="48.3661262" lon="11.8197356"/>
  <node id="1736760032" lat="48.3663199" lon="11.8206446"/>
  <node id="1736760033" lat="48.3663955" lon="11.8212253"/>
  <node id="1736760034" lat="48.3663546" lon="11.8196140"/>
  <node id="1736760035" lat="48.3664408" lon="11.8204331"/>
  <node id="1736760036" lat="48.3665356" lon="11.8208203"/>
  <node id="1736760037" lat="48.3665716" lon="11.8200972"/>
  <node id="1736760038" lat="48.3665888" lon="11.8192626"/>
  <node id="1736760039" lat="48.3666555" lon="11.8203460"/>
  <node id="1736760040" lat="48.3666960" lon="11.8195651"/>
  <node id="1736760041" lat="48.3666692" lon="11.8190117"/>
  <node id="1736760042" lat="48.3667218" lon="11.8191928"/>
  <node id="1736760043" lat="48.3667275" lon="11.8197928"/>
  <node id="1736766205" lat="48.3441365" lon="11.7505683"/>
  <node id="1736766206" lat="48.3441437" lon="11.7506591"/>
  <node id="1736766207" lat="48.3441902" lon="11.7475165"/>
  <node id="1736766208" lat="48.3442270" lon="11.7504688"/>
  <node id="1736766209" lat="48.3442385" lon="11.7507110"/>
  <node id="1736766211" lat="48.3443089" lon="11.7503369"/>
  <node id="1736766214" lat="48.3443419" lon="11.7508174"/>
  <node id="1736766216" lat="48.3443650" lon="11.7502029"/>
  <node id="1736766217" lat="48.3444460" lon="11.7510489"/>
  <node id="1736766226" lat="48.3464574" lon="11.7574268"/>
  <node id="1736766227" lat="48.3465302" lon="11.7573552"/>
  <node id="1736766228" lat="48.3465810" lon="11.7572818"/>
  <node id="1736766229" lat="48.3466298" lon="11.7571839"/>
  <node id="1736766230" lat="48.3466732" lon="11.7570623"/>
  <node id="1736766231" lat="48.3466954" lon="11.7568335"/>
  <node id="1736766232" lat="48.3471262" lon="11.7665601"/>
  <node id="1736766233" lat="48.3471734" lon="11.7666527"/>
  <node id="1736766234" lat="48.3472038" lon="11.7664850"/>
  <node id="1736766235" lat="48.3472474" lon="11.7666943"/>
  <node id="1736766236" lat="48.3472679" lon="11.7663938"/>
  <node id="1736766238" lat="48.3473223" lon="11.7663053"/>
  <node id="1736766239" lat="48.3473749" lon="11.7668391"/>
  <node id="1736766240" lat="48.3473580" lon="11.7661954"/>
  <node id="1736766241" lat="48.3473776" lon="11.7661243"/>
  <node id="1736766242" lat="48.3474021" lon="11.7659629"/>
  <node id="1736766244" lat="48.3474453" lon="11.7669652"/>
  <node id="1736766246" lat="48.3474756" lon="11.7670698"/>
  <node id="1736766247" lat="48.3474954" lon="11.7671673"/>
  <node id="1736766251" lat="48.3477324" lon="11.7739023"/>
  <node id="1736766253" lat="48.3478973" lon="11.7736575"/>
  <node id="1736766256" lat="48.3479461" lon="11.7735107"/>
  <node id="1736766257" lat="48.3479658" lon="11.7733551"/>
  <node id="1736766268" lat="48.3486398" lon="11.7793307"/>
  <node id="1736766275" lat="48.3487651" lon="11.7809547">
    <tag k="aeroway" v="holding_position"/>
    <tag k="holding_position:type" v="intermediate"/>
  </node>
  <node id="1736766277" lat="48.3488201" lon="11.7816690"/>
  <node id="1736766281" lat="48.3490271" lon="11.7785960"/>
  <node id="1736766283" lat="48.3493584" lon="11.7823157"/>
  <node id="1736766284" lat="48.3572474" lon="11.7771766">
    <tag k="aeroway" v="holding_position"/>
    <tag k="holding_position:type" v="intermediate"/>
  </node>
  <node id="1736766292" lat="48.3577512" lon="11.7777792"/>
  <node id="1736766307" lat="48.3581471" lon="11.7770175"/>
  <node id="1736766312" lat="48.3582747" lon="11.7786335"/>
  <node id="2232518217" lat="48.3454070" lon="11.7809648"/>
  <node id="2232530845" lat="48.3512974" lon="11.7782051">
    <tag k="aeroway" v="holding_position"/>
    <tag k="holding_position:type" v="intermediate"/>
  </node>
  <node id="2232530851" lat="48.3515827" lon="11.7819344"/>
  <node id="2232530853" lat="48.3518121" lon="11.7788001">
    <tag k="aeroway" v="holding_position"/>
    <tag k="holding_position:type" v="intermediate"/>
  </node>
  <node id="2232530862" lat="48.3519956" lon="11.7811733">
    <tag k="aeroway" v="holding_position"/>
    <tag k="holding_position:type" v="intermediate"/>
  </node>
  <node id="2232530863" lat="48.3522139" lon="11.7780394">
    <tag k="aeroway" v="holding_position"/>
    <tag k="holding_position:type" v="intermediate"/>
  </node>
  <node id="2232530867" lat="48.3524953" lon="11.7817733"/>
  <node id="2232530877" lat="48.3543309" lon="11.7776766">
    <tag k="aeroway" v="holding_position"/>
    <tag k="holding_position:type" v="intermediate"/>
  </node>
  <node id="2232530895" lat="48.3552294" lon="11.7775215">
    <tag k="aeroway" v="holding_position"/>
    <tag k="holding_position:type" v="intermediate"/>
  </node>
  <node id="2234359287" lat="48.3454672" lon="11.7800290"/>
  <node id="2234359289" lat="48.3455920" lon="11.7796159"/>
  <node id="2234359291" lat="48.3456657" lon="11.7794531"/>
  <node id="2234359292" lat="48.3457525" lon="11.7793090"/>
  <node id="2234359293" lat="48.3458840" lon="11.7791731"/>
  <node id="2234359295" lat="48.3459813" lon="11.7791227"/>
  <node id="2234359297" lat="48.3539304" lon="11.7946795"/>
  <node id="2234359300" lat="48.3541663" lon="11.7957831"/>
  <node id="2234359302" lat="48.3548855" lon="11.7945038"/>
  <node id="2234359304" lat="48.3583453" lon="11.8029778"/>
  <node id="2234359312" lat="48.3589587" lon="11.7937639"/>
  <node id="2234359327" lat="48.3592838" lon="11.7934599"/>
  <node id="2234853958" lat="48.3591382" lon="11.7672738"/>
  <node id="2234853961" lat="48.3594782" lon="11.7685316"/>
  <node id="2234853962" lat="48.3597596" lon="11.7666545"/>
  <node id="2234853963" lat="48.3598544" lon="11.7673123">
    <tag k="aeroway" v="holding_position"/>
    <tag k="holding_position:type" v="intermediate"/>
  </node>
  <node id="2234853964" lat="48.3599100" lon="11.7668588"/>
  <node id="2234853965" lat="48.3603359" lon="11.7713929"/>
  <node id="2234853966" lat="48.3618260" lon="11.7946224"/>
  <node id="2234853967" lat="48.3620179" lon="11.7943815"/>
  <node id="2234853968" lat="48.3622874" lon="11.7930248"/>
  <node id="2234853969" lat="48.3624060" lon="11.7930916"/>
  <node id="2234853970" lat="48.3625774" lon="11.7932280"/>
  <node id="2234853971" lat="48.3628310" lon="11.7980092"/>
  <node id="2234853972" lat="48.3627820" lon="11.7935266">
    <tag k="aeroway" v="holding_position"/>
    <tag k="holding_position:type" v="intermediate"/>
  </node>
  <node id="2234853973" lat="48.3632049" lon="11.8213679"/>
  <node id="2234853974" lat="48.3633666" lon="11.8226254"/>
  <node id="2234853975" lat="48.3637343" lon="11.8200029"/>
  <node id="2234853976" lat="48.3639498" lon="11.8230747"/>
  <node id="2316493457" lat="48.3433927" lon="11.7495081"/>
  <node id="2316493458" lat="48.3441385" lon="11.7521701"/>
  <node id="2316493459" lat="48.3442496" lon="11.7521745"/>
  <node id="2316493460" lat="48.3443607" lon="11.7522163"/>
  <node id="2316493461" lat="48.3444604" lon="11.7523150"/>
  <node id="2316493462" lat="48.3445443" lon="11.7524576"/>
  <node id="2316493463" lat="48.3445950" lon="11.7526122"/>
  <node id="2316493464" lat="48.3447441" lon="11.7747150"/>
  <node id="2316493465" lat="48.3449447" lon="11.7745252"/>
  <node id="2316493466" lat="48.3449998" lon="11.7734746"/>
  <node id="2316493467" lat="48.3452033" lon="11.7811863"/>
  <node id="2316493468" lat="48.3453914" lon="11.8046801"/>
  <node id="2316493494" lat="48.3474425" lon="11.8014787"/>
  <node id="2316493497" lat="48.3474782" lon="11.7954863"/>
  <node id="2316493504" lat="48.3476988" lon="11.8048207"/>
  <node id="2316493526" lat="48.3482789" lon="11.8011919"/>
  <node id="2316493566" lat="48.3494466" lon="11.7917826"/>
  <node id="2316493568" lat="48.3494602" lon="11.7930522"/>
  <node id="2316510626" lat="48.3412637" lon="11.7527286"/>
  <node id="2316510628" lat="48.3414853" lon="11.7526392"/>
  <node id="2316510630" lat="48.3408860" lon="11.7536139"/>
  <node id="2316510632" lat="48.3410362" lon="11.7529761"/>
  <node id="2364708965" lat="48.3635443" lon="11.7813890"/>
  <node id="2364708966" lat="48.3637015" lon="11.7953791"/>
  <node id="2364708967" lat="48.3637416" lon="11.7820858"/>
  <node id="2364708968" lat="48.3659574" lon="11.8210188"/>
  <node id="2364708969" lat="48.3664960" lon="11.8194648"/>
  <node id="2364708970" lat="48.3666436" lon="11.8198647"/>
  <node id="2367197187" lat="48.3499263" lon="11.7953368"/>
  <node id="2367197197" lat="48.3500181" lon="11.7961537"/>
  <node id="2367197200" lat="48.3500038" lon="11.7958536"/>
  <node id="2367197203" lat="48.3501648" lon="11.7959573"/>
  <node id="2367197237" lat="48.3541495" lon="11.7948615"/>
  <node id="2367197240" lat="48.3542107" lon="11.7956954"/>
  <node id="2367197242" lat="48.3542332" lon="11.7950430"/>
  <node id="2367197245" lat="48.3542521" lon="11.7955497"/>
  <node id="2367197248" lat="48.3542608" lon="11.7951711"/>
  <node id="2367197251" lat="48.3542750" lon="11.7953527"/>
  <node id="2367197254" lat="48.3546227" lon="11.7951379"/>
  <node id="2367197257" lat="48.3546369" lon="11.7949528"/>
  <node id="2367197260" lat="48.3546416" lon="11.7953159"/>
  <node id="2367197263" lat="48.3546731" lon="11.7954334"/>
  <node id="2367197266" lat="48.3547335" lon="11.7955702"/>
  <node id="2367197269" lat="48.3549744" lon="11.7957680"/>
  <node id="2367215607" lat="48.3509546" lon="11.7964722"/>
  <node id="2367215608" lat="48.3509605" lon="11.7962945"/>
  <node id="2367215609" lat="48.3509873" lon="11.7961746"/>
  <node id="2367215610" lat="48.3510204" lon="11.7960785"/>
  <node id="2367215611" lat="48.3510662" lon="11.7959883"/>
  <node id="2367215612" lat="48.3511151" lon="11.7959147"/>
  <node id="2367215613" lat="48.3511955" lon="11.7958400"/>
  <node id="2367215614" lat="48.3512805" lon="11.7957772"/>
  <node id="2367215633" lat="48.3583175" lon="11.8031062"/>
  <node id="2367215640" lat="48.3583631" lon="11.8029426"/>
  <node id="2367215641" lat="48.3583821" lon="11.8039938"/>
  <node id="2367215659" lat="48.3590289" lon="11.7937284"/>
  <node id="2367215663" lat="48.3592029" lon="11.7935333"/>
  <node id="2367215665" lat="48.3593914" lon="11.7934125"/>
  <node id="2367267992" lat="48.3448968" lon="11.8037772"/>
  <node id="2367267993" lat="48.3452007" lon="11.8027648"/>
  <node id="2367267995" lat="48.3452732" lon="11.8045226"/>
  <node id="2367267996" lat="48.3465281" lon="11.8057168"/>
  <node id="2367267998" lat="48.3469797" lon="11.7969302"/>
  <node id="2367268002" lat="48.3472644" lon="11.8009990"/>
  <node id="2367268003" lat="48.3472803" lon="11.7971338"/>
  <node id="2367268004" lat="48.3474030" lon="11.8013524"/>
  <node id="2367268005" lat="48.3474697" lon="11.8016344"/>
  <node id="2367268006" lat="48.3475582" lon="11.7954682"/>
  <node id="2367268008" lat="48.3475818" lon="11.8023610"/>
  <node id="2367268009" lat="48.3475992" lon="11.7970940"/>
  <node id="2367268011" lat="48.3476082" lon="11.7955044"/>
  <node id="2367268013" lat="48.3476427" lon="11.8023282"/>
  <node id="2367268014" lat="48.3476506" lon="11.7954316"/>
  <node id="2367268016" lat="48.3476716" lon="11.7970540"/>
  <node id="2367268017" lat="48.3476963" lon="11.7955658"/>
  <node id="2367268019" lat="48.3476938" lon="11.8050706"/>
  <node id="2367268021" lat="48.3477309" lon="11.7953535"/>
  <node id="2367268022" lat="48.3477465" lon="11.7969938"/>
  <node id="2367268024" lat="48.3477467" lon="11.7971312"/>
  <node id="2367268026" lat="48.3477887" lon="11.8079476"/>
  <node id="2367268027" lat="48.3477904" lon="11.7956664"/>
  <node id="2367268029" lat="48.3478219" lon="11.7951774"/>
  <node id="2367268030" lat="48.3478165" lon="11.8055121"/>
  <node id="2367268032" lat="48.3478233" lon="11.8038464"/>
  <node id="2367268034" lat="48.3478460" lon="11.7968694"/>
  <node id="2367268035" lat="48.3478603" lon="11.7950031"/>
  <node id="2367268037" lat="48.3478800" lon="11.7958202"/>
  <node id="2367268039" lat="48.3478809" lon="11.7972425"/>
  <node id="2367268040" lat="48.3479196" lon="11.7966867"/>
  <node id="2367268042" lat="48.3479449" lon="11.7960621"/>
  <node id="2367268043" lat="48.3479645" lon="11.7963189"/>
  <node id="2367268045" lat="48.3479576" lon="11.8081757"/>
  <node id="2367268047" lat="48.3479736" lon="11.7964433"/>
  <node id="2367268048" lat="48.3479844" lon="11.7961238"/>
  <node id="2367268050" lat="48.3479850" lon="11.7974088"/>
  <node id="2367268052" lat="48.3480429" lon="11.7959281"/>
  <node id="2367268053" lat="48.3480462" lon="11.7966770"/>
  <node id="2367268055" lat="48.3480517" lon="11.7973635"/>
  <node id="2367268057" lat="48.3480527" lon="11.7976324"/>
  <node id="2367268058" lat="48.3480698" lon="11.8053705"/>
  <node id="2367268060" lat="48.3481300" lon="11.7957794"/>
  <node id="2367268062" lat="48.3481193" lon="11.7971615"/>
  <node id="2367268063" lat="48.3481469" lon="11.7968247"/>
  <node id="2367268065" lat="48.3481576" lon="11.8082445"/>
  <node id="2367268066" lat="48.3482854" lon="11.7956434"/>
  <node id="2367268068" lat="48.3482314" lon="11.8013418"/>
  <node id="2367268070" lat="48.3482444" lon="11.7970131"/>
  <node id="2367268072" lat="48.3482781" lon="11.8051447"/>
  <node id="2367268073" lat="48.3482813" lon="11.7969180"/>
  <node id="2367268075" lat="48.3484076" lon="11.7969498"/>
  <node id="2367268076" lat="48.3484479" lon="11.8047939"/>
  <node id="2367268088" lat="48.3485531" lon="11.8043273"/>
  <node id="2367268091" lat="48.3486417" lon="11.8081012"/>
  <node id="2367268094" lat="48.3487796" lon="11.8078791"/>
  <node id="2367268096" lat="48.3488299" lon="11.8076364"/>
  <node id="2367268099" lat="48.3493335" lon="11.7823175">
    <tag k="aeroway" v="holding_position"/>
    <tag k="holding_position:type" v="intermediate"/>
  </node>
  <node id="2367301128" lat="48.3613390" lon="11.7768544"/>
  <node id="2367301129" lat="48.3617075" lon="11.7848379"/>
  <node id="2367301130" lat="48.3619400" lon="11.7945220"/>
  <node id="2367301131" lat="48.3619486" lon="11.7850193"/>
  <node id="2367301132" lat="48.3621452" lon="11.7929862"/>
  <node id="2367301133" lat="48.3629321" lon="11.8189745"/>
  <node id="2367301134" lat="48.3630005" lon="11.8191202"/>
  <node id="2367301135" lat="48.3631275" lon="11.8212444"/>
  <node id="2367301136" lat="48.3632211" lon="11.8223249"/>
  <node id="2367301137" lat="48.3633082" lon="11.8214697"/>
  <node id="2367301138" lat="48.3634233" lon="11.8255552"/>
  <node id="2367301139" lat="48.3634932" lon="11.8227921"/>
  <node id="2367301140" lat="48.3635735" lon="11.8215439">
    <tag k="aeroway" v="holding_position"/>
    <tag k="holding_position:type" v="intermediate"/>
  </node>
  <node id="2367301141" lat="48.3636385" lon="11.8258745"/>
  <node id="2367301142" lat="48.3637899" lon="11.8230215"/>
  <node id="2367301143" lat="48.3638122" lon="11.8200586"/>
  <node id="2367301144" lat="48.3638636" lon="11.8196700"/>
  <node id="2367301145" lat="48.3638739" lon="11.8195203"/>
  <node id="2367301146" lat="48.3639049" lon="11.8193727"/>
  <node id="2367301147" lat="48.3639514" lon="11.8191997"/>
  <node id="2367301148" lat="48.3639785" lon="11.8190365"/>
  <node id="2367301149" lat="48.3639826" lon="11.8189102">
    <tag k="aeroway" v="holding_position"/>
    <tag k="holding_position:type" v="intermediate"/>
  </node>
  <node id="2367301150" lat="48.3640772" lon="11.8230796"/>
  <node id="2367301151" lat="48.3640998" lon="11.8227120"/>
  <node id="2367301152" lat="48.3642921" lon="11.8257701"/>
  <node id="2367301153" lat="48.3643570" lon="11.8237209">
    <tag k="aeroway" v="holding_position"/>
    <tag k="holding_position:type" v="intermediate"/>
  </node>
  <node id="2367301154" lat="48.3644294" lon="11.8255269"/>
  <node id="2367301155" lat="48.3644669" lon="11.8253785"/>
  <node id="2367319714" lat="48.3588883" lon="11.7638670"/>
  <node id="2367319719" lat="48.3590349" lon="11.7676283"/>
  <node id="2367319721" lat="48.3590553" lon="11.7637703"/>
  <node id="2367319723" lat="48.3591584" lon="11.7692579"/>
  <node id="2367319725" lat="48.3592372" lon="11.7689664"/>
  <node id="2367319727" lat="48.3592790" lon="11.7709259"/>
  <node id="2367319729" lat="48.3593508" lon="11.7687216"/>
  <node id="2367319731" lat="48.3593771" lon="11.7707044"/>
  <node id="2367319733" lat="48.3596078" lon="11.7683990"/>
  <node id="2367319734" lat="48.3597575" lon="11.7683038"/>
  <node id="2367319736" lat="48.3598935" lon="11.7698414"/>
  <node id="2367319738" lat="48.3599283" lon="11.7637942"/>
  <node id="2367319740" lat="48.3600953" lon="11.7705650">
    <tag k="aeroway" v="holding_position"/>
    <tag k="holding_position:type" v="intermediate"/>
  </node>
  <node id="2367319743" lat="48.3601389" lon="11.7708035"/>
  <node id="2367319746" lat="48.3602836" lon="11.7711154"/>
  <node id="2367319749" lat="48.3607328" lon="11.7656905"/>
  <node id="2367319751" lat="48.3608263" lon="11.7664587"/>
  <node id="2367319754" lat="48.3609485" lon="11.7660405"/>
  <node id="2367319757" lat="48.3610742" lon="11.7664552"/>
  <node id="2367319760" lat="48.3612715" lon="11.7665241"/>
  <node id="2367319763" lat="48.3627922" lon="11.7688315"/>
  <node id="2367319769" lat="48.3628547" lon="11.7698376"/>
  <node id="2367319771" lat="48.3631460" lon="11.8056082"/>
  <node id="2367319773" lat="48.3635021" lon="11.8052262"/>
  <node id="2367319775" lat="48.3640085" lon="11.8200977"/>
  <node id="2367319777" lat="48.3640336" lon="11.8121984"/>
  <node id="2367319779" lat="48.3650142" lon="11.7985902"/>
  <node id="2367319780" lat="48.3650790" lon="11.7987743"/>
  <node id="2367319782" lat="48.3650958" lon="11.7980036"/>
  <node id="2367319784" lat="48.3651365" lon="11.7991907"/>
  <node id="2367319785" lat="48.3653657" lon="11.8228257"/>
  <node id="2367319787" lat="48.3654408" lon="11.8073288"/>
  <node id="2367319789" lat="48.3655154" lon="11.8227324"/>
  <node id="2367319791" lat="48.3656910" lon="11.8225478"/>
  <node id="2367319793" lat="48.3658291" lon="11.8223185"/>
  <node id="2368279478" lat="48.3494546" lon="11.7929222"/>
  <node id="2368279514" lat="48.3626325" lon="11.7982049"/>
  <node id="2368279515" lat="48.3629417" lon="11.7978464"/>
  <node id="2368279516" lat="48.3645305" lon="11.7912497"/>
  <node id="2368279517" lat="48.3646207" lon="11.7918121"/>
  <node id="2368292714" lat="48.3451954" lon="11.7813679"/>
  <node id="2368292715" lat="48.3453236" lon="11.7813174"/>
  <node id="2368292716" lat="48.3454089" lon="11.7868450">
    <tag k="aeroway" v="holding_position"/>
    <tag k="holding_position:type" v="intermediate"/>
  </node>
  <node id="2368292717" lat="48.3454597" lon="11.7813367"/>
  <node id="2368292718" lat="48.3455255" lon="11.7869795"/>
  <node id="2368292719" lat="48.3455830" lon="11.7814225"/>
  <node id="2368292720" lat="48.3455854" lon="11.7871302"/>
  <node id="2368292721" lat="48.3456413" lon="11.7870206"/>
  <node id="2368292722" lat="48.3456823" lon="11.7815636"/>
  <node id="2368292723" lat="48.3457357" lon="11.7814769">
    <tag k="aeroway" v="holding_position"/>
    <tag k="holding_position:type" v="intermediate"/>
  </node>
  <node id="2368292724" lat="48.3457367" lon="11.7813302"/>
  <node id="2368292725" lat="48.3457594" lon="11.7817863"/>
  <node id="2368292726" lat="48.3457557" lon="11.7870245"/>
  <node id="2368292727" lat="48.3457792" lon="11.7811151"/>
  <node id="2368292728" lat="48.3458547" lon="11.7809500"/>
  <node id="2368292729" lat="48.3458650" lon="11.7869893"/>
  <node id="2368292730" lat="48.3459387" lon="11.7808365"/>
  <node id="2368292731" lat="48.3459627" lon="11.7807131"/>
  <node id="2368292732" lat="48.3459742" lon="11.7868836"/>
  <node id="2368292733" lat="48.3459937" lon="11.7873904"/>
  <node id="2368292734" lat="48.3460567" lon="11.7867348">
    <tag k="aeroway" v="holding_position"/>
    <tag k="holding_position:type" v="intermediate"/>
  </node>
  <node id="2368292735" lat="48.3461180" lon="11.7864274"/>
  <node id="2368292736" lat="48.3461454" lon="11.7867843"/>
  <node id="2368292737" lat="48.3461719" lon="11.7869013"/>
  <node id="2368292738" lat="48.3462350" lon="11.7879440"/>
  <node id="2368292739" lat="48.3462524" lon="11.7877237"/>
  <node id="2368292740" lat="48.3462639" lon="11.7871114"/>
  <node id="2368292741" lat="48.3463038" lon="11.7875675"/>
  <node id="2368292742" lat="48.3463593" lon="11.7872242"/>
  <node id="2368292743" lat="48.3463518" lon="11.7874892"/>
  <node id="2368292744" lat="48.3464471" lon="11.7873908"/>
  <node id="2368292745" lat="48.3464469" lon="11.7872880"/>
  <node id="2368292746" lat="48.3466197" lon="11.7873260"/>
  <node id="2368292747" lat="48.3467684" lon="11.7949262">
    <tag k="aeroway" v="holding_position"/>
    <tag k="holding_position:type" v="intermediate"/>
  </node>
  <node id="2368292748" lat="48.3467934" lon="11.7950777"/>
  <node id="2368292749" lat="48.3468525" lon="11.7952481"/>
  <node id="2368292750" lat="48.3468726" lon="11.7962328"/>
  <node id="2368292751" lat="48.3468947" lon="11.7959992"/>
  <node id="2368292752" lat="48.3469229" lon="11.7953553"/>
  <node id="2368292753" lat="48.3469433" lon="11.7958391"/>
  <node id="2368292755" lat="48.3469935" lon="11.7978232"/>
  <node id="2368292756" lat="48.3470372" lon="11.7956832"/>
  <node id="2368292757" lat="48.3470245" lon="11.7975745"/>
  <node id="2368292758" lat="48.3470630" lon="11.7954759"/>
  <node id="2368292759" lat="48.3470410" lon="11.7873009"/>
  <node id="2368292760" lat="48.3470638" lon="11.7871918"/>
  <node id="2368292761" lat="48.3470883" lon="11.7974040"/>
  <node id="2368292762" lat="48.3470938" lon="11.7956109"/>
  <node id="2368292763" lat="48.3471337" lon="11.7973258"/>
  <node id="2368292764" lat="48.3471389" lon="11.7873747"/>
  <node id="2368292765" lat="48.3471426" lon="11.7870694"/>
  <node id="2368292766" lat="48.3472019" lon="11.7972433"/>
  <node id="2368292767" lat="48.3471978" lon="11.7869338"/>
  <node id="2368292768" lat="48.3472393" lon="11.7955280"/>
  <node id="2368292769" lat="48.3472245" lon="11.7867064"/>
  <node id="2368292770" lat="48.3472309" lon="11.7875082"/>
  <node id="2368292771" lat="48.3472791" lon="11.7971805"/>
  <node id="2368292772" lat="48.3473063" lon="11.7877906"/>
  <node id="2368292807" lat="48.3563936" lon="11.8009918"/>
  <node id="2368313741" lat="48.3482943" lon="11.7956130"/>
  <node id="2368322731" lat="48.3437061" lon="11.7531588"/>
  <node id="3632267847" lat="48.3521211" lon="11.8018446"/>
  <node id="3632267886" lat="48.3534938" lon="11.8016100"/>
  <node id="3632267888" lat="48.3531240" lon="11.8016751"/>
  <node id="3632267892" lat="48.3523558" lon="11.8018037"/>
  <node id="3632268495" lat="48.3547412" lon="11.8012791"/>
  <node id="3632268497" lat="48.3551561" lon="11.8012066"/>
  <node id="3632268499" lat="48.3555738" lon="11.8011331"/>
  <node id="3632268502" lat="48.3567110" lon="11.8009359"/>
  <node id="3632268512" lat="48.3571873" lon="11.7954310"/>
  <node id="3632268514" lat="48.3568143" lon="11.7954979"/>
  <node id="3632268516" lat="48.3564438" lon="11.7955633"/>
  <node id="3632268517" lat="48.3560759" lon="11.7956291"/>
  <node id="3632268519" lat="48.3557190" lon="11.7956916"/>
  <node id="3632268521" lat="48.3556302" lon="11.7957073"/>
  <node id="3632268523" lat="48.3552247" lon="11.7957787"/>
  <node id="3632268525" lat="48.3551025" lon="11.7958004"/>
  <node id="3632268529" lat="48.3545916" lon="11.7958856"/>
  <node id="3632268533" lat="48.3540623" lon="11.7959733"/>
  <node id="3632268535" lat="48.3539463" lon="11.7959926"/>
  <node id="3632268537" lat="48.3535247" lon="11.7960660"/>
  <node id="3632268539" lat="48.3534407" lon="11.7960806"/>
  <node id="3632268541" lat="48.3530685" lon="11.7961456"/>
  <node id="3632268543" lat="48.3526994" lon="11.7962100"/>
  <node id="3632268545" lat="48.3523399" lon="11.7962712"/>
  <node id="3632268547" lat="48.3519673" lon="11.7963396"/>
  <node id="3632268550" lat="48.3588667" lon="11.7937806"/>
  <node id="3632268592" lat="48.3540878" lon="11.7946058"/>
  <node id="3632268620" lat="48.3507476" lon="11.7951949"/>
  <node id="3632268628" lat="48.3482643" lon="11.8033091"/>
  <node id="3632268629" lat="48.3482147" lon="11.8033779"/>
  <node id="3632268630" lat="48.3481582" lon="11.8034310"/>
  <node id="3632268631" lat="48.3480959" lon="11.8034681"/>
  <node id="3632268632" lat="48.3480449" lon="11.8034895">
    <tag k="aeroway" v="holding_position"/>
    <tag k="holding_position:type" v="intermediate"/>
  </node>
  <node id="3632268633" lat="48.3479700" lon="11.8035035"/>
  <node id="3632268634" lat="48.3478971" lon="11.8034982"/>
  <node id="3632268635" lat="48.3478242" lon="11.8034699"/>
  <node id="3632268636" lat="48.3477877" lon="11.8034433"/>
  <node id="3632268637" lat="48.3477207" lon="11.8033903"/>
  <node id="3632268638" lat="48.3476654" lon="11.8033195"/>
  <node id="3632268639" lat="48.3476172" lon="11.8032204"/>
  <node id="3632268640" lat="48.3475855" lon="11.8031248"/>
  <node id="3632268641" lat="48.3475604" lon="11.8030501"/>
  <node id="3632268642" lat="48.3475596" lon="11.8028806"/>
  <node id="3632268643" lat="48.3475772" lon="11.8027143"/>
  <node id="3632268644" lat="48.3475984" lon="11.8026099"/>
  <node id="3632268645" lat="48.3476290" lon="11.8025196"/>
  <node id="3632268646" lat="48.3476819" lon="11.8023851"/>
  <node id="3632268647" lat="48.3480410" lon="11.8036761"/>
  <node id="3632268648" lat="48.3479353" lon="11.8037992"/>
  <node id="3632268649" lat="48.3478656" lon="11.8039187"/>
  <node id="3632268650" lat="48.3478172" lon="11.8040295"/>
  <node id="3632268651" lat="48.3477610" lon="11.8041723"/>
  <node id="3632268652" lat="48.3477300" lon="11.8042860"/>
  <node id="3632268653" lat="48.3477067" lon="11.8044143"/>
  <node id="3632268654" lat="48.3476931" lon="11.8045147"/>
  <node id="3632268655" lat="48.3476904" lon="11.8046939"/>
  <node id="3632268656" lat="48.3469947" lon="11.8040366"/>
  <node id="3632268657" lat="48.3471050" lon="11.8040303"/>
  <node id="3632268658" lat="48.3471838" lon="11.8040320"/>
  <node id="3632268659" lat="48.3472603" lon="11.8040462"/>
  <node id="3632268660" lat="48.3473426" lon="11.8040763"/>
  <node id="3632268661" lat="48.3474339" lon="11.8041398"/>
  <node id="3632268662" lat="48.3475025" lon="11.8042150"/>
  <node id="3632268663" lat="48.3475746" lon="11.8043224"/>
  <node id="3632268664" lat="48.3476338" lon="11.8044578"/>
  <node id="3632268665" lat="48.3476638" lon="11.8045738"/>
  <node id="3632268666" lat="48.3476915" lon="11.8048473"/>
  <node id="3632268667" lat="48.3476808" lon="11.8049709"/>
  <node id="3632268668" lat="48.3476608" lon="11.8050729"/>
  <node id="3632268669" lat="48.3476315" lon="11.8051707"/>
  <node id="3632268670" lat="48.3475979" lon="11.8052556"/>
  <node id="3632268671" lat="48.3475433" lon="11.8053557"/>
  <node id="3632268672" lat="48.3474926" lon="11.8054266"/>
  <node id="3632268673" lat="48.3474348" lon="11.8054900"/>
  <node id="3632268674" lat="48.3473720" lon="11.8055372"/>
  <node id="3632268675" lat="48.3473034" lon="11.8055738"/>
  <node id="3632268676" lat="48.3472385" lon="11.8055996"/>
  <node id="3632268677" lat="48.3472125" lon="11.8056374"/>
  <node id="3632268678" lat="48.3472710" lon="11.8056546"/>
  <node id="3632268679" lat="48.3473288" lon="11.8056793"/>
  <node id="3632268680" lat="48.3473817" lon="11.8057169"/>
  <node id="3632268681" lat="48.3474331" lon="11.8057653"/>
  <node id="3632268682" lat="48.3474817" lon="11.8058235"/>
  <node id="3632268683" lat="48.3475190" lon="11.8058848"/>
  <node id="3632268684" lat="48.3475520" lon="11.8059487"/>
  <node id="3632268685" lat="48.3475788" lon="11.8060146"/>
  <node id="3632268686" lat="48.3476009" lon="11.8060883"/>
  <node id="3632268687" lat="48.3476148" lon="11.8061470"/>
  <node id="3632268688" lat="48.3471392" lon="11.8039759"/>
  <node id="3632268689" lat="48.3472225" lon="11.8039322"/>
  <node id="3632268690" lat="48.3472942" lon="11.8038768"/>
  <node id="3632268691" lat="48.3473678" lon="11.8038039"/>
  <node id="3632268692" lat="48.3474220" lon="11.8037282"/>
  <node id="3632268693" lat="48.3474685" lon="11.8036407"/>
  <node id="3632268694" lat="48.3475034" lon="11.8035445"/>
  <node id="3632268695" lat="48.3475344" lon="11.8034542"/>
  <node id="3632268696" lat="48.3475538" lon="11.8033376"/>
  <node id="3632268697" lat="48.3475647" lon="11.8031994"/>
  <node id="3632268698" lat="48.3475454" lon="11.8029566"/>
  <node id="3632268699" lat="48.3475261" lon="11.8028825"/>
  <node id="3632268700" lat="48.3475104" lon="11.8028212"/>
  <node id="3632268701" lat="48.3474933" lon="11.8027750"/>
  <node id="3632268702" lat="48.3474768" lon="11.8027353"/>
  <node id="3632268703" lat="48.3474554" lon="11.8026934"/>
  <node id="3632268704" lat="48.3474261" lon="11.8026493"/>
  <node id="3632268705" lat="48.3473976" lon="11.8026139"/>
  <node id="3632268706" lat="48.3473676" lon="11.8025827"/>
  <node id="3632268707" lat="48.3473326" lon="11.8025537"/>
  <node id="3632268708" lat="48.3472933" lon="11.8025312"/>
  <node id="3632268709" lat="48.3472505" lon="11.8025097"/>
  <node id="3632268710" lat="48.3472055" lon="11.8024968"/>
  <node id="3632268711" lat="48.3471677" lon="11.8024925"/>
  <node id="3632268712" lat="48.3471284" lon="11.8024903"/>
  <node id="3632268713" lat="48.3469914" lon="11.8024870"/>
  <node id="3632268714" lat="48.3468751" lon="11.8024895"/>
  <node id="3632268715" lat="48.3474656" lon="11.8017525"/>
  <node id="3632268716" lat="48.3474563" lon="11.8018224"/>
  <node id="3632268717" lat="48.3474486" lon="11.8018745"/>
  <node id="3632268718" lat="48.3474382" lon="11.8019317"/>
  <node id="3632268719" lat="48.3474283" lon="11.8019847"/>
  <node id="3632268720" lat="48.3474084" lon="11.8020489"/>
  <node id="3632268721" lat="48.3473854" lon="11.8020997"/>
  <node id="3632268722" lat="48.3473680" lon="11.8021353"/>
  <node id="3632268723" lat="48.3473441" lon="11.8021785"/>
  <node id="3632268724" lat="48.3473189" lon="11.8022281"/>
  <node id="3632268725" lat="48.3472918" lon="11.8022646"/>
  <node id="3632268726" lat="48.3472596" lon="11.8023048"/>
  <node id="3632268727" lat="48.3472243" lon="11.8023389"/>
  <node id="3632268728" lat="48.3471850" lon="11.8023718"/>
  <node id="3632268729" lat="48.3471419" lon="11.8023963"/>
  <node id="3632268730" lat="48.3470786" lon="11.8024288"/>
  <node id="3632268731" lat="48.3470205" lon="11.8024477"/>
  <node id="3632268732" lat="48.3442021" lon="11.7521381"/>
  <node id="3632268733" lat="48.3442714" lon="11.7520887"/>
  <node id="3632268734" lat="48.3443257" lon="11.7520329"/>
  <node id="3632268735" lat="48.3443806" lon="11.7519426"/>
  <node id="3632268736" lat="48.3444249" lon="11.7518491"/>
  <node id="3632268737" lat="48.3444620" lon="11.7517385"/>
  <node id="3632268738" lat="48.3444913" lon="11.7515906"/>
  <node id="3632268739" lat="48.3444952" lon="11.7515201"/>
  <node id="3632268740" lat="48.3444973" lon="11.7514030"/>
  <node id="3632268741" lat="48.3439234" lon="11.7506640"/>
  <node id="3632268742" lat="48.3438634" lon="11.7506994"/>
  <node id="3632268743" lat="48.3438022" lon="11.7507436"/>
  <node id="3632268744" lat="48.3437552" lon="11.7508002"/>
  <node id="3632268745" lat="48.3437034" lon="11.7508675"/>
  <node id="3632268746" lat="48.3436658" lon="11.7509347"/>
  <node id="3632268747" lat="48.3436305" lon="11.7510214"/>
  <node id="3632268748" lat="48.3436058" lon="11.7511223"/>
  <node id="3632268749" lat="48.3435906" lon="11.7513471"/>
  <node id="3632268750" lat="48.3436311" lon="11.7534179"/>
  <node id="3632268751" lat="48.3436363" lon="11.7533269"/>
  <node id="3632268752" lat="48.3436377" lon="11.7532396"/>
  <node id="3632268753" lat="48.3436342" lon="11.7531509"/>
  <node id="3632268754" lat="48.3436185" lon="11.7530502"/>
  <node id="3632268755" lat="48.3436012" lon="11.7529781"/>
  <node id="3632268756" lat="48.3435804" lon="11.7528982"/>
  <node id="3632268757" lat="48.3435563" lon="11.7528313"/>
  <node id="3632268758" lat="48.3435245" lon="11.7527601"/>
  <node id="3632268759" lat="48.3434859" lon="11.7526860"/>
  <node id="3632268760" lat="48.3434431" lon="11.7526205"/>
  <node id="3632268761" lat="48.3433903" lon="11.7525539"/>
  <node id="3632268762" lat="48.3433439" lon="11.7525045"/>
  <node id="3632268763" lat="48.3432924" lon="11.7524636"/>
  <node id="3632268764" lat="48.3432417" lon="11.7524260"/>
  <node id="3632268765" lat="48.3431900" lon="11.7524037"/>
  <node id="3632268766" lat="48.3431436" lon="11.7523919"/>
  <node id="3632268767" lat="48.3430067" lon="11.7523674"/>
  <node id="3632268768" lat="48.3435942" lon="11.7514303"/>
  <node id="3632268769" lat="48.3435851" lon="11.7515380"/>
  <node id="3632268770" lat="48.3435701" lon="11.7516580"/>
  <node id="3632268771" lat="48.3435477" lon="11.7517543"/>
  <node id="3632268772" lat="48.3435213" lon="11.7518489"/>
  <node id="3632268773" lat="48.3434902" lon="11.7519315"/>
  <node id="3632268774" lat="48.3434379" lon="11.7520279"/>
  <node id="3632268775" lat="48.3434014" lon="11.7520880"/>
  <node id="3632268776" lat="48.3433367" lon="11.7521694"/>
  <node id="3632268777" lat="48.3432885" lon="11.7522296"/>
  <node id="3632268778" lat="48.3432285" lon="11.7522862"/>
  <node id="3632268779" lat="48.3431603" lon="11.7523199"/>
  <node id="3632268780" lat="48.3435680" lon="11.7512534"/>
  <node id="3632268781" lat="48.3435459" lon="11.7511776"/>
  <node id="3632268782" lat="48.3435204" lon="11.7511189"/>
  <node id="3632268783" lat="48.3434840" lon="11.7510466"/>
  <node id="3632268784" lat="48.3434496" lon="11.7509912"/>
  <node id="3632268785" lat="48.3434102" lon="11.7509366"/>
  <node id="3632268786" lat="48.3433735" lon="11.7508990"/>
  <node id="3632268787" lat="48.3433226" lon="11.7508624"/>
  <node id="3632268788" lat="48.3432792" lon="11.7508347"/>
  <node id="3632268789" lat="48.3432192" lon="11.7508097"/>
  <node id="3632268790" lat="48.3431470" lon="11.7507960"/>
  <node id="3632268791" lat="48.3430719" lon="11.7507959"/>
  <node id="3632268792" lat="48.3598722" lon="11.7669547"/>
  <node id="3632268793" lat="48.3598503" lon="11.7670528"/>
  <node id="3632268794" lat="48.3600319" lon="11.7666750"/>
  <node id="3632268795" lat="48.3600718" lon="11.7666413"/>
  <node id="3632268796" lat="48.3599503" lon="11.7667769"/>
  <node id="3632268797" lat="48.3599944" lon="11.7667159"/>
  <node id="3632268798" lat="48.3601111" lon="11.7666131"/>
  <node id="3632268799" lat="48.3598488" lon="11.7674644"/>
  <node id="3632268800" lat="48.3598411" lon="11.7675445"/>
  <node id="3632268801" lat="48.3598307" lon="11.7676360"/>
  <node id="3632268802" lat="48.3598093" lon="11.7677452"/>
  <node id="3632268803" lat="48.3597858" lon="11.7678777"/>
  <node id="3632268804" lat="48.3597593" lon="11.7679904"/>
  <node id="3632268805" lat="48.3597182" lon="11.7680898"/>
  <node id="3632268806" lat="48.3596727" lon="11.7682046"/>
  <node id="3632268807" lat="48.3596038" lon="11.7683416"/>
  <node id="3632268808" lat="48.3595553" lon="11.7684211"/>
  <node id="3632268809" lat="48.3594912" lon="11.7685183"/>
  <node id="3632268810" lat="48.3594515" lon="11.7685715"/>
  <node id="3632268811" lat="48.3595108" lon="11.7685304"/>
  <node id="3632268812" lat="48.3595621" lon="11.7685238"/>
  <node id="3632268813" lat="48.3596238" lon="11.7685216"/>
  <node id="3632268814" lat="48.3596972" lon="11.7685393"/>
  <node id="3632268815" lat="48.3597618" lon="11.7685768"/>
  <node id="3632268816" lat="48.3598161" lon="11.7686254"/>
  <node id="3632268817" lat="48.3598689" lon="11.7686961"/>
  <node id="3632268818" lat="48.3599124" lon="11.7687618"/>
  <node id="3632268819" lat="48.3599535" lon="11.7688564"/>
  <node id="3632268820" lat="48.3599687" lon="11.7689231">
    <tag k="aeroway" v="holding_position"/>
    <tag k="holding_position:type" v="intermediate"/>
  </node>
  <node id="3632268821" lat="48.3599628" lon="11.7690341"/>
  <node id="3632268822" lat="48.3599555" lon="11.7691379"/>
  <node id="3632268823" lat="48.3599438" lon="11.7692550"/>
  <node id="3632268824" lat="48.3599306" lon="11.7693875"/>
  <node id="3632268825" lat="48.3599071" lon="11.7695068"/>
  <node id="3632268826" lat="48.3598895" lon="11.7695930"/>
  <node id="3632268827" lat="48.3598557" lon="11.7697101"/>
  <node id="3632268828" lat="48.3598161" lon="11.7698183"/>
  <node id="3632268829" lat="48.3597808" lon="11.7699045"/>
  <node id="3632268830" lat="48.3597390" lon="11.7700224"/>
  <node id="3632268831" lat="48.3599687" lon="11.7688242"/>
  <node id="3632268832" lat="48.3599702" lon="11.7687403"/>
  <node id="3632268833" lat="48.3599878" lon="11.7686519"/>
  <node id="3632268834" lat="48.3600113" lon="11.7685790"/>
  <node id="3632268835" lat="48.3600289" lon="11.7685083"/>
  <node id="3632268836" lat="48.3600715" lon="11.7684156"/>
  <node id="3632268837" lat="48.3601581" lon="11.7682985"/>
  <node id="3632268838" lat="48.3602388" lon="11.7682344"/>
  <node id="3632268839" lat="48.3603493" lon="11.7681716"/>
  <node id="3632268840" lat="48.3604836" lon="11.7697029"/>
  <node id="3632268841" lat="48.3603725" lon="11.7697479"/>
  <node id="3632268842" lat="48.3602932" lon="11.7698186"/>
  <node id="3632268843" lat="48.3602154" lon="11.7699180"/>
  <node id="3632268844" lat="48.3601685" lon="11.7700108"/>
  <node id="3632268845" lat="48.3601274" lon="11.7701124"/>
  <node id="3632268846" lat="48.3601009" lon="11.7702494"/>
  <node id="3632268847" lat="48.3600907" lon="11.7703731"/>
  <node id="3632268848" lat="48.3600906" lon="11.7704874"/>
  <node id="3632268849" lat="48.3639534" lon="11.8191879"/>
  <node id="3632268850" lat="48.3639332" lon="11.8193020"/>
  <node id="3632268851" lat="48.3639252" lon="11.8194012"/>
  <node id="3632268852" lat="48.3639270" lon="11.8194911"/>
  <node id="3632268853" lat="48.3639404" lon="11.8195809"/>
  <node id="3632268854" lat="48.3639591" lon="11.8196641"/>
  <node id="3632268855" lat="48.3639867" lon="11.8197419"/>
  <node id="3632268856" lat="48.3640232" lon="11.8198103"/>
  <node id="3632268857" lat="48.3640687" lon="11.8198800"/>
  <node id="3632268858" lat="48.3641150" lon="11.8199350"/>
  <node id="3632268859" lat="48.3641783" lon="11.8199833"/>
  <node id="3632268860" lat="48.3642402" lon="11.8200111"/>
  <node id="3632268861" lat="48.3643078" lon="11.8200193"/>
  <node id="3632268862" lat="48.3644224" lon="11.8200269"/>
  <node id="3632268863" lat="48.3637836" lon="11.8200648"/>
  <node id="3632268864" lat="48.3638217" lon="11.8201333"/>
  <node id="3632268865" lat="48.3638570" lon="11.8202062"/>
  <node id="3632268866" lat="48.3638819" lon="11.8202725"/>
  <node id="3632268867" lat="48.3639170" lon="11.8203907"/>
  <node id="3632268868" lat="48.3643222" lon="11.8200737"/>
  <node id="3632268869" lat="48.3642679" lon="11.8201024"/>
  <node id="3632268870" lat="48.3642136" lon="11.8201333"/>
  <node id="3632268871" lat="48.3641593" lon="11.8201709"/>
  <node id="3632268872" lat="48.3641270" lon="11.8202150"/>
  <node id="3632268873" lat="48.3640874" lon="11.8202769"/>
  <node id="3632268874" lat="48.3640360" lon="11.8203608"/>
  <node id="3632268875" lat="48.3639993" lon="11.8204381"/>
  <node id="3632268876" lat="48.3639802" lon="11.8205044"/>
  <node id="3632268877" lat="48.3639641" lon="11.8205795"/>
  <node id="3632268878" lat="48.3639553" lon="11.8206568"/>
  <node id="3632268879" lat="48.3639459" lon="11.8207599"/>
  <node id="3632268880" lat="48.3639517" lon="11.8208332"/>
  <node id="3632268881" lat="48.3639579" lon="11.8209131"/>
  <node id="3632268882" lat="48.3639659" lon="11.8209066"/>
  <node id="3632268883" lat="48.3639882" lon="11.8209884"/>
  <node id="3632268884" lat="48.3640104" lon="11.8210515"/>
  <node id="3632268885" lat="48.3640336" lon="11.8211078"/>
  <node id="3632268886" lat="48.3640639" lon="11.8211614"/>
  <node id="3632268887" lat="48.3641013" lon="11.8212151"/>
  <node id="3632268888" lat="48.3641325" lon="11.8212553"/>
  <node id="3632268889" lat="48.3641788" lon="11.8212982"/>
  <node id="3632268890" lat="48.3642323" lon="11.8213358"/>
  <node id="3632268891" lat="48.3642840" lon="11.8213586"/>
  <node id="3632268892" lat="48.3643276" lon="11.8213720"/>
  <node id="3632268993" lat="48.3643743" lon="11.8213831"/>
  <node id="3632268994" lat="48.3644221" lon="11.8213901"/>
  <node id="3632268995" lat="48.3640506" lon="11.8220896">
    <tag k="aeroway" v="holding_position"/>
    <tag k="holding_position:type" v="intermediate"/>
  </node>
  <node id="3632268996" lat="48.3640545" lon="11.8220314"/>
  <node id="3632268997" lat="48.3640643" lon="11.8219509"/>
  <node id="3632268998" lat="48.3640803" lon="11.8218544"/>
  <node id="3632268999" lat="48.3641026" lon="11.8217592"/>
  <node id="3632269000" lat="48.3641373" lon="11.8216787"/>
  <node id="3632269001" lat="48.3641801" lon="11.8216076"/>
  <node id="3632269002" lat="48.3642229" lon="11.8215446"/>
  <node id="3632269003" lat="48.3642647" lon="11.8215017"/>
  <node id="3632269004" lat="48.3643093" lon="11.8214547"/>
  <node id="3632269005" lat="48.3643485" lon="11.8214292"/>
  <node id="3632269006" lat="48.3647188" lon="11.8229700"/>
  <node id="3632269007" lat="48.3646200" lon="11.8229619"/>
  <node id="3632269008" lat="48.3645512" lon="11.8229551"/>
  <node id="3632269009" lat="48.3644998" lon="11.8229484"/>
  <node id="3632269010" lat="48.3644499" lon="11.8229352"/>
  <node id="3632269011" lat="48.3644000" lon="11.8229175"/>
  <node id="3632269012" lat="48.3643428" lon="11.8228910"/>
  <node id="3632269013" lat="48.3642958" lon="11.8228535"/>
  <node id="3632269014" lat="48.3642635" lon="11.8228247"/>
  <node id="3632269015" lat="48.3642342" lon="11.8227916"/>
  <node id="3632269016" lat="48.3642121" lon="11.8227585"/>
  <node id="3632269017" lat="48.3641857" lon="11.8227187"/>
  <node id="3632269018" lat="48.3641490" lon="11.8226480"/>
  <node id="3632269019" lat="48.3641123" lon="11.8225574"/>
  <node id="3632269020" lat="48.3640779" lon="11.8224349"/>
  <node id="3632269021" lat="48.3643426" lon="11.8236218"/>
  <node id="3632269022" lat="48.3643381" lon="11.8235655"/>
  <node id="3632269023" lat="48.3643372" lon="11.8235132"/>
  <node id="3632269024" lat="48.3643372" lon="11.8234635"/>
  <node id="3632269025" lat="48.3643452" lon="11.8233978"/>
  <node id="3632269026" lat="48.3643595" lon="11.8233334"/>
  <node id="3632269027" lat="48.3643773" lon="11.8232825"/>
  <node id="3632269028" lat="48.3644014" lon="11.8232235"/>
  <node id="3632269029" lat="48.3644236" lon="11.8231712"/>
  <node id="3632269030" lat="48.3644513" lon="11.8231323"/>
  <node id="3632269031" lat="48.3644914" lon="11.8230853"/>
  <node id="3632269032" lat="48.3645208" lon="11.8230545"/>
  <node id="3632269033" lat="48.3645626" lon="11.8230263"/>
  <node id="3632269034" lat="48.3646134" lon="11.8230035"/>
  <node id="3632269035" lat="48.3639466" lon="11.8209009"/>
  <node id="3632269036" lat="48.3639377" lon="11.8209720"/>
  <node id="3632269037" lat="48.3639288" lon="11.8210391"/>
  <node id="3632269038" lat="48.3639137" lon="11.8211075"/>
  <node id="3632269039" lat="48.3638896" lon="11.8211785"/>
  <node id="3632269040" lat="48.3638602" lon="11.8212429"/>
  <node id="3632269041" lat="48.3638353" lon="11.8212939"/>
  <node id="3632269042" lat="48.3638032" lon="11.8213502"/>
  <node id="3632269043" lat="48.3637604" lon="11.8214092"/>
  <node id="3632269044" lat="48.3637123" lon="11.8214535"/>
  <node id="3632269045" lat="48.3636704" lon="11.8214856"/>
  <node id="3632269046" lat="48.3636366" lon="11.8215098"/>
  <node id="3632269047" lat="48.3640349" lon="11.8220275"/>
  <node id="3632269048" lat="48.3640153" lon="11.8219658"/>
  <node id="3632269049" lat="48.3639957" lon="11.8219027"/>
  <node id="3632269050" lat="48.3639743" lon="11.8218477"/>
  <node id="3632269051" lat="48.3639502" lon="11.8217981"/>
  <node id="3632269052" lat="48.3639217" lon="11.8217498"/>
  <node id="3632269053" lat="48.3638994" lon="11.8217177"/>
  <node id="3632269054" lat="48.3638682" lon="11.8216814"/>
  <node id="3632269055" lat="48.3638290" lon="11.8216426"/>
  <node id="3632269056" lat="48.3637898" lon="11.8216130"/>
  <node id="3632269057" lat="48.3637577" lon="11.8215956"/>
  <node id="3632269058" lat="48.3637052" lon="11.8215688"/>
  <node id="3632269059" lat="48.3636633" lon="11.8215527"/>
  <node id="3632269060" lat="48.3636205" lon="11.8215420"/>
  <node id="3632648920" lat="48.3536216" lon="11.7815814"/>
  <node id="3632648922" lat="48.3531383" lon="11.7816640"/>
  <node id="3632648924" lat="48.3530190" lon="11.7816844"/>
  <node id="3632648926" lat="48.3526552" lon="11.7817466"/>
  <node id="3632648928" lat="48.3524105" lon="11.7817885"/>
  <node id="3632648930" lat="48.3522042" lon="11.7818239"/>
  <node id="3632648932" lat="48.3521625" lon="11.7818311"/>
  <node id="3632648934" lat="48.3511895" lon="11.7819989"/>
  <node id="3632648936" lat="48.3511117" lon="11.7820123"/>
  <node id="3632648938" lat="48.3507669" lon="11.7820720"/>
  <node id="3632648940" lat="48.3504481" lon="11.7821271"/>
  <node id="3632648942" lat="48.3503379" lon="11.7821462"/>
  <node id="3632648944" lat="48.3498491" lon="11.7822308"/>
  <node id="3632648950" lat="48.3489597" lon="11.7821236"/>
  <node id="3632648955" lat="48.3540442" lon="11.7815091"/>
  <node id="3632648957" lat="48.3535574" lon="11.7815923"/>
  <node id="3632648959" lat="48.3530673" lon="11.7816761"/>
  <node id="3632648961" lat="48.3527329" lon="11.7817333"/>
  <node id="3632648963" lat="48.3541849" lon="11.7777041"/>
  <node id="3632648965" lat="48.3537585" lon="11.7777748"/>
  <node id="3632648967" lat="48.3532760" lon="11.7778591"/>
  <node id="3632648969" lat="48.3527887" lon="11.7779427"/>
  <node id="3632648971" lat="48.3523526" lon="11.7780170"/>
  <node id="3632648973" lat="48.3510169" lon="11.7782534"/>
  <node id="3632648975" lat="48.3505877" lon="11.7783273"/>
  <node id="3632648977" lat="48.3501028" lon="11.7784108"/>
  <node id="3632648979" lat="48.3496123" lon="11.7784952"/>
  <node id="3632648981" lat="48.3489094" lon="11.7786176"/>
  <node id="3632648983" lat="48.3570428" lon="11.7772093"/>
  <node id="3632648985" lat="48.3565633" lon="11.7772914"/>
  <node id="3632648987" lat="48.3560693" lon="11.7773760"/>
  <node id="3632648989" lat="48.3555862" lon="11.7774600"/>
  <node id="3632654893" lat="48.3570231" lon="11.7772141"/>
  <node id="3632654897" lat="48.3561736" lon="11.7773582"/>
  <node id="3632654899" lat="48.3556925" lon="11.7774363"/>
  <node id="3632654901" lat="48.3550442" lon="11.7775524"/>
  <node id="3632654903" lat="48.3546735" lon="11.7776151"/>
  <node id="3632654905" lat="48.3542488" lon="11.7776913"/>
  <node id="3632654910" lat="48.3523114" lon="11.7780240"/>
  <node id="3632654912" lat="48.3518660" lon="11.7781037"/>
  <node id="3632654914" lat="48.3515090" lon="11.7781693"/>
  <node id="3632654916" lat="48.3509822" lon="11.7782609"/>
  <node id="3632654918" lat="48.3505551" lon="11.7783336"/>
  <node id="3632654920" lat="48.3501290" lon="11.7784057"/>
  <node id="3632654922" lat="48.3497068" lon="11.7784794"/>
  <node id="3632654924" lat="48.3492712" lon="11.7785529"/>
  <node id="3632654926" lat="48.3487980" lon="11.7786380"/>
  <node id="3632654928" lat="48.3487790" lon="11.7786415"/>
  <node id="3632700564" lat="48.3545921" lon="11.7953988"/>
  <node id="3632700565" lat="48.3545432" lon="11.7953561"/>
  <node id="3632700566" lat="48.3545110" lon="11.7953271"/>
  <node id="3632700567" lat="48.3544793" lon="11.7953056"/>
  <node id="3632700568" lat="48.3544497" lon="11.7952905"/>
  <node id="3632700569" lat="48.3544090" lon="11.7952755"/>
  <node id="3632700570" lat="48.3543813" lon="11.7952674"/>
  <node id="3632700571" lat="48.3543535" lon="11.7952610"/>
  <node id="3632700572" lat="48.3543132" lon="11.7952596"/>
  <node id="3632700573" lat="48.3542814" lon="11.7952581"/>
  <node id="3632700574" lat="48.3545049" lon="11.7951165"/>
  <node id="3632700575" lat="48.3544714" lon="11.7951549"/>
  <node id="3632700576" lat="48.3544551" lon="11.7951682"/>
  <node id="3632700577" lat="48.3544324" lon="11.7951862"/>
  <node id="3632700578" lat="48.3544025" lon="11.7952038"/>
  <node id="3632700579" lat="48.3543811" lon="11.7952164"/>
  <node id="3632700580" lat="48.3543540" lon="11.7952288"/>
  <node id="3632700581" lat="48.3543369" lon="11.7952363"/>
  <node id="3632700582" lat="48.3543206" lon="11.7952434"/>
  <node id="3632700583" lat="48.3543763" lon="11.7953681"/>
  <node id="3632700584" lat="48.3543993" lon="11.7953386"/>
  <node id="3632700585" lat="48.3544186" lon="11.7953160"/>
  <node id="3632700586" lat="48.3544347" lon="11.7952951"/>
  <node id="3632700587" lat="48.3544497" lon="11.7952774"/>
  <node id="3632700588" lat="48.3544647" lon="11.7952645"/>
  <node id="3632700589" lat="48.3544875" lon="11.7952468"/>
  <node id="3632700590" lat="48.3545146" lon="11.7952301"/>
  <node id="3632700591" lat="48.3545360" lon="11.7952194"/>
  <node id="3632700592" lat="48.3545632" lon="11.7952078"/>
  <node id="3632700593" lat="48.3545272" lon="11.7952052"/>
  <node id="3632700594" lat="48.3545018" lon="11.7952016"/>
  <node id="3632700595" lat="48.3544797" lon="11.7951935"/>
  <node id="3632700596" lat="48.3544563" lon="11.7951843"/>
  <node id="3632700597" lat="48.3544314" lon="11.7951703"/>
  <node id="3632700598" lat="48.3544132" lon="11.7951576"/>
  <node id="3632700599" lat="48.3543935" lon="11.7951423"/>
  <node id="3632700600" lat="48.3543744" lon="11.7951266"/>
  <node id="3632700601" lat="48.3543518" lon="11.7951072"/>
  <node id="3632700610" lat="48.3496738" lon="11.7955320"/>
  <node id="3632700616" lat="48.3466854" lon="11.7796725"/>
  <node id="3632700617" lat="48.3466810" lon="11.7795591"/>
  <node id="3632700618" lat="48.3466853" lon="11.7794753"/>
  <node id="3632700619" lat="48.3467029" lon="11.7793765"/>
  <node id="3632700620" lat="48.3467260" lon="11.7793019"/>
  <node id="3632700621" lat="48.3467539" lon="11.7792379"/>
  <node id="3632700622" lat="48.3467892" lon="11.7791722"/>
  <node id="3632700623" lat="48.3468409" lon="11.7790938"/>
  <node id="3632700624" lat="48.3469062" lon="11.7790238"/>
  <node id="3632700625" lat="48.3469618" lon="11.7789810"/>
  <node id="3632700626" lat="48.3470160" lon="11.7789516"/>
  <node id="3632700627" lat="48.3469661" lon="11.7789483"/>
  <node id="3632700628" lat="48.3469044" lon="11.7789408"/>
  <node id="3632700629" lat="48.3468407" lon="11.7789274"/>
  <node id="3632700630" lat="48.3467719" lon="11.7788839"/>
  <node id="3632700631" lat="48.3467261" lon="11.7788195"/>
  <node id="3632700632" lat="48.3466634" lon="11.7787236"/>
  <node id="3632700633" lat="48.3466236" lon="11.7786277"/>
  <node id="3632700634" lat="48.3466007" lon="11.7785138"/>
  <node id="3632700635" lat="48.3465795" lon="11.7783599"/>
  <node id="3632700636" lat="48.3465788" lon="11.7784815"/>
  <node id="3632700637" lat="48.3465709" lon="11.7785417"/>
  <node id="3632700638" lat="48.3465588" lon="11.7786310"/>
  <node id="3632700639" lat="48.3465342" lon="11.7787036"/>
  <node id="3632700640" lat="48.3465090" lon="11.7787724"/>
  <node id="3632700641" lat="48.3464793" lon="11.7788282"/>
  <node id="3632700642" lat="48.3464453" lon="11.7788809"/>
  <node id="3632700643" lat="48.3463985" lon="11.7789408"/>
  <node id="3632700644" lat="48.3463487" lon="11.7789978"/>
  <node id="3632700645" lat="48.3463059" lon="11.7790352"/>
  <node id="3632700646" lat="48.3462601" lon="11.7790644"/>
  <node id="3632700647" lat="48.3462266" lon="11.7790831"/>
  <node id="3632700648" lat="48.3466685" lon="11.7795719"/>
  <node id="3632700649" lat="48.3466532" lon="11.7795210"/>
  <node id="3632700650" lat="48.3466340" lon="11.7794650"/>
  <node id="3632700651" lat="48.3466084" lon="11.7794072"/>
  <node id="3632700652" lat="48.3465757" lon="11.7793460"/>
  <node id="3632700653" lat="48.3465377" lon="11.7792797"/>
  <node id="3632700654" lat="48.3464927" lon="11.7792265"/>
  <node id="3632700655" lat="48.3464504" lon="11.7791864"/>
  <node id="3632700656" lat="48.3463929" lon="11.7791391"/>
  <node id="3632700657" lat="48.3463337" lon="11.7791109"/>
  <node id="3632700658" lat="48.3462756" lon="11.7790909"/>
  <node id="3632700659" lat="48.3458755" lon="11.7791117"/>
  <node id="3632700660" lat="48.3458217" lon="11.7790857"/>
  <node id="3632700661" lat="48.3457239" lon="11.7790165"/>
  <node id="3632700662" lat="48.3456629" lon="11.7789498"/>
  <node id="3632700663" lat="48.3456026" lon="11.7788555"/>
  <node id="3632700664" lat="48.3455613" lon="11.7787681"/>
  <node id="3632700665" lat="48.3455317" lon="11.7786650"/>
  <node id="3632700666" lat="48.3455111" lon="11.7785579"/>
  <node id="3632700667" lat="48.3444775" lon="11.7793818"/>
  <node id="3632700668" lat="48.3433838" lon="11.7791015"/>
  <node id="3632700669" lat="48.3454813" lon="11.7791974"/>
  <node id="3632700670" lat="48.3454281" lon="11.7791904"/>
  <node id="3632700671" lat="48.3453624" lon="11.7791749"/>
  <node id="3632700672" lat="48.3452753" lon="11.7791479"/>
  <node id="3632700673" lat="48.3451821" lon="11.7791019"/>
  <node id="3632700674" lat="48.3450606" lon="11.7790122"/>
  <node id="3632700675" lat="48.3449890" lon="11.7789446"/>
  <node id="3632700676" lat="48.3449311" lon="11.7788749"/>
  <node id="3632700677" lat="48.3448770" lon="11.7788035"/>
  <node id="3632700678" lat="48.3448003" lon="11.7786764"/>
  <node id="3632700679" lat="48.3448684" lon="11.7793086"/>
  <node id="3632700680" lat="48.3449144" lon="11.7793120"/>
  <node id="3632700681" lat="48.3449611" lon="11.7793288"/>
  <node id="3632700682" lat="48.3450261" lon="11.7793545"/>
  <node id="3632700683" lat="48.3450866" lon="11.7793930"/>
  <node id="3632700684" lat="48.3451385" lon="11.7794445"/>
  <node id="3632700685" lat="48.3452144" lon="11.7795123"/>
  <node id="3632700686" lat="48.3451065" lon="11.7813643"/>
  <node id="3632700687" lat="48.3450963" lon="11.7814676"/>
  <node id="3632700688" lat="48.3457094" lon="11.7793849"/>
  <node id="3632700689" lat="48.3456721" lon="11.7794629"/>
  <node id="3632700690" lat="48.3456512" lon="11.7795197"/>
  <node id="3632700691" lat="48.3456301" lon="11.7796104"/>
  <node id="3632700692" lat="48.3456168" lon="11.7796861"/>
  <node id="3632700693" lat="48.3456087" lon="11.7797684"/>
  <node id="3632700694" lat="48.3456108" lon="11.7798755">
    <tag k="aeroway" v="holding_position"/>
    <tag k="holding_position:type" v="intermediate"/>
  </node>
  <node id="3632700695" lat="48.3471728" lon="11.7805471"/>
  <node id="3632700696" lat="48.3471070" lon="11.7805474"/>
  <node id="3632700697" lat="48.3470538" lon="11.7805338"/>
  <node id="3632700698" lat="48.3469939" lon="11.7805029"/>
  <node id="3632700699" lat="48.3469383" lon="11.7804656"/>
  <node id="3632700700" lat="48.3468744" lon="11.7803995"/>
  <node id="3632700701" lat="48.3468296" lon="11.7803361"/>
  <node id="3632700702" lat="48.3467951" lon="11.7802758"/>
  <node id="3632700703" lat="48.3467603" lon="11.7802034"/>
  <node id="3632700704" lat="48.3467320" lon="11.7801176"/>
  <node id="3632700705" lat="48.3467112" lon="11.7800242"/>
  <node id="3632700706" lat="48.3467007" lon="11.7801270"/>
  <node id="3632700707" lat="48.3466841" lon="11.7802156"/>
  <node id="3632700708" lat="48.3466594" lon="11.7803058"/>
  <node id="3632700709" lat="48.3466331" lon="11.7803826"/>
  <node id="3632700710" lat="48.3465934" lon="11.7804620"/>
  <node id="3632700711" lat="48.3465487" lon="11.7805292"/>
  <node id="3632700712" lat="48.3464905" lon="11.7805964"/>
  <node id="3632700713" lat="48.3464229" lon="11.7806525"/>
  <node id="3632700714" lat="48.3463678" lon="11.7806790"/>
  <node id="3632700715" lat="48.3463012" lon="11.7806994">
    <tag k="aeroway" v="holding_position"/>
    <tag k="holding_position:type" v="intermediate"/>
  </node>
  <node id="3632700716" lat="48.3463545" lon="11.7807042"/>
  <node id="3632700717" lat="48.3463926" lon="11.7807106"/>
  <node id="3632700718" lat="48.3464615" lon="11.7807269"/>
  <node id="3632700719" lat="48.3465317" lon="11.7807606"/>
  <node id="3632700720" lat="48.3466000" lon="11.7808252"/>
  <node id="3632700721" lat="48.3466616" lon="11.7808998"/>
  <node id="3632700722" lat="48.3467155" lon="11.7809817"/>
  <node id="3632700723" lat="48.3467463" lon="11.7810332"/>
  <node id="3632700724" lat="48.3467720" lon="11.7810923"/>
  <node id="3632700725" lat="48.3467917" lon="11.7811805"/>
  <node id="3632700726" lat="48.3468039" lon="11.7812656"/>
  <node id="3632700727" lat="48.3467957" lon="11.7811112"/>
  <node id="3632700728" lat="48.3467972" lon="11.7810324"/>
  <node id="3632700729" lat="48.3468140" lon="11.7809286"/>
  <node id="3632700730" lat="48.3468362" lon="11.7808500"/>
  <node id="3632700731" lat="48.3468838" lon="11.7807381"/>
  <node id="3632700732" lat="48.3469609" lon="11.7806440"/>
  <node id="3632700733" lat="48.3470278" lon="11.7805949"/>
  <node id="3632700734" lat="48.3597099" lon="11.7773561"/>
  <node id="3632700735" lat="48.3599881" lon="11.7767006"/>
  <node id="3632700736" lat="48.3599275" lon="11.7767271"/>
  <node id="3632700737" lat="48.3598714" lon="11.7767660"/>
  <node id="3632700738" lat="48.3598313" lon="11.7768103"/>
  <node id="3632700739" lat="48.3597868" lon="11.7768746"/>
  <node id="3632700740" lat="48.3597600" lon="11.7769310"/>
  <node id="3632700741" lat="48.3597306" lon="11.7770047"/>
  <node id="3632700742" lat="48.3597119" lon="11.7770771"/>
  <node id="3632700743" lat="48.3597030" lon="11.7771536"/>
  <node id="3632700744" lat="48.3597006" lon="11.7772297"/>
  <node id="3632700745" lat="48.3600836" lon="11.7766837"/>
  <node id="3632700746" lat="48.3600166" lon="11.7766742"/>
  <node id="3632700747" lat="48.3599549" lon="11.7766571"/>
  <node id="3632700748" lat="48.3598765" lon="11.7766164"/>
  <node id="3632700749" lat="48.3598067" lon="11.7765578"/>
  <node id="3632700750" lat="48.3597537" lon="11.7764910"/>
  <node id="3632700751" lat="48.3597001" lon="11.7763966"/>
  <node id="3632700752" lat="48.3596709" lon="11.7763249"/>
  <node id="3632700753" lat="48.3596422" lon="11.7762354"/>
  <node id="3632700754" lat="48.3596171" lon="11.7761258"/>
  <node id="3632700755" lat="48.3596268" lon="11.7762513"/>
  <node id="3632700756" lat="48.3596234" lon="11.7763352"/>
  <node id="3632700757" lat="48.3596121" lon="11.7764182"/>
  <node id="3632700758" lat="48.3595964" lon="11.7764899"/>
  <node id="3632700759" lat="48.3595693" lon="11.7765575"/>
  <node id="3632700760" lat="48.3595407" lon="11.7766169"/>
  <node id="3632700761" lat="48.3595017" lon="11.7766804"/>
  <node id="3632700762" lat="48.3594649" lon="11.7767219"/>
  <node id="3632700763" lat="48.3594011" lon="11.7767724"/>
  <node id="3632700764" lat="48.3593481" lon="11.7768066"/>
  <node id="3632700765" lat="48.3592400" lon="11.7768301"/>
  <node id="3632700766" lat="48.3592999" lon="11.7768327"/>
  <node id="3632700767" lat="48.3593551" lon="11.7768457"/>
  <node id="3632700768" lat="48.3594103" lon="11.7768734"/>
  <node id="3632700769" lat="48.3594665" lon="11.7769092"/>
  <node id="3632700770" lat="48.3595174" lon="11.7769515"/>
  <node id="3632700771" lat="48.3595726" lon="11.7770256"/>
  <node id="3632700772" lat="48.3596234" lon="11.7771038"/>
  <node id="3632700773" lat="48.3596581" lon="11.7771811"/>
  <node id="3632700774" lat="48.3596883" lon="11.7772658"/>
  <node id="3632700776" lat="48.3593860" lon="11.7784382"/>
  <node id="3632700777" lat="48.3594709" lon="11.7784268"/>
  <node id="3632700778" lat="48.3595375" lon="11.7784228"/>
  <node id="3632700779" lat="48.3596392" lon="11.7784781"/>
  <node id="3632700780" lat="48.3597101" lon="11.7785555"/>
  <node id="3632700781" lat="48.3597593" lon="11.7786361"/>
  <node id="3632700782" lat="48.3597928" lon="11.7787118"/>
  <node id="3632700783" lat="48.3598183" lon="11.7788152"/>
  <node id="3632700784" lat="48.3598335" lon="11.7789134"/>
  <node id="3632700785" lat="48.3594359" lon="11.7784058"/>
  <node id="3632700786" lat="48.3595116" lon="11.7783495"/>
  <node id="3632700787" lat="48.3595704" lon="11.7782878"/>
  <node id="3632700788" lat="48.3596212" lon="11.7782194"/>
  <node id="3632700789" lat="48.3596578" lon="11.7781470"/>
  <node id="3632700790" lat="48.3596925" lon="11.7780571"/>
  <node id="3632700791" lat="48.3597246" lon="11.7779498"/>
  <node id="3632700792" lat="48.3597353" lon="11.7778493"/>
  <node id="3632700793" lat="48.3597385" lon="11.7777206"/>
  <node id="3632700794" lat="48.3603346" lon="11.7766392"/>
  <node id="3632700795" lat="48.3603955" lon="11.7765959"/>
  <node id="3632700796" lat="48.3604733" lon="11.7765297"/>
  <node id="3632700797" lat="48.3605261" lon="11.7764678"/>
  <node id="3632700798" lat="48.3605863" lon="11.7763816"/>
  <node id="3632700799" lat="48.3606303" lon="11.7762778"/>
  <node id="3632700800" lat="48.3606641" lon="11.7761607"/>
  <node id="3632700801" lat="48.3606817" lon="11.7760304"/>
  <node id="3632700802" lat="48.3606855" lon="11.7758712"/>
  <node id="3632700803" lat="48.3608918" lon="11.7765814"/>
  <node id="3632700804" lat="48.3612160" lon="11.7767431"/>
  <node id="3632700806" lat="48.3614567" lon="11.7770664"/>
  <node id="3632700807" lat="48.3614005" lon="11.7770109"/>
  <node id="3632700808" lat="48.3613352" lon="11.7769690"/>
  <node id="3632700809" lat="48.3612748" lon="11.7769481"/>
  <node id="3632700810" lat="48.3612017" lon="11.7769499"/>
  <node id="3632700811" lat="48.3611110" lon="11.7769699"/>
  <node id="3632700812" lat="48.3610312" lon="11.7770163"/>
  <node id="3632700813" lat="48.3609671" lon="11.7770791"/>
  <node id="3632700814" lat="48.3609164" lon="11.7771519"/>
  <node id="3632700815" lat="48.3608813" lon="11.7772256"/>
  <node id="3632700816" lat="48.3608517" lon="11.7773156"/>
  <node id="3632700817" lat="48.3608401" lon="11.7774024"/>
  <node id="3632700818" lat="48.3608281" lon="11.7774729"/>
  <node id="3632700819" lat="48.3608227" lon="11.7775698"/>
  <node id="3632700820" lat="48.3607786" lon="11.7770137"/>
  <node id="3632700821" lat="48.3607475" lon="11.7769189"/>
  <node id="3632700822" lat="48.3607173" lon="11.7768443"/>
  <node id="3632700823" lat="48.3606822" lon="11.7767834"/>
  <node id="3632700824" lat="48.3606430" lon="11.7767351"/>
  <node id="3632700825" lat="48.3605964" lon="11.7766842"/>
  <node id="3632700826" lat="48.3605517" lon="11.7766560"/>
  <node id="3632700827" lat="48.3605148" lon="11.7766342"/>
  <node id="3632700828" lat="48.3604616" lon="11.7766242"/>
  <node id="3632700829" lat="48.3604249" lon="11.7766239"/>
  <node id="3632700830" lat="48.3460440" lon="11.7950453">
    <tag k="aeroway" v="holding_position"/>
    <tag k="holding_position:type" v="intermediate"/>
  </node>
  <node id="3632700831" lat="48.3460837" lon="11.7950956"/>
  <node id="3632700832" lat="48.3461413" lon="11.7951542"/>
  <node id="3632700833" lat="48.3462034" lon="11.7952082"/>
  <node id="3632700834" lat="48.3462699" lon="11.7952282"/>
  <node id="3632700835" lat="48.3463491" lon="11.7952318"/>
  <node id="3632700836" lat="48.3464234" lon="11.7952200"/>
  <node id="3632700837" lat="48.3464827" lon="11.7951909"/>
  <node id="3632700838" lat="48.3465359" lon="11.7951518"/>
  <node id="3632700839" lat="48.3465907" lon="11.7951037"/>
  <node id="3632700840" lat="48.3466287" lon="11.7950525"/>
  <node id="3632700841" lat="48.3466571" lon="11.7950005"/>
  <node id="3632700842" lat="48.3466856" lon="11.7949411">
    <tag k="aeroway" v="holding_position"/>
    <tag k="holding_position:type" v="intermediate"/>
  </node>
  <node id="3632700843" lat="48.3467146" lon="11.7948638"/>
  <node id="3632700844" lat="48.3467318" lon="11.7947931"/>
  <node id="3632700845" lat="48.3467407" lon="11.7947241"/>
  <node id="3632700846" lat="48.3467457" lon="11.7946225"/>
  <node id="3632700847" lat="48.3482190" lon="11.7956033"/>
  <node id="3632700848" lat="48.3481256" lon="11.7955486"/>
  <node id="3632700849" lat="48.3480719" lon="11.7955070"/>
  <node id="3632700850" lat="48.3479757" lon="11.7953927"/>
  <node id="3632700851" lat="48.3479340" lon="11.7953073"/>
  <node id="3632700852" lat="48.3479021" lon="11.7952248"/>
  <node id="3632700853" lat="48.3478753" lon="11.7951201"/>
  <node id="3632700854" lat="48.3480202" lon="11.7954576"/>
  <node id="3632765471" lat="48.3444434" lon="11.7661207"/>
  <node id="3632765472" lat="48.3444698" lon="11.7659888"/>
  <node id="3632765473" lat="48.3444831" lon="11.7659154"/>
  <node id="3632765474" lat="48.3444958" lon="11.7658193"/>
  <node id="3632765475" lat="48.3445030" lon="11.7656955"/>
  <node id="3632765476" lat="48.3445047" lon="11.7655012"/>
  <node id="3632765477" lat="48.3439923" lon="11.7677536"/>
  <node id="3632765478" lat="48.3440252" lon="11.7676972"/>
  <node id="3632765479" lat="48.3440615" lon="11.7676544"/>
  <node id="3632765480" lat="48.3441028" lon="11.7676166"/>
  <node id="3632765481" lat="48.3441397" lon="11.7675830"/>
  <node id="3632765482" lat="48.3441962" lon="11.7675565"/>
  <node id="3632765483" lat="48.3442484" lon="11.7675432"/>
  <node id="3632765484" lat="48.3443122" lon="11.7675410"/>
  <node id="3632765485" lat="48.3443857" lon="11.7675554"/>
  <node id="3632765486" lat="48.3444694" lon="11.7675942"/>
  <node id="3632765487" lat="48.3445159" lon="11.7676322"/>
  <node id="3632765488" lat="48.3445570" lon="11.7676742"/>
  <node id="3632765489" lat="48.3445905" lon="11.7677227">
    <tag k="aeroway" v="holding_position"/>
    <tag k="holding_position:type" v="intermediate"/>
  </node>
  <node id="3632765490" lat="48.3446308" lon="11.7677953"/>
  <node id="3632765491" lat="48.3446695" lon="11.7678843"/>
  <node id="3632765492" lat="48.3446995" lon="11.7680059"/>
  <node id="3632766893" lat="48.3446715" lon="11.7676448"/>
  <node id="3632766894" lat="48.3446734" lon="11.7675769"/>
  <node id="3632766895" lat="48.3446869" lon="11.7674694"/>
  <node id="3632766896" lat="48.3447118" lon="11.7673689"/>
  <node id="3632766897" lat="48.3447374" lon="11.7672922"/>
  <node id="3632766898" lat="48.3447617" lon="11.7672290"/>
  <node id="3632766899" lat="48.3448015" lon="11.7671591"/>
  <node id="3632766900" lat="48.3448410" lon="11.7671055"/>
  <node id="3632766901" lat="48.3448847" lon="11.7670542"/>
  <node id="3632766902" lat="48.3449223" lon="11.7670216"/>
  <node id="3632766903" lat="48.3449632" lon="11.7669933"/>
  <node id="3632766904" lat="48.3450082" lon="11.7669700"/>
  <node id="3632766905" lat="48.3450464" lon="11.7669567"/>
  <node id="3632766906" lat="48.3449957" lon="11.7669534"/>
  <node id="3632766907" lat="48.3449553" lon="11.7669490"/>
  <node id="3632766908" lat="48.3449083" lon="11.7669357"/>
  <node id="3632766909" lat="48.3448658" lon="11.7669101"/>
  <node id="3632766910" lat="48.3448301" lon="11.7668851"/>
  <node id="3632766911" lat="48.3447916" lon="11.7668526"/>
  <node id="3632766912" lat="48.3447589" lon="11.7668229"/>
  <node id="3632766913" lat="48.3447290" lon="11.7667888"/>
  <node id="3632766914" lat="48.3447026" lon="11.7667519"/>
  <node id="3632766915" lat="48.3446725" lon="11.7667046"/>
  <node id="3632766916" lat="48.3446488" lon="11.7666558"/>
  <node id="3632766917" lat="48.3446214" lon="11.7665952"/>
  <node id="3632766918" lat="48.3446078" lon="11.7665562"/>
  <node id="3632766919" lat="48.3445959" lon="11.7665113"/>
  <node id="3632766920" lat="48.3445850" lon="11.7664546"/>
  <node id="3632766921" lat="48.3445733" lon="11.7663820"/>
  <node id="3632766922" lat="48.3457856" lon="11.7681945"/>
  <node id="3632766923" lat="48.3457208" lon="11.7673277"/>
  <node id="3632766924" lat="48.3457083" lon="11.7672461"/>
  <node id="3632766925" lat="48.3456861" lon="11.7671805"/>
  <node id="3632766926" lat="48.3456625" lon="11.7671194"/>
  <node id="3632766927" lat="48.3456317" lon="11.7670624"/>
  <node id="3632766928" lat="48.3455943" lon="11.7670168"/>
  <node id="3632766929" lat="48.3455573" lon="11.7669860"/>
  <node id="3632766930" lat="48.3454945" lon="11.7669324"/>
  <node id="3632766931" lat="48.3454441" lon="11.7669116"/>
  <node id="3632766932" lat="48.3453542" lon="11.7669046"/>
  <node id="3632766933" lat="48.3460925" lon="11.7667789"/>
  <node id="3632766934" lat="48.3460496" lon="11.7667940"/>
  <node id="3632766935" lat="48.3460086" lon="11.7668195"/>
  <node id="3632766936" lat="48.3459717" lon="11.7668497"/>
  <node id="3632766937" lat="48.3459364" lon="11.7668832"/>
  <node id="3632766938" lat="48.3459026" lon="11.7669201"/>
  <node id="3632766939" lat="48.3458625" lon="11.7669831"/>
  <node id="3632766940" lat="48.3458246" lon="11.7670569"/>
  <node id="3632766941" lat="48.3457903" lon="11.7671346"/>
  <node id="3632766942" lat="48.3457649" lon="11.7672084"/>
  <node id="3632766943" lat="48.3457488" lon="11.7672915"/>
  <node id="3632766944" lat="48.3457363" lon="11.7674042"/>
  <node id="3632766945" lat="48.3457333" lon="11.7674948"/>
  <node id="3632766946" lat="48.3460393" lon="11.7667697"/>
  <node id="3632766947" lat="48.3459929" lon="11.7667516"/>
  <node id="3632766948" lat="48.3459417" lon="11.7667309"/>
  <node id="3632766949" lat="48.3458882" lon="11.7666987"/>
  <node id="3632766950" lat="48.3458414" lon="11.7666564"/>
  <node id="3632766951" lat="48.3457901" lon="11.7666021"/>
  <node id="3632766952" lat="48.3457375" lon="11.7665210"/>
  <node id="3632766953" lat="48.3456943" lon="11.7664392"/>
  <node id="3632766954" lat="48.3456702" lon="11.7663728"/>
  <node id="3632766955" lat="48.3456520" lon="11.7663097"/>
  <node id="3632766956" lat="48.3456384" lon="11.7662484"/>
  <node id="3632766957" lat="48.3466975" lon="11.7741348"/>
  <node id="3632766966" lat="48.3462091" lon="11.7735370">
    <tag k="aeroway" v="holding_position"/>
    <tag k="holding_position:type" v="intermediate"/>
  </node>
  <node id="3632766975" lat="48.3463139" lon="11.7748904">
    <tag k="aeroway" v="holding_position"/>
    <tag k="holding_position:type" v="intermediate"/>
  </node>
  <node id="3632766982" lat="48.3458088" lon="11.7742955">
    <tag k="aeroway" v="holding_position"/>
    <tag k="holding_position:type" v="intermediate"/>
  </node>
  <node id="3632766983" lat="48.3450455" lon="11.7732551"/>
  <node id="3632766984" lat="48.3446239" lon="11.7749068"/>
  <node id="3632766985" lat="48.3445093" lon="11.7751988"/>
  <node id="3632766986" lat="48.3445410" lon="11.7751375"/>
  <node id="3632766987" lat="48.3446168" lon="11.7750302"/>
  <node id="3632766988" lat="48.3446988" lon="11.7749591"/>
  <node id="3632766989" lat="48.3447799" lon="11.7749162"/>
  <node id="3632766990" lat="48.3448458" lon="11.7749108"/>
  <node id="3632766991" lat="48.3449359" lon="11.7749135"/>
  <node id="3632766992" lat="48.3450152" lon="11.7749497"/>
  <node id="3632766993" lat="48.3450776" lon="11.7750047"/>
  <node id="3632766994" lat="48.3451320" lon="11.7750624"/>
  <node id="3632766995" lat="48.3451765" lon="11.7751361"/>
  <node id="3632766996" lat="48.3452140" lon="11.7752179"/>
  <node id="3632766997" lat="48.3452363" lon="11.7752930"/>
  <node id="3632766998" lat="48.3452584" lon="11.7753868"/>
  <node id="3632766999" lat="48.3452290" lon="11.7749985"/>
  <node id="3632767000" lat="48.3452318" lon="11.7749082"/>
  <node id="3632767001" lat="48.3452479" lon="11.7748223"/>
  <node id="3632767002" lat="48.3452692" lon="11.7747432"/>
  <node id="3632767003" lat="48.3453004" lon="11.7746426"/>
  <node id="3632767004" lat="48.3453495" lon="11.7745554"/>
  <node id="3632767005" lat="48.3454056" lon="11.7744736"/>
  <node id="3632767006" lat="48.3454573" lon="11.7744186"/>
  <node id="3632767007" lat="48.3454983" lon="11.7743811"/>
  <node id="3632767008" lat="48.3455809" lon="11.7743315"/>
  <node id="3632767009" lat="48.3453044" lon="11.7576800"/>
  <node id="3632767010" lat="48.3452259" lon="11.7576683"/>
  <node id="3632767011" lat="48.3451804" lon="11.7576482"/>
  <node id="3632767012" lat="48.3451400" lon="11.7576207"/>
  <node id="3632767013" lat="48.3450936" lon="11.7575764"/>
  <node id="3632767014" lat="48.3450575" lon="11.7575328"/>
  <node id="3632767015" lat="48.3450183" lon="11.7574678"/>
  <node id="3632767016" lat="48.3449924" lon="11.7574061"/>
  <node id="3632767017" lat="48.3449692" lon="11.7573304"/>
  <node id="3632767018" lat="48.3449540" lon="11.7572751"/>
  <node id="3632767019" lat="48.3452442" lon="11.7577085"/>
  <node id="3632767020" lat="48.3452014" lon="11.7577394"/>
  <node id="3632767021" lat="48.3451551" lon="11.7577950"/>
  <node id="3632767022" lat="48.3451087" lon="11.7578647"/>
  <node id="3632767023" lat="48.3450744" lon="11.7579379"/>
  <node id="3632767024" lat="48.3450512" lon="11.7580136"/>
  <node id="3632767025" lat="48.3450312" lon="11.7581142"/>
  <node id="3632767026" lat="48.3450267" lon="11.7582367"/>
  <node id="3632767027" lat="48.3449447" lon="11.7571280"/>
  <node id="3632767028" lat="48.3449353" lon="11.7572338"/>
  <node id="3632767029" lat="48.3449188" lon="11.7573330"/>
  <node id="3632767030" lat="48.3448872" lon="11.7574444"/>
  <node id="3632767031" lat="48.3448426" lon="11.7575483"/>
  <node id="3632767032" lat="48.3447642" lon="11.7576683"/>
  <node id="3632767033" lat="48.3447023" lon="11.7577287"/>
  <node id="3632767034" lat="48.3446444" lon="11.7577723"/>
  <node id="3632767035" lat="48.3445708" lon="11.7578063"/>
  <node id="3632767036" lat="48.3450206" lon="11.7581755"/>
  <node id="3632767037" lat="48.3449946" lon="11.7580914"/>
  <node id="3632767038" lat="48.3449670" lon="11.7580210"/>
  <node id="3632767039" lat="48.3449309" lon="11.7579492"/>
  <node id="3632767040" lat="48.3448980" lon="11.7579010"/>
  <node id="3632767041" lat="48.3448498" lon="11.7578560"/>
  <node id="3632767042" lat="48.3447954" lon="11.7578252"/>
  <node id="3632767043" lat="48.3447642" lon="11.7578118"/>
  <node id="3632767044" lat="48.3447188" lon="11.7577997"/>
  <node id="3632767045" lat="48.3446458" lon="11.7577928"/>
  <node id="3632767046" lat="48.3441823" lon="11.7578857"/>
  <node id="3632767047" lat="48.3441090" lon="11.7579478"/>
  <node id="3632767048" lat="48.3440617" lon="11.7580095"/>
  <node id="3632767049" lat="48.3440189" lon="11.7580847"/>
  <node id="3632767050" lat="48.3439860" lon="11.7581691"/>
  <node id="3632767051" lat="48.3439593" lon="11.7583066"/>
  <node id="3632767052" lat="48.3439572" lon="11.7584147"/>
  <node id="3632767053" lat="48.3442816" lon="11.7578582"/>
  <node id="3632767054" lat="48.3441905" lon="11.7578606"/>
  <node id="3632767055" lat="48.3441549" lon="11.7578526"/>
  <node id="3632767056" lat="48.3441094" lon="11.7578338"/>
  <node id="3632767057" lat="48.3440818" lon="11.7578177"/>
  <node id="3632767058" lat="48.3440506" lon="11.7577990"/>
  <node id="3632767059" lat="48.3440230" lon="11.7577788"/>
  <node id="3632767060" lat="48.3439935" lon="11.7577413"/>
  <node id="3632767061" lat="48.3439717" lon="11.7576943"/>
  <node id="3632767062" lat="48.3439382" lon="11.7576380"/>
  <node id="3632767063" lat="48.3439174" lon="11.7575844"/>
  <node id="3632767064" lat="48.3438955" lon="11.7575113"/>
  <node id="3632767065" lat="48.3438771" lon="11.7573984"/>
  <node id="3632767066" lat="48.3438655" lon="11.7572397">
    <tag k="aeroway" v="holding_position"/>
    <tag k="holding_position:type" v="intermediate"/>
  </node>
  <node id="3632767067" lat="48.3438634" lon="11.7573718"/>
  <node id="3632767068" lat="48.3438567" lon="11.7574697"/>
  <node id="3632767069" lat="48.3438438" lon="11.7575904"/>
  <node id="3632767070" lat="48.3438251" lon="11.7577058"/>
  <node id="3632767071" lat="48.3437898" lon="11.7578580"/>
  <node id="3632767072" lat="48.3437596" lon="11.7579780"/>
  <node id="3632767073" lat="48.3437154" lon="11.7581316"/>
  <node id="3632767074" lat="48.3433081" lon="11.7595332"/>
  <node id="3632767075" lat="48.3433893" lon="11.7593869"/>
  <node id="3632767076" lat="48.3434414" lon="11.7593273"/>
  <node id="3632767077" lat="48.3435591" lon="11.7592501"/>
  <node id="3632767078" lat="48.3436834" lon="11.7592327"/>
  <node id="3632767079" lat="48.3438140" lon="11.7592762"/>
  <node id="3632767080" lat="48.3438942" lon="11.7593407"/>
  <node id="3632767081" lat="48.3439606" lon="11.7594305"/>
  <node id="3632767082" lat="48.3440235" lon="11.7595747"/>
  <node id="3632767083" lat="48.3440599" lon="11.7597158"/>
  <node id="3632767084" lat="48.3431288" lon="11.7805191"/>
  <node id="3632767085" lat="48.3430780" lon="11.7813512"/>
  <node id="3632767086" lat="48.3434412" lon="11.7827393"/>
  <node id="3632767087" lat="48.3433133" lon="11.7823222"/>
  <node id="3632767088" lat="48.3432033" lon="11.7819224"/>
  <node id="3632767089" lat="48.3431342" lon="11.7816180"/>
  <node id="3632767090" lat="48.3430292" lon="11.7810942"/>
  <node id="3632767091" lat="48.3429641" lon="11.7806421"/>
  <node id="3632767293" lat="48.3418550" lon="11.7657378"/>
  <node id="3632767294" lat="48.3418961" lon="11.7651104"/>
  <node id="3632767295" lat="48.3438472" lon="11.7856608"/>
  <node id="3632767296" lat="48.3437589" lon="11.7860590"/>
  <node id="3632767297" lat="48.3436617" lon="11.7866089"/>
  <node id="3632767298" lat="48.3436011" lon="11.7871775"/>
  <node id="3632767299" lat="48.3435708" lon="11.7876268"/>
  <node id="3632767300" lat="48.3435547" lon="11.7880868"/>
  <node id="3632767301" lat="48.3435550" lon="11.7883280"/>
  <node id="3632767302" lat="48.3444110" lon="11.7917693"/>
  <node id="3632767303" lat="48.3443023" lon="11.7915285"/>
  <node id="3632767304" lat="48.3441819" lon="11.7912391"/>
  <node id="3632767305" lat="48.3440879" lon="11.7909851"/>
  <node id="3632767306" lat="48.3439162" lon="11.7904416"/>
  <node id="3632767307" lat="48.3437723" lon="11.7899137"/>
  <node id="3632767308" lat="48.3436945" lon="11.7895426"/>
  <node id="3632767309" lat="48.3436229" lon="11.7892102"/>
  <node id="3632767310" lat="48.3426932" lon="11.7723168"/>
  <node id="3632767311" lat="48.3429080" lon="11.7747793"/>
  <node id="3632767312" lat="48.3428063" lon="11.7745041"/>
  <node id="3632767313" lat="48.3427123" lon="11.7742117"/>
  <node id="3632767314" lat="48.3426370" lon="11.7739556"/>
  <node id="3632767315" lat="48.3425305" lon="11.7735452"/>
  <node id="3632767316" lat="48.3424543" lon="11.7732006"/>
  <node id="3632767317" lat="48.3423972" lon="11.7728808"/>
  <node id="3632767318" lat="48.3423324" lon="11.7724308"/>
  <node id="3632767319" lat="48.3426254" lon="11.7727453"/>
  <node id="3632767320" lat="48.3425773" lon="11.7730900"/>
  <node id="3632767321" lat="48.3425104" lon="11.7739577"/>
  <node id="3632767322" lat="48.3425033" lon="11.7743399"/>
  <node id="3632767323" lat="48.3425140" lon="11.7747904"/>
  <node id="3658979915" lat="48.3499048" lon="11.7913358"/>
  <node id="3658979920" lat="48.3499421" lon="11.7915877"/>
  <node id="3658979921" lat="48.3499451" lon="11.7916421"/>
  <node id="3658979923" lat="48.3502284" lon="11.7912819"/>
  <node id="3658983929" lat="48.3502747" lon="11.7915268"/>
  <node id="3658983931" lat="48.3505665" lon="11.7912245"/>
  <node id="3658983937" lat="48.3505957" lon="11.7914761"/>
  <node id="3658983939" lat="48.3508955" lon="11.7911707"/>
  <node id="3718207825" lat="48.3474466" lon="11.7665378"/>
  <node id="3718207827" lat="48.3475246" lon="11.7675454"/>
  <node id="3718207829" lat="48.3476128" lon="11.7686843"/>
  <node id="3718207831" lat="48.3476906" lon="11.7696891"/>
  <node id="3718207836" lat="48.3479450" lon="11.7729759"/>
  <node id="3718207838" lat="48.3464497" lon="11.7675498"/>
  <node id="3718207839" lat="48.3475107" lon="11.7673654"/>
  <node id="3718207840" lat="48.3465397" lon="11.7686799"/>
  <node id="3718207841" lat="48.3475988" lon="11.7685035"/>
  <node id="3718207842" lat="48.3466239" lon="11.7698242"/>
  <node id="3718207844" lat="48.3467139" lon="11.7709964"/>
  <node id="3718207846" lat="48.3468052" lon="11.7721367"/>
  <node id="3718207847" lat="48.3478655" lon="11.7719488"/>
  <node id="3718207848" lat="48.3468909" lon="11.7732754"/>
  <node id="3718207849" lat="48.3479531" lon="11.7730799"/>
  <node id="3719424340" lat="48.3464746" lon="11.7658619"/>
  <node id="3719424341" lat="48.3463997" lon="11.7646952"/>
  <node id="3719424342" lat="48.3462945" lon="11.7635070"/>
  <node id="3719424343" lat="48.3471058" lon="11.7621347"/>
  <node id="3719424344" lat="48.3462143" lon="11.7623080"/>
  <node id="3719894466" lat="48.3461042" lon="11.7575328"/>
  <node id="3719894472" lat="48.3457562" lon="11.7575947"/>
  <node id="3719941597" lat="48.3614469" lon="11.7839339"/>
  <node id="3719941598" lat="48.3613831" lon="11.7837779"/>
  <node id="3719941599" lat="48.3613401" lon="11.7836651"/>
  <node id="3719941600" lat="48.3613018" lon="11.7835234"/>
  <node id="3719941601" lat="48.3613207" lon="11.7842462"/>
  <node id="3719941602" lat="48.3613244" lon="11.7843633"/>
  <node id="3719941603" lat="48.3613070" lon="11.7844697"/>
  <node id="3719941604" lat="48.3612721" lon="11.7845820"/>
  <node id="3719941605" lat="48.3612159" lon="11.7846927"/>
  <node id="3719941606" lat="48.3611481" lon="11.7847729"/>
  <node id="3719941607" lat="48.3610591" lon="11.7848298"/>
  <node id="3719941608" lat="48.3609647" lon="11.7848465"/>
  <node id="3719941609" lat="48.3610290" lon="11.7848589"/>
  <node id="3719941610" lat="48.3611007" lon="11.7848836"/>
  <node id="3719941611" lat="48.3611627" lon="11.7849303"/>
  <node id="3719941612" lat="48.3612343" lon="11.7849988"/>
  <node id="3719941613" lat="48.3613021" lon="11.7850862"/>
  <node id="3719941614" lat="48.3613563" lon="11.7851970"/>
  <node id="3719941615" lat="48.3613912" lon="11.7852990"/>
  <node id="3719941616" lat="48.3614082" lon="11.7853887"/>
  <node id="3719941617" lat="48.3620342" lon="11.7852116"/>
  <node id="3719941618" lat="48.3619373" lon="11.7851576"/>
  <node id="3719941619" lat="48.3618066" lon="11.7851474"/>
  <node id="3719941620" lat="48.3616856" lon="11.7851999"/>
  <node id="3719941621" lat="48.3615878" lon="11.7852946"/>
  <node id="3719941622" lat="48.3615113" lon="11.7854258">
    <tag k="aeroway" v="holding_position"/>
    <tag k="holding_position:type" v="intermediate"/>
  </node>
  <node id="3719941623" lat="48.3614696" lon="11.7855541"/>
  <node id="3719941624" lat="48.3614474" lon="11.7856823"/>
  <node id="3719942825" lat="48.3614444" lon="11.7858478"/>
  <node id="3719942826" lat="48.3607547" lon="11.7848780">
    <tag k="aeroway" v="holding_position"/>
    <tag k="holding_position:type" v="intermediate"/>
  </node>
  <node id="3719942827" lat="48.3606192" lon="11.7848668"/>
  <node id="3719942828" lat="48.3605349" lon="11.7848318"/>
  <node id="3719942829" lat="48.3604759" lon="11.7847837"/>
  <node id="3719942830" lat="48.3604139" lon="11.7847240"/>
  <node id="3719942831" lat="48.3603645" lon="11.7846409"/>
  <node id="3719942832" lat="48.3603151" lon="11.7845505"/>
  <node id="3719942833" lat="48.3602774" lon="11.7844398"/>
  <node id="3719942834" lat="48.3602458" lon="11.7842872">
    <tag k="aeroway" v="holding_position"/>
    <tag k="holding_position:type" v="intermediate"/>
  </node>
  <node id="3719942835" lat="48.3605340" lon="11.7849353"/>
  <node id="3719942836" lat="48.3604923" lon="11.7849674"/>
  <node id="3719942837" lat="48.3604517" lon="11.7850169"/>
  <node id="3719942838" lat="48.3604168" lon="11.7850708"/>
  <node id="3719942839" lat="48.3603868" lon="11.7851306"/>
  <node id="3719942840" lat="48.3603597" lon="11.7852020"/>
  <node id="3719942841" lat="48.3603432" lon="11.7852676"/>
  <node id="3719942842" lat="48.3603286" lon="11.7853658"/>
  <node id="3719942843" lat="48.3621255" lon="11.7929336"/>
  <node id="3719942844" lat="48.3622068" lon="11.7928928"/>
  <node id="3719942845" lat="48.3622993" lon="11.7928160"/>
  <node id="3719942846" lat="48.3623759" lon="11.7927440"/>
  <node id="3719942847" lat="48.3624492" lon="11.7926479"/>
  <node id="3719942848" lat="48.3625402" lon="11.7925063"/>
  <node id="3719942849" lat="48.3626427" lon="11.7922772"/>
  <node id="3719942850" lat="48.3620569" lon="11.7921054"/>
  <node id="3719942851" lat="48.3619883" lon="11.7919205"/>
  <node id="3719942852" lat="48.3619229" lon="11.7917189"/>
  <node id="3719942853" lat="48.3626733" lon="11.7921710"/>
  <node id="3719942854" lat="48.3626046" lon="11.7922882"/>
  <node id="3719942855" lat="48.3625213" lon="11.7923946"/>
  <node id="3719942856" lat="48.3624254" lon="11.7924486"/>
  <node id="3719942857" lat="48.3623218" lon="11.7924661"/>
  <node id="3719942858" lat="48.3621998" lon="11.7924384"/>
  <node id="3719942859" lat="48.3620623" lon="11.7923291"/>
  <node id="3719942860" lat="48.3619858" lon="11.7922052"/>
  <node id="3719942861" lat="48.3619403" lon="11.7920915"/>
  <node id="3719942862" lat="48.3619207" lon="11.7919689"/>
  <node id="3719942863" lat="48.3619438" lon="11.7922658"/>
  <node id="3719942864" lat="48.3619465" lon="11.7924045"/>
  <node id="3719942865" lat="48.3619301" lon="11.7925546"/>
  <node id="3719942866" lat="48.3618836" lon="11.7927032"/>
  <node id="3719942867" lat="48.3618255" lon="11.7928300"/>
  <node id="3719942868" lat="48.3617451" lon="11.7929306"/>
  <node id="3719942869" lat="48.3616696" lon="11.7929962"/>
  <node id="3719942870" lat="48.3615757" lon="11.7930435"/>
  <node id="3719942871" lat="48.3616347" lon="11.7930530"/>
  <node id="3719942872" lat="48.3617025" lon="11.7930734"/>
  <node id="3719942873" lat="48.3617916" lon="11.7931157"/>
  <node id="3719942874" lat="48.3618729" lon="11.7931886"/>
  <node id="3719942875" lat="48.3619310" lon="11.7932775"/>
  <node id="3719942876" lat="48.3619756" lon="11.7933649"/>
  <node id="3719942877" lat="48.3620104" lon="11.7934567"/>
  <node id="3719942878" lat="48.3620308" lon="11.7935311"/>
  <node id="3719942879" lat="48.3620591" lon="11.7936437">
    <tag k="aeroway" v="holding_position"/>
    <tag k="holding_position:type" v="intermediate"/>
  </node>
  <node id="3719942880" lat="48.3616970" lon="11.7946625"/>
  <node id="3719942881" lat="48.3617861" lon="11.7946669"/>
  <node id="3719942882" lat="48.3618732" lon="11.7947048"/>
  <node id="3719942883" lat="48.3619410" lon="11.7947529"/>
  <node id="3719942884" lat="48.3620097" lon="11.7948228"/>
  <node id="3719942885" lat="48.3620562" lon="11.7948928"/>
  <node id="3719942886" lat="48.3621056" lon="11.7949919"/>
  <node id="3719942887" lat="48.3621443" lon="11.7951012"/>
  <node id="3719942888" lat="48.3621637" lon="11.7952091"/>
  <node id="3719942889" lat="48.3621844" lon="11.7953492"/>
  <node id="3719942890" lat="48.3630041" lon="11.7976358"/>
  <node id="3719942891" lat="48.3629508" lon="11.7976955"/>
  <node id="3719942892" lat="48.3628830" lon="11.7977494"/>
  <node id="3719942893" lat="48.3628036" lon="11.7977946"/>
  <node id="3719942894" lat="48.3627329" lon="11.7978019"/>
  <node id="3719942895" lat="48.3626942" lon="11.7978004"/>
  <node id="3719942896" lat="48.3626409" lon="11.7977873"/>
  <node id="3719942897" lat="48.3625751" lon="11.7977524"/>
  <node id="3719942898" lat="48.3624938" lon="11.7976839"/>
  <node id="3719942899" lat="48.3624269" lon="11.7975920"/>
  <node id="3719942900" lat="48.3623776" lon="11.7974929"/>
  <node id="3719942901" lat="48.3623533" lon="11.7974244"/>
  <node id="3719942902" lat="48.3623313" lon="11.7973297"/>
  <node id="3719942903" lat="48.3627204" lon="11.7987439"/>
  <node id="3719942904" lat="48.3626003" lon="11.7991578"/>
  <node id="3719942905" lat="48.3625790" lon="11.7992438"/>
  <node id="3719942906" lat="48.3625548" lon="11.7993618"/>
  <node id="3719942907" lat="48.3625374" lon="11.7994930"/>
  <node id="3719942908" lat="48.3625287" lon="11.7996052"/>
  <node id="3719942909" lat="48.3625267" lon="11.7996766"/>
  <node id="3719942910" lat="48.3625267" lon="11.7997539"/>
  <node id="3719942911" lat="48.3625221" lon="11.7998419"/>
  <node id="3719942912" lat="48.3624523" lon="11.7989357"/>
  <node id="3719942913" lat="48.3624409" lon="11.7988610"/>
  <node id="3719942914" lat="48.3624227" lon="11.7987938"/>
  <node id="3719942915" lat="48.3624004" lon="11.7987354"/>
  <node id="3719942916" lat="48.3623674" lon="11.7986549"/>
  <node id="3719942917" lat="48.3623310" lon="11.7985912"/>
  <node id="3719942918" lat="48.3622975" lon="11.7985505"/>
  <node id="3719942919" lat="48.3622569" lon="11.7985036"/>
  <node id="3719942920" lat="48.3622117" lon="11.7984673"/>
  <node id="3719942921" lat="48.3621634" lon="11.7984328"/>
  <node id="3719942922" lat="48.3621052" lon="11.7984036"/>
  <node id="3719942923" lat="48.3620535" lon="11.7983912"/>
  <node id="3719942924" lat="48.3619853" lon="11.7983871"/>
  <node id="3719942925" lat="48.3635782" lon="11.8050002"/>
  <node id="3719942926" lat="48.3635075" lon="11.8050876"/>
  <node id="3719942927" lat="48.3634397" lon="11.8051343"/>
  <node id="3719942928" lat="48.3633652" lon="11.8051649"/>
  <node id="3719942929" lat="48.3632713" lon="11.8051751"/>
  <node id="3719942930" lat="48.3631860" lon="11.8051561"/>
  <node id="3719942931" lat="48.3631173" lon="11.8051109"/>
  <node id="3719942932" lat="48.3630360" lon="11.8050308"/>
  <node id="3719942933" lat="48.3629740" lon="11.8049390"/>
  <node id="3719942934" lat="48.3629352" lon="11.8048457"/>
  <node id="3719942935" lat="48.3628952" lon="11.8046851"/>
  <node id="3719942936" lat="48.3631860" lon="11.8064693"/>
  <node id="3719942937" lat="48.3631628" lon="11.8065523"/>
  <node id="3719942938" lat="48.3631367" lon="11.8066689"/>
  <node id="3719942939" lat="48.3631095" lon="11.8068205"/>
  <node id="3719942940" lat="48.3630970" lon="11.8069531"/>
  <node id="3719942941" lat="48.3630931" lon="11.8070901"/>
  <node id="3719942942" lat="48.3630906" lon="11.8072355"/>
  <node id="3719942943" lat="48.3640895" lon="11.8119982"/>
  <node id="3719942944" lat="48.3640150" lon="11.8120740"/>
  <node id="3719942945" lat="48.3639462" lon="11.8121178"/>
  <node id="3719942946" lat="48.3638920" lon="11.8121367"/>
  <node id="3719942947" lat="48.3638455" lon="11.8121411"/>
  <node id="3719942948" lat="48.3637913" lon="11.8121411"/>
  <node id="3719942949" lat="48.3637371" lon="11.8121236"/>
  <node id="3719942950" lat="48.3636683" lon="11.8120901"/>
  <node id="3719942951" lat="48.3636276" lon="11.8120565"/>
  <node id="3719942952" lat="48.3635734" lon="11.8120041"/>
  <node id="3719942953" lat="48.3635260" lon="11.8119312"/>
  <node id="3719942954" lat="48.3634727" lon="11.8118131"/>
  <node id="3719942955" lat="48.3634315" lon="11.8116616"/>
  <node id="3719942956" lat="48.3636515" lon="11.8125934"/>
  <node id="3719942957" lat="48.3639149" lon="11.8123681"/>
  <node id="3719942958" lat="48.3641116" lon="11.8120434"/>
  <node id="3719942959" lat="48.3637360" lon="11.8133741">
    <tag k="aeroway" v="holding_position"/>
    <tag k="holding_position:type" v="intermediate"/>
  </node>
  <node id="3719942960" lat="48.3636836" lon="11.8135629"/>
  <node id="3719942961" lat="48.3636506" lon="11.8137451"/>
  <node id="3719942962" lat="48.3636337" lon="11.8138954"/>
  <node id="3719942963" lat="48.3636257" lon="11.8140345"/>
  <node id="3719942964" lat="48.3636218" lon="11.8141688"/>
  <node id="3719942965" lat="48.3630980" lon="11.8127204"/>
  <node id="3719942966" lat="48.3631661" lon="11.8126865"/>
  <node id="3719942967" lat="48.3632219" lon="11.8126489"/>
  <node id="3719942968" lat="48.3632894" lon="11.8125760"/>
  <node id="3719942969" lat="48.3633305" lon="11.8125197"/>
  <node id="3719942970" lat="48.3633738" lon="11.8124401"/>
  <node id="3719942971" lat="48.3634039" lon="11.8123683"/>
  <node id="3719942972" lat="48.3634317" lon="11.8122778"/>
  <node id="3719942973" lat="48.3634464" lon="11.8122027"/>
  <node id="3719942974" lat="48.3634545" lon="11.8121265"/>
  <node id="3719942975" lat="48.3634608" lon="11.8120338"/>
  <node id="3719942976" lat="48.3631612" lon="11.8127312"/>
  <node id="3719942977" lat="48.3632169" lon="11.8127511"/>
  <node id="3719942978" lat="48.3632727" lon="11.8127787"/>
  <node id="3719942979" lat="48.3633285" lon="11.8128218"/>
  <node id="3719942980" lat="48.3633820" lon="11.8128803"/>
  <node id="3719942981" lat="48.3634253" lon="11.8129366"/>
  <node id="3719942982" lat="48.3634686" lon="11.8130029"/>
  <node id="3719942983" lat="48.3635046" lon="11.8130913"/>
  <node id="3719942984" lat="48.3635288" lon="11.8131697"/>
  <node id="3719942985" lat="48.3635515" lon="11.8132638"/>
  <node id="3719942986" lat="48.3627487" lon="11.8127812"/>
  <node id="3719942987" lat="48.3626971" lon="11.8127803"/>
  <node id="3719942988" lat="48.3626463" lon="11.8127622"/>
  <node id="3719942989" lat="48.3625991" lon="11.8127374"/>
  <node id="3719942990" lat="48.3625429" lon="11.8126884"/>
  <node id="3719942991" lat="48.3625055" lon="11.8126428"/>
  <node id="3719942992" lat="48.3624730" lon="11.8125872"/>
  <node id="3719942993" lat="48.3624382" lon="11.8125087"/>
  <node id="3719942994" lat="48.3624182" lon="11.8124544"/>
  <node id="3719942995" lat="48.3624016" lon="11.8123895"/>
  <node id="3719942996" lat="48.3621996" lon="11.8058206"/>
  <node id="3719942997" lat="48.3621492" lon="11.8058139"/>
  <node id="3719942998" lat="48.3621030" lon="11.8057973"/>
  <node id="3719942999" lat="48.3620553" lon="11.8057664"/>
  <node id="3719943000" lat="48.3620164" lon="11.8057299"/>
  <node id="3719943001" lat="48.3619789" lon="11.8056879"/>
  <node id="3719943002" lat="48.3619386" lon="11.8056316"/>
  <node id="3719943003" lat="48.3619026" lon="11.8055488"/>
  <node id="3719943004" lat="48.3618784" lon="11.8054693"/>
  <node id="3719943005" lat="48.3618652" lon="11.8054019"/>
  <node id="3719943006" lat="48.3616953" lon="11.7984362"/>
  <node id="3719943007" lat="48.3616215" lon="11.7984423"/>
  <node id="3719943008" lat="48.3615466" lon="11.7984240"/>
  <node id="3719943009" lat="48.3614706" lon="11.7983751"/>
  <node id="3719943010" lat="48.3614170" lon="11.7983161"/>
  <node id="3719943011" lat="48.3613694" lon="11.7982485"/>
  <node id="3719943012" lat="48.3613413" lon="11.7981875"/>
  <node id="3719943013" lat="48.3613248" lon="11.7981419"/>
  <node id="3719943014" lat="48.3612987" lon="11.7980193"/>
  <node id="3719943015" lat="48.3607670" lon="11.7948166"/>
  <node id="3719943016" lat="48.3607981" lon="11.7948285"/>
  <node id="3719943017" lat="48.3608472" lon="11.7948473"/>
  <node id="3719943018" lat="48.3608942" lon="11.7948771"/>
  <node id="3719943019" lat="48.3609368" lon="11.7949147"/>
  <node id="3719943020" lat="48.3609793" lon="11.7949644"/>
  <node id="3719943021" lat="48.3610124" lon="11.7950207"/>
  <node id="3719943022" lat="48.3610425" lon="11.7950815"/>
  <node id="3719943023" lat="48.3610667" lon="11.7951433"/>
  <node id="3719943024" lat="48.3610880" lon="11.7952414"/>
  <node id="3719943025" lat="48.3606174" lon="11.7948372"/>
  <node id="3719943026" lat="48.3606893" lon="11.7948063"/>
  <node id="3719943027" lat="48.3607627" lon="11.7947599"/>
  <node id="3719943028" lat="48.3608134" lon="11.7947124"/>
  <node id="3719943029" lat="48.3608581" lon="11.7946550"/>
  <node id="3719943030" lat="48.3608992" lon="11.7945887"/>
  <node id="3719943031" lat="48.3609315" lon="11.7945158"/>
  <node id="3719943032" lat="48.3609579" lon="11.7944363"/>
  <node id="3719943033" lat="48.3609778" lon="11.7943766"/>
  <node id="3719943034" lat="48.3609939" lon="11.7942629"/>
  <node id="3719943035" lat="48.3610053" lon="11.7941599"/>
  <node id="3719943036" lat="48.3610247" lon="11.7942485"/>
  <node id="3719943037" lat="48.3610504" lon="11.7943247"/>
  <node id="3719943038" lat="48.3610849" lon="11.7943987"/>
  <node id="3719943039" lat="48.3611245" lon="11.7944727"/>
  <node id="3719943040" lat="48.3611693" lon="11.7945324"/>
  <node id="3719943041" lat="48.3612053" lon="11.7945699"/>
  <node id="3719943042" lat="48.3612566" lon="11.7946174"/>
  <node id="3719943043" lat="48.3613124" lon="11.7946527"/>
  <node id="3719943044" lat="48.3613719" lon="11.7946793"/>
  <node id="3719943045" lat="48.3614262" lon="11.7946914"/>
  <node id="3719943046" lat="48.3614998" lon="11.7946945"/>
  <node id="3719943047" lat="48.3614350" lon="11.7947168"/>
  <node id="3719943048" lat="48.3613836" lon="11.7947444"/>
  <node id="3719943049" lat="48.3613271" lon="11.7947886"/>
  <node id="3719943050" lat="48.3612919" lon="11.7948228"/>
  <node id="3719943051" lat="48.3612566" lon="11.7948703"/>
  <node id="3719943052" lat="48.3612192" lon="11.7949256"/>
  <node id="3719943053" lat="48.3611906" lon="11.7949797"/>
  <node id="3719943054" lat="48.3611634" lon="11.7950449"/>
  <node id="3719943055" lat="48.3611348" lon="11.7951310"/>
  <node id="3719943056" lat="48.3611172" lon="11.7952105"/>
  <node id="3719943057" lat="48.3611040" lon="11.7952956"/>
  <node id="3719943058" lat="48.3610983" lon="11.7953778"/>
  <node id="3719943059" lat="48.3608808" lon="11.7925411"/>
  <node id="3719943060" lat="48.3608942" lon="11.7926250"/>
  <node id="3719943061" lat="48.3609199" lon="11.7927078"/>
  <node id="3719943062" lat="48.3609565" lon="11.7927929"/>
  <node id="3719943063" lat="48.3609903" lon="11.7928569"/>
  <node id="3719943064" lat="48.3610321" lon="11.7929177"/>
  <node id="3719943065" lat="48.3610835" lon="11.7929707"/>
  <node id="3719943066" lat="48.3611386" lon="11.7930204"/>
  <node id="3719943067" lat="48.3611914" lon="11.7930535"/>
  <node id="3719943068" lat="48.3612516" lon="11.7930712"/>
  <node id="3719943069" lat="48.3613479" lon="11.7930899"/>
  <node id="3719943070" lat="48.3608758" lon="11.7924763">
    <tag k="aeroway" v="holding_position"/>
    <tag k="holding_position:type" v="intermediate"/>
  </node>
  <node id="3719943071" lat="48.3608774" lon="11.7925589"/>
  <node id="3719943072" lat="48.3608846" lon="11.7926703"/>
  <node id="3719943073" lat="48.3608841" lon="11.7927708"/>
  <node id="3719943074" lat="48.3608605" lon="11.7928909"/>
  <node id="3719943075" lat="48.3608280" lon="11.7929834"/>
  <node id="3719943076" lat="48.3607830" lon="11.7930699"/>
  <node id="3719943077" lat="48.3607358" lon="11.7931276"/>
  <node id="3719943078" lat="48.3606957" lon="11.7931658"/>
  <node id="3719943079" lat="48.3606418" lon="11.7931953"/>
  <node id="3719943080" lat="48.3606111" lon="11.7932110"/>
  <node id="3719943081" lat="48.3605326" lon="11.7932208"/>
  <node id="3719943082" lat="48.3605950" lon="11.7932369"/>
  <node id="3719943083" lat="48.3606636" lon="11.7932711"/>
  <node id="3719943084" lat="48.3607246" lon="11.7933086"/>
  <node id="3719943085" lat="48.3607852" lon="11.7933656"/>
  <node id="3719943086" lat="48.3608525" lon="11.7934528"/>
  <node id="3719943087" lat="48.3608988" lon="11.7935366"/>
  <node id="3719943088" lat="48.3609345" lon="11.7936305"/>
  <node id="3719943089" lat="48.3609594" lon="11.7937304"/>
  <node id="3719943090" lat="48.3609746" lon="11.7938089"/>
  <node id="3719943091" lat="48.3612980" lon="11.7931093"/>
  <node id="3719943092" lat="48.3612152" lon="11.7931643"/>
  <node id="3719943093" lat="48.3611457" lon="11.7932388"/>
  <node id="3719943094" lat="48.3610984" lon="11.7933085"/>
  <node id="3719943095" lat="48.3610557" lon="11.7933876"/>
  <node id="3719943096" lat="48.3610240" lon="11.7934627"/>
  <node id="3719943097" lat="48.3609982" lon="11.7935539"/>
  <node id="3719943098" lat="48.3609835" lon="11.7936310"/>
  <node id="3719943099" lat="48.3609763" lon="11.7936941"/>
  <node id="3719943100" lat="48.3602977" lon="11.7849642"/>
  <node id="3719950784" lat="48.3469479" lon="11.7872749"/>
  <node id="4100077236" lat="48.3415202" lon="11.7502330">
    <tag k="aeroway" v="holding_position"/>
    <tag k="holding_position:type" v="runway"/>
    <tag k="ref" v="08R B1"/>
  </node>
  <node id="4100077237" lat="48.3417414" lon="11.7525951">
    <tag k="aeroway" v="holding_position"/>
    <tag k="holding_position:type" v="runway"/>
    <tag k="ref" v="08R B3"/>
  </node>
  <node id="4100077238" lat="48.3413616" lon="11.7526751"/>
  <node id="4100077239" lat="48.3410792" lon="11.7529091"/>
  <node id="4100077240" lat="48.3409658" lon="11.7531172"/>
  <node id="4100077241" lat="48.3409012" lon="11.7533248"/>
  <node id="4100077242" lat="48.3408865" lon="11.7534446"/>
  <node id="4100077243" lat="48.3414038" lon="11.7513299"/>
  <node id="4100077244" lat="48.3409615" lon="11.7520895"/>
  <node id="4100077245" lat="48.3408487" lon="11.7526135"/>
  <node id="4100077246" lat="48.3408342" lon="11.7527695"/>
  <node id="4100077247" lat="48.3409008" lon="11.7517723"/>
  <node id="4100077248" lat="48.3408239" lon="11.7523219"/>
  <node id="4100077249" lat="48.3410358" lon="11.7512612"/>
  <node id="4100077250" lat="48.3412169" lon="11.7507982"/>
  <node id="4100077251" lat="48.3415157" lon="11.7512218"/>
  <node id="4100077252" lat="48.3424690" lon="11.7624056">
    <tag k="aeroway" v="holding_position"/>
    <tag k="holding_position:type" v="runway"/>
    <tag k="ref" v="08R B4"/>
  </node>
  <node id="4100077253" lat="48.3431601" lon="11.7705379">
    <tag k="aeroway" v="holding_position"/>
    <tag k="holding_position:type" v="runway"/>
    <tag k="ref" v="08R B6"/>
  </node>
  <node id="4100077254" lat="48.3445429" lon="11.7850849">
    <tag k="aeroway" v="holding_position"/>
    <tag k="holding_position:type" v="runway"/>
    <tag k="ref" v="26L B10"/>
  </node>
  <node id="4100077255" lat="48.3455905" lon="11.8027163">
    <tag k="aeroway" v="holding_position"/>
    <tag k="holding_position:type" v="runway"/>
    <tag k="ref" v="26L B13"/>
  </node>
  <node id="4100077256" lat="48.3458623" lon="11.8041937">
    <tag k="aeroway" v="holding_position"/>
    <tag k="holding_position:type" v="runway"/>
    <tag k="ref" v="26L B14"/>
  </node>
  <node id="4100077257" lat="48.3457355" lon="11.8050800">
    <tag k="aeroway" v="holding_position"/>
    <tag k="holding_position:type" v="runway"/>
    <tag k="ref" v="26L B15"/>
  </node>
  <node id="4100096489" lat="48.3616175" lon="11.7668440">
    <tag k="aeroway" v="holding_position"/>
    <tag k="holding_position:type" v="runway"/>
    <tag k="ref" v="08L A1"/>
  </node>
  <node id="4100096490" lat="48.3617032" lon="11.7679687">
    <tag k="aeroway" v="holding_position"/>
    <tag k="holding_position:type" v="runway"/>
    <tag k="ref" v="08L A2"/>
  </node>
  <node id="4100096491" lat="48.3619612" lon="11.7680466"/>
  <node id="4100096492" lat="48.3619219" lon="11.7694598">
    <tag k="aeroway" v="holding_position"/>
    <tag k="holding_position:type" v="runway"/>
    <tag k="ref" v="08L A3"/>
  </node>
  <node id="4100096493" lat="48.3624992" lon="11.7694517"/>
  <node id="4100096494" lat="48.3624197" lon="11.7694143"/>
  <node id="4100096495" lat="48.3622277" lon="11.7694092"/>
  <node id="4100096496" lat="48.3627909" lon="11.7697140"/>
  <node id="4100096497" lat="48.3629120" lon="11.7699877"/>
  <node id="4100096498" lat="48.3627542" lon="11.7796411">
    <tag k="aeroway" v="holding_position"/>
    <tag k="holding_position:type" v="runway"/>
    <tag k="ref" v="08L A4"/>
  </node>
  <node id="4100096499" lat="48.3633173" lon="11.7876917">
    <tag k="aeroway" v="holding_position"/>
    <tag k="holding_position:type" v="runway"/>
    <tag k="ref" v="08L A6"/>
  </node>
  <node id="4100096500" lat="48.3644186" lon="11.8021964">
    <tag k="aeroway" v="holding_position"/>
    <tag k="holding_position:type" v="runway"/>
    <tag k="ref" v="26R A10"/>
  </node>
  <node id="4100096501" lat="48.3650085" lon="11.8089865">
    <tag k="aeroway" v="holding_position"/>
    <tag k="holding_position:type" v="runway"/>
    <tag k="ref" v="26R A12"/>
  </node>
  <node id="4100096502" lat="48.3658155" lon="11.8197982">
    <tag k="aeroway" v="holding_position"/>
    <tag k="holding_position:type" v="runway"/>
    <tag k="ref" v="26R A13"/>
  </node>
  <node id="4100096503" lat="48.3658106" lon="11.8211082">
    <tag k="aeroway" v="holding_position"/>
    <tag k="holding_position:type" v="runway"/>
    <tag k="ref" v="26R A14"/>
  </node>
  <node id="4100096504" lat="48.3660169" lon="11.8219543">
    <tag k="aeroway" v="holding_position"/>
    <tag k="holding_position:type" v="runway"/>
    <tag k="ref" v="26R A15"/>
  </node>
  <node id="4100096505" lat="48.3657032" lon="11.8211535"/>
  <node id="4100096506" lat="48.3662356" lon="11.8196964"/>
  <node id="4423020575" lat="48.3446876" lon="11.8030588"/>
  <node id="4756557781" lat="48.3487670" lon="11.7784313"/>
  <node id="4756557782" lat="48.3488316" lon="11.7783827"/>
  <node id="4756557783" lat="48.3489161" lon="11.7783453"/>
  <node id="4756557784" lat="48.3490177" lon="11.7783266"/>
  <node id="4756557785" lat="48.3484605" lon="11.7786791"/>
  <node id="4756557786" lat="48.3484023" lon="11.7787105"/>
  <node id="4756557787" lat="48.3488776" lon="11.7789425"/>
  <node id="4756557788" lat="48.3489364" lon="11.7789541"/>
  <node id="4756557789" lat="48.3489927" lon="11.7789598"/>
  <node id="4756557790" lat="48.3490533" lon="11.7789535"/>
  <node id="4756557791" lat="48.3486498" lon="11.7794582"/>
  <node id="4756557798" lat="48.3573295" lon="11.7768937"/>
  <node id="4756557799" lat="48.3573730" lon="11.7775155"/>
  <node id="4756570151" lat="48.3517780" lon="11.7783391"/>
  <node id="4756570152" lat="48.3520716" lon="11.7778001"/>
  <node id="4756570156" lat="48.3514091" lon="11.7779144"/>
  <node id="4756570160" lat="48.3518232" lon="11.7789447"/>
  <node id="4756570161" lat="48.3521025" lon="11.7784266"/>
  <node id="4756570165" lat="48.3514575" lon="11.7785383"/>
  <node id="4756685758" lat="48.3550937" lon="11.7772792"/>
  <node id="4756685766" lat="48.3544299" lon="11.7773936"/>
  <node id="4756685774" lat="48.3551340" lon="11.7779012"/>
  <node id="4756685777" lat="48.3544838" lon="11.7780139"/>
  <node id="4756685791" lat="48.3575802" lon="11.7773231"/>
  <node id="4756685792" lat="48.3576961" lon="11.7775258"/>
  <node id="4756685793" lat="48.3574256" lon="11.7772017"/>
  <node id="4756685794" lat="48.3575066" lon="11.7772515"/>
  <node id="4756685795" lat="48.3576442" lon="11.7774172"/>
  <node id="4756685796" lat="48.3573378" lon="11.7771764"/>
  <node id="4756685797" lat="48.3578527" lon="11.7772725"/>
  <node id="4756685798" lat="48.3577705" lon="11.7775095"/>
  <node id="4756685799" lat="48.3579905" lon="11.7771119"/>
  <node id="4756685800" lat="48.3580660" lon="11.7770516"/>
  <node id="4756685801" lat="48.3579192" lon="11.7771813"/>
  <node id="4756685802" lat="48.3578043" lon="11.7773837"/>
  <node id="4756685803" lat="48.3577512" lon="11.7776425"/>
  <node id="4756685804" lat="48.3577333" lon="11.7776470"/>
  <node id="4756685805" lat="48.3577675" lon="11.7779487"/>
  <node id="4756685806" lat="48.3576235" lon="11.7776157"/>
  <node id="4756685807" lat="48.3577136" lon="11.7777585"/>
  <node id="4756685808" lat="48.3575043" lon="11.7775329"/>
  <node id="4756685809" lat="48.3575663" lon="11.7775652"/>
  <node id="4756685810" lat="48.3576722" lon="11.7776798"/>
  <node id="4756685811" lat="48.3577442" lon="11.7778500"/>
  <node id="4756685812" lat="48.3574399" lon="11.7775169"/>
  <node id="4756685813" lat="48.3577293" lon="11.7774717"/>
  <node id="4756685814" lat="48.3576204" lon="11.7770548"/>
  <node id="4756685815" lat="48.3577026" lon="11.7772450"/>
  <node id="4756685816" lat="48.3577211" lon="11.7773557"/>
  <node id="4756685817" lat="48.3576676" lon="11.7771421"/>
  <node id="4756685818" lat="48.3574871" lon="11.7769273"/>
  <node id="4756685819" lat="48.3574101" lon="11.7768974"/>
  <node id="4756685820" lat="48.3575590" lon="11.7769793"/>
  <node id="4756690721" lat="48.3577800" lon="11.7770681"/>
  <node id="4756690722" lat="48.3578255" lon="11.7770769"/>
  <node id="4756690731" lat="48.3579220" lon="11.7784585"/>
  <node id="4756690732" lat="48.3580802" lon="11.7785987"/>
  <node id="4756690733" lat="48.3581763" lon="11.7786343"/>
  <node id="4756690734" lat="48.3579951" lon="11.7785395"/>
  <node id="4756690735" lat="48.3578085" lon="11.7782309"/>
  <node id="4756690736" lat="48.3578580" lon="11.7783501"/>
  <node id="4756690737" lat="48.3577832" lon="11.7780898"/>
  <node id="4756690738" lat="48.3518658" lon="11.7779787"/>
  <node id="4756690739" lat="48.3519626" lon="11.7778638"/>
  <node id="4756690740" lat="48.3517994" lon="11.7781446"/>
  <node id="4756690741" lat="48.3517826" lon="11.7782418"/>
  <node id="4756690742" lat="48.3518291" lon="11.7780577"/>
  <node id="4756690743" lat="48.3519125" lon="11.7779174"/>
  <node id="4756690744" lat="48.3520162" lon="11.7778259"/>
  <node id="4756690745" lat="48.3516429" lon="11.7780373"/>
  <node id="4756690746" lat="48.3517261" lon="11.7781713"/>
  <node id="4756690747" lat="48.3515338" lon="11.7779452"/>
  <node id="4756690748" lat="48.3517546" lon="11.7782513"/>
  <node id="4756690749" lat="48.3516871" lon="11.7780978"/>
  <node id="4756690750" lat="48.3515901" lon="11.7779847"/>
  <node id="4756690751" lat="48.3514731" lon="11.7779226"/>
  <node id="4756690752" lat="48.3516345" lon="11.7783461"/>
  <node id="4756690753" lat="48.3517548" lon="11.7785422"/>
  <node id="4756690754" lat="48.3517919" lon="11.7786657"/>
  <node id="4756690755" lat="48.3516999" lon="11.7784363"/>
  <node id="4756690756" lat="48.3514764" lon="11.7782247"/>
  <node id="4756690757" lat="48.3513895" lon="11.7782006"/>
  <node id="4756690758" lat="48.3515607" lon="11.7782750"/>
  <node id="4756690759" lat="48.3516880" lon="11.7786437"/>
  <node id="4756690760" lat="48.3517743" lon="11.7787773"/>
  <node id="4756690761" lat="48.3517343" lon="11.7787049"/>
  <node id="4756690762" lat="48.3518025" lon="11.7788563"/>
  <node id="4756690763" lat="48.3515796" lon="11.7785611"/>
  <node id="4756690764" lat="48.3516363" lon="11.7785968"/>
  <node id="4756690765" lat="48.3515198" lon="11.7785413"/>
  <node id="4756690766" lat="48.3519220" lon="11.7782815"/>
  <node id="4756690767" lat="48.3520530" lon="11.7781221"/>
  <node id="4756690768" lat="48.3521310" lon="11.7780714"/>
  <node id="4756690769" lat="48.3519838" lon="11.7781924"/>
  <node id="4756690770" lat="48.3518316" lon="11.7785240"/>
  <node id="4756690771" lat="48.3518132" lon="11.7786611"/>
  <node id="4756690772" lat="48.3518706" lon="11.7783962"/>
  <node id="4756690773" lat="48.3519091" lon="11.7786126"/>
  <node id="4756690774" lat="48.3519990" lon="11.7784981"/>
  <node id="4756690775" lat="48.3520495" lon="11.7784567"/>
  <node id="4756690776" lat="48.3519509" lon="11.7785497"/>
  <node id="4756690777" lat="48.3518500" lon="11.7787684"/>
  <node id="4756690778" lat="48.3518329" lon="11.7788547"/>
  <node id="4756690779" lat="48.3518764" lon="11.7786877"/>
  <node id="4756690780" lat="48.3486212" lon="11.7791102"/>
  <node id="4756690781" lat="48.3486203" lon="11.7787307"/>
  <node id="4756690782" lat="48.3486062" lon="11.7789169"/>
  <node id="4756690783" lat="48.3486792" lon="11.7785628"/>
  <node id="4756690784" lat="48.3486461" lon="11.7786413"/>
  <node id="4756690785" lat="48.3486072" lon="11.7788238"/>
  <node id="4756690786" lat="48.3487193" lon="11.7784943"/>
  <node id="4756690787" lat="48.3484926" lon="11.7789327"/>
  <node id="4756690788" lat="48.3485880" lon="11.7791153"/>
  <node id="4756690789" lat="48.3483622" lon="11.7788101"/>
  <node id="4756690790" lat="48.3484310" lon="11.7788623"/>
  <node id="4756690791" lat="48.3485451" lon="11.7790204"/>
  <node id="4756690792" lat="48.3486187" lon="11.7792175"/>
  <node id="4756690793" lat="48.3482883" lon="11.7787740"/>
  <node id="4756690794" lat="48.3487488" lon="11.7788251"/>
  <node id="4756690795" lat="48.3488776" lon="11.7786714"/>
  <node id="4756690796" lat="48.3489506" lon="11.7786233"/>
  <node id="4756690797" lat="48.3488106" lon="11.7787417"/>
  <node id="4756690798" lat="48.3486614" lon="11.7790544"/>
  <node id="4756690799" lat="48.3486402" lon="11.7791952"/>
  <node id="4756690800" lat="48.3487008" lon="11.7789319"/>
  <node id="4756690801" lat="48.3486579" lon="11.7795633"/>
  <node id="4756690802" lat="48.3485664" lon="11.7800935"/>
  <node id="4756690803" lat="48.3486487" lon="11.7798473"/>
  <node id="4756690804" lat="48.3486602" lon="11.7797122"/>
  <node id="4756690805" lat="48.3486127" lon="11.7799739"/>
  <node id="4756690806" lat="48.3484280" lon="11.7802751"/>
  <node id="4756690807" lat="48.3485017" lon="11.7801938"/>
  <node id="4756690808" lat="48.3483479" lon="11.7803306"/>
  <node id="4756690809" lat="48.3485898" lon="11.7805077"/>
  <node id="4756690810" lat="48.3487064" lon="11.7807111"/>
  <node id="4756690811" lat="48.3487424" lon="11.7808296"/>
  <node id="4756690812" lat="48.3486559" lon="11.7806011"/>
  <node id="4756690813" lat="48.3484342" lon="11.7803857"/>
  <node id="4756690814" lat="48.3485152" lon="11.7804407"/>
  <node id="4756690815" lat="48.3483508" lon="11.7803582"/>
  <node id="4756690816" lat="48.3487742" lon="11.7791010"/>
  <node id="4756690817" lat="48.3488787" lon="11.7790052"/>
  <node id="4756690818" lat="48.3489357" lon="11.7789765"/>
  <node id="4756690819" lat="48.3488248" lon="11.7790471"/>
  <node id="4756690820" lat="48.3486936" lon="11.7792676"/>
  <node id="4756690821" lat="48.3486669" lon="11.7793605"/>
  <node id="4756690822" lat="48.3487299" lon="11.7791795"/>
  <node id="4756690823" lat="48.3488887" lon="11.7826380"/>
  <node id="4756690824" lat="48.3489826" lon="11.7821594"/>
  <node id="4756690825" lat="48.3488646" lon="11.7819376"/>
  <node id="4756690826" lat="48.3488368" lon="11.7818050"/>
  <node id="4756690827" lat="48.3489169" lon="11.7820569"/>
  <node id="4756690828" lat="48.3491398" lon="11.7822934"/>
  <node id="4756690829" lat="48.3492318" lon="11.7823218"/>
  <node id="4756690830" lat="48.3490601" lon="11.7822398"/>
  <node id="4756690831" lat="48.3493526" lon="11.7826784"/>
  <node id="4756690832" lat="48.3488520" lon="11.7820803"/>
  <node id="4756690833" lat="48.3490014" lon="11.7825942"/>
  <node id="4756690834" lat="48.3491677" lon="11.7826923"/>
  <node id="4756690835" lat="48.3492601" lon="11.7826947"/>
  <node id="4756690836" lat="48.3490768" lon="11.7826572"/>
  <node id="4756690840" lat="48.3490369" lon="11.7822158"/>
  <node id="4756690841" lat="48.3493047" lon="11.7820625"/>
  <node id="4756690842" lat="48.3490005" lon="11.7820270"/>
  <node id="4756690843" lat="48.3488843" lon="11.7818839"/>
  <node id="4756690844" lat="48.3488446" lon="11.7817878"/>
  <node id="4756690845" lat="48.3489370" lon="11.7819652"/>
  <node id="4756690846" lat="48.3491483" lon="11.7820839"/>
  <node id="4756690847" lat="48.3490733" lon="11.7820685"/>
  <node id="4756690848" lat="48.3492254" lon="11.7820781"/>
  <node id="4756690849" lat="48.3521632" lon="11.7816280"/>
  <node id="4756690850" lat="48.3523184" lon="11.7817497"/>
  <node id="4756690851" lat="48.3524037" lon="11.7817755"/>
  <node id="4756690852" lat="48.3522384" lon="11.7816970"/>
  <node id="4756690853" lat="48.3520453" lon="11.7814264"/>
  <node id="4756690854" lat="48.3520980" lon="11.7815319"/>
  <node id="4756690855" lat="48.3520127" lon="11.7813080"/>
  <node id="4756690856" lat="48.3519006" lon="11.7816613"/>
  <node id="4756690857" lat="48.3517601" lon="11.7818483"/>
  <node id="4756690858" lat="48.3519795" lon="11.7814320"/>
  <node id="4756690859" lat="48.3519919" lon="11.7813027"/>
  <node id="4756690860" lat="48.3519465" lon="11.7815483"/>
  <node id="4756690861" lat="48.3518350" lon="11.7817665"/>
  <node id="4756690862" lat="48.3516776" lon="11.7819018"/>
  <node id="4756702329" lat="48.3515764" lon="11.7816714"/>
  <node id="4756702330" lat="48.3518666" lon="11.7815227"/>
  <node id="4756702331" lat="48.3517564" lon="11.7816225"/>
  <node id="4756702332" lat="48.3518135" lon="11.7815861"/>
  <node id="4756702333" lat="48.3516982" lon="11.7816425"/>
  <node id="4756702334" lat="48.3519471" lon="11.7813630"/>
  <node id="4756702335" lat="48.3519108" lon="11.7814489"/>
  <node id="4756702336" lat="48.3519773" lon="11.7812741"/>
  <node id="4756702337" lat="48.3523925" lon="11.7815309"/>
  <node id="4756702338" lat="48.3521452" lon="11.7814525"/>
  <node id="4756702339" lat="48.3522599" lon="11.7815216"/>
  <node id="4756702340" lat="48.3523192" lon="11.7815352"/>
  <node id="4756702341" lat="48.3521996" lon="11.7814946"/>
  <node id="4756702342" lat="48.3520565" lon="11.7813264"/>
  <node id="4756702343" lat="48.3520240" lon="11.7812498"/>
  <node id="4756702344" lat="48.3520959" lon="11.7813954"/>
  <node id="4756702345" lat="48.3520304" lon="11.7816713"/>
  <node id="4756702346" lat="48.3517458" lon="11.7822674"/>
  <node id="4756702347" lat="48.3519677" lon="11.7820517"/>
  <node id="4756702348" lat="48.3518707" lon="11.7821910"/>
  <node id="4756702349" lat="48.3519242" lon="11.7821274"/>
  <node id="4756702350" lat="48.3518082" lon="11.7822352"/>
  <node id="4756702351" lat="48.3520210" lon="11.7818795"/>
  <node id="4756702352" lat="48.3519993" lon="11.7819671"/>
  <node id="4756702353" lat="48.3520306" lon="11.7817739"/>
  <node id="4756702354" lat="48.3524270" lon="11.7821503"/>
  <node id="4756702355" lat="48.3521540" lon="11.7820262"/>
  <node id="4756702356" lat="48.3522805" lon="11.7821287"/>
  <node id="4756702357" lat="48.3523498" lon="11.7821515"/>
  <node id="4756702358" lat="48.3522133" lon="11.7820865"/>
  <node id="4756702359" lat="48.3520733" lon="11.7818727"/>
  <node id="4756702360" lat="48.3521077" lon="11.7819570"/>
  <node id="4756702361" lat="48.3520468" lon="11.7817735"/>
  <node id="4775193956" lat="48.3473191" lon="11.7667632"/>
  <node id="4775194325" lat="48.3464078" lon="11.7743867"/>
  <node id="4775194326" lat="48.3463307" lon="11.7746242"/>
  <node id="4775194327" lat="48.3465424" lon="11.7742165"/>
  <node id="4775194328" lat="48.3463622" lon="11.7739650"/>
  <node id="4775194329" lat="48.3462577" lon="11.7737630"/>
  <node id="4775194330" lat="48.3465260" lon="11.7741082"/>
  <node id="4775194331" lat="48.3461052" lon="11.7740380"/>
  <node id="4775194332" lat="48.3461746" lon="11.7738119"/>
  <node id="4775194333" lat="48.3459824" lon="11.7741862"/>
  <node id="4775194334" lat="48.3462100" lon="11.7744350"/>
  <node id="4775194335" lat="48.3462800" lon="11.7746050"/>
  <node id="4775194336" lat="48.3460727" lon="11.7743019"/>
  <node id="4775194337" lat="48.3459352" lon="11.7742770"/>
  <node id="4775194338" lat="48.3461150" lon="11.7743323"/>
  <node id="4775194339" lat="48.3462538" lon="11.7745218"/>
  <node id="4775194340" lat="48.3463014" lon="11.7747493"/>
  <node id="4775194341" lat="48.3464726" lon="11.7742901"/>
  <node id="4775194342" lat="48.3466187" lon="11.7741699"/>
  <node id="4775194343" lat="48.3463628" lon="11.7745016"/>
  <node id="4775194344" lat="48.3463139" lon="11.7747603"/>
  <node id="4775194345" lat="48.3464139" lon="11.7740180"/>
  <node id="4775194346" lat="48.3463046" lon="11.7738759"/>
  <node id="4775194347" lat="48.3466234" lon="11.7741356"/>
  <node id="4775194348" lat="48.3462258" lon="11.7736596"/>
  <node id="4775194349" lat="48.3461489" lon="11.7739307"/>
  <node id="4775194350" lat="48.3460477" lon="11.7741198"/>
  <node id="4775194351" lat="48.3458950" lon="11.7742465"/>
  <node id="4775194352" lat="48.3461930" lon="11.7736775"/>
  <node id="4775620865" lat="48.3519144" lon="11.7801233"/>
  <node id="4775620869" lat="48.3486386" lon="11.7786672"/>
  <node id="4775620870" lat="48.3487173" lon="11.7788952"/>
  <node id="4775620871" lat="48.3486068" lon="11.7788627"/>
  <node id="4775620872" lat="48.3512631" lon="11.7785720"/>
  <node id="4775620873" lat="48.3511733" lon="11.7779550"/>
  <node id="4775620874" lat="48.3511868" lon="11.7782241"/>
  <node id="4775620911" lat="48.3521282" lon="11.7815764"/>
  <node id="4775620912" lat="48.3520250" lon="11.7815942"/>
  <node id="4775620913" lat="48.3519206" lon="11.7816121"/>
  <node id="4775620915" lat="48.3520231" lon="11.7818559"/>
  <node id="4775620917" lat="48.3520667" lon="11.7818482"/>
  <node id="4775621742" lat="48.3488820" lon="11.7823474"/>
  <node id="4775621744" lat="48.3576488" lon="11.7771074"/>
  <node id="4775621745" lat="48.3576053" lon="11.7773600"/>
  <node id="4775621746" lat="48.3577101" lon="11.7772898"/>
  <node id="4775621751" lat="48.3548656" lon="11.7779477"/>
  <node id="4775621752" lat="48.3548065" lon="11.7779580"/>
  <node id="4775621753" lat="48.3547482" lon="11.7779681"/>
  <node id="4775621760" lat="48.3518479" lon="11.7784707"/>
  <node id="4775621761" lat="48.3517885" lon="11.7784810"/>
  <node id="4775621762" lat="48.3517285" lon="11.7784914"/>
  <node id="4775621764" lat="48.3518102" lon="11.7781131"/>
  <node id="4775621765" lat="48.3517052" lon="11.7781319"/>
  <node id="4775621772" lat="48.3548313" lon="11.7775886"/>
  <node id="4789654838" lat="48.3493750" lon="11.7954285"/>
  <node id="4791786474" lat="48.3494719" lon="11.7967674"/>
  <node id="4791786475" lat="48.3495152" lon="11.7967612"/>
  <node id="4791786476" lat="48.3484682" lon="11.7969391">
    <tag k="aeroway" v="holding_position"/>
    <tag k="holding_position:type" v="intermediate"/>
  </node>
  <node id="4793874339" lat="48.3458241" lon="11.7455792"/>
  <node id="4793874340" lat="48.3458300" lon="11.7456555"/>
  <node id="4793874341" lat="48.3458736" lon="11.7462189"/>
  <node id="4793874342" lat="48.3458913" lon="11.7464466"/>
  <node id="4793874343" lat="48.3459147" lon="11.7467498"/>
  <node id="4793874344" lat="48.3459419" lon="11.7471004">
    <tag k="aeroway" v="holding_position"/>
    <tag k="holding_position:type" v="intermediate"/>
  </node>
  <node id="4793874345" lat="48.3455513" lon="11.7478388"/>
  <node id="4793874346" lat="48.3460462" lon="11.7484485">
    <tag k="aeroway" v="holding_position"/>
    <tag k="holding_position:type" v="intermediate"/>
  </node>
  <node id="4793874347" lat="48.3447329" lon="11.7479850">
    <tag k="aeroway" v="holding_position"/>
    <tag k="holding_position:type" v="intermediate"/>
  </node>
  <node id="4793874348" lat="48.3458519" lon="11.7475839"/>
  <node id="4793874349" lat="48.3457073" lon="11.7477648"/>
  <node id="4793874350" lat="48.3459325" lon="11.7473576"/>
  <node id="4793874351" lat="48.3459486" lon="11.7472420"/>
  <node id="4793874352" lat="48.3459038" lon="11.7474647"/>
  <node id="4793874353" lat="48.3457915" lon="11.7476738"/>
  <node id="4793874354" lat="48.3456434" lon="11.7478063"/>
  <node id="4793874355" lat="48.3458814" lon="11.7479885"/>
  <node id="4793874356" lat="48.3457297" lon="11.7478663"/>
  <node id="4793874357" lat="48.3458230" lon="11.7479283"/>
  <node id="4793874358" lat="48.3456419" lon="11.7478431"/>
  <node id="4793874359" lat="48.3460031" lon="11.7481999"/>
  <node id="4793874360" lat="48.3459575" lon="11.7480995"/>
  <node id="4793874361" lat="48.3460358" lon="11.7483118"/>
  <node id="4793874362" lat="48.3441819" lon="11.7474233">
    <tag k="aeroway" v="holding_position"/>
    <tag k="holding_position:type" v="intermediate"/>
  </node>
  <node id="4793874363" lat="48.3443709" lon="11.7482740"/>
  <node id="4793874364" lat="48.3442994" lon="11.7485002"/>
  <node id="4793874365" lat="48.3444857" lon="11.7481073"/>
  <node id="4793874366" lat="48.3445534" lon="11.7480509"/>
  <node id="4793874367" lat="48.3444255" lon="11.7481864"/>
  <node id="4793874368" lat="48.3443305" lon="11.7483828"/>
  <node id="4793874369" lat="48.3442882" lon="11.7486204"/>
  <node id="4793874370" lat="48.3443237" lon="11.7479610"/>
  <node id="4793874371" lat="48.3444678" lon="11.7480288"/>
  <node id="4793874372" lat="48.3445445" lon="11.7480201"/>
  <node id="4793874373" lat="48.3443920" lon="11.7480091"/>
  <node id="4793874374" lat="48.3442193" lon="11.7477629"/>
  <node id="4793874375" lat="48.3442611" lon="11.7478747"/>
  <node id="4795525414" lat="48.3454704" lon="11.7468251"/>
  <node id="4795525415" lat="48.3454467" lon="11.7465239"/>
  <node id="4795525416" lat="48.3454289" lon="11.7462970"/>
  <node id="4795525417" lat="48.3453376" lon="11.7457421"/>
  <node id="4795525419" lat="48.3462253" lon="11.7507616"/>
  <node id="4795525420" lat="48.3463095" lon="11.7518490"/>
  <node id="4795526221" lat="48.3463933" lon="11.7529316"/>
  <node id="4795526229" lat="48.3476874" lon="11.7696478"/>
  <node id="4795526230" lat="48.3477771" lon="11.7708072"/>
  <node id="4795526231" lat="48.3477786" lon="11.7708264"/>
  <node id="4795526232" lat="48.3478567" lon="11.7718350"/>
  <node id="4795526233" lat="48.3574109" lon="11.7765499"/>
  <node id="4795526234" lat="48.3570036" lon="11.7769499"/>
  <node id="4795526235" lat="48.3570710" lon="11.7775675"/>
  <node id="4795526237" lat="48.3565768" lon="11.7770235"/>
  <node id="4795526238" lat="48.3569792" lon="11.7766195"/>
  <node id="4795526240" lat="48.3565516" lon="11.7766940"/>
  <node id="4795526247" lat="48.3524061" lon="11.7787099"/>
  <node id="4795526248" lat="48.3510710" lon="11.7789434"/>
  <node id="4795526249" lat="48.3506412" lon="11.7790140"/>
  <node id="4795526250" lat="48.3501539" lon="11.7790968"/>
  <node id="4795526251" lat="48.3496674" lon="11.7791818"/>
  <node id="4795526252" lat="48.3492724" lon="11.7792516"/>
  <node id="4795526259" lat="48.3561540" lon="11.7770964"/>
  <node id="4795526260" lat="48.3561284" lon="11.7767684"/>
  <node id="4795526261" lat="48.3556496" lon="11.7768573"/>
  <node id="4795526262" lat="48.3556734" lon="11.7771792"/>
  <node id="4795526263" lat="48.3550258" lon="11.7772909"/>
  <node id="4795526264" lat="48.3550017" lon="11.7769653"/>
  <node id="4795526265" lat="48.3546291" lon="11.7770292"/>
  <node id="4795526266" lat="48.3546529" lon="11.7773552"/>
  <node id="4795526267" lat="48.3542065" lon="11.7771035"/>
  <node id="4795526268" lat="48.3537191" lon="11.7771919"/>
  <node id="4795526269" lat="48.3532344" lon="11.7772742"/>
  <node id="4795526270" lat="48.3527478" lon="11.7773571"/>
  <node id="4795526271" lat="48.3522657" lon="11.7774440"/>
  <node id="4795526272" lat="48.3518310" lon="11.7775171"/>
  <node id="4795526274" lat="48.3514802" lon="11.7779253"/>
  <node id="4795526275" lat="48.3514671" lon="11.7775839"/>
  <node id="4795526276" lat="48.3509381" lon="11.7776709"/>
  <node id="4795526277" lat="48.3505102" lon="11.7777463"/>
  <node id="4795526278" lat="48.3500847" lon="11.7778195"/>
  <node id="4795526279" lat="48.3496590" lon="11.7778939"/>
  <node id="4795526280" lat="48.3492240" lon="11.7779680"/>
  <node id="4795526281" lat="48.3487512" lon="11.7780493"/>
  <node id="4795535558" lat="48.3479799" lon="11.7664499"/>
  <node id="4795535559" lat="48.3480569" lon="11.7674453"/>
  <node id="4795535560" lat="48.3481451" lon="11.7685856"/>
  <node id="4795535561" lat="48.3482230" lon="11.7695919"/>
  <node id="4795535562" lat="48.3483112" lon="11.7707324"/>
  <node id="4795535563" lat="48.3483888" lon="11.7717345"/>
  <node id="4795535564" lat="48.3484770" lon="11.7728750"/>
  <node id="4801827839" lat="48.3489713" lon="11.7819986"/>
  <node id="4801827840" lat="48.3489289" lon="11.7820755"/>
  <node id="4801827856" lat="48.3494247" lon="11.7831342"/>
  <node id="4801827857" lat="48.3489354" lon="11.7832207"/>
  <node id="4801827858" lat="48.3499127" lon="11.7830479"/>
  <node id="4801827859" lat="48.3503960" lon="11.7829651"/>
  <node id="4801827860" lat="48.3505106" lon="11.7829456"/>
  <node id="4801827861" lat="48.3508263" lon="11.7828897"/>
  <node id="4801827862" lat="48.3512538" lon="11.7828228"/>
  <node id="4801827863" lat="48.3511756" lon="11.7828362"/>
  <node id="4801827870" lat="48.3536882" lon="11.7823844"/>
  <node id="4801827871" lat="48.3531994" lon="11.7824679"/>
  <node id="4801827872" lat="48.3530818" lon="11.7824880"/>
  <node id="4801827873" lat="48.3527135" lon="11.7825509"/>
  <node id="4801827874" lat="48.3523786" lon="11.7826081"/>
  <node id="4801827875" lat="48.3522671" lon="11.7826272"/>
  <node id="4801827876" lat="48.3522236" lon="11.7826346"/>
  <node id="4801827896" lat="48.3526408" lon="11.7817491"/>
  <node id="4801827897" lat="48.3526939" lon="11.7811782"/>
  <node id="4802042094" lat="48.3493431" lon="11.7954336">
    <tag k="aeroway" v="holding_position"/>
    <tag k="direction" v="both"/>
    <tag k="holding_position:type" v="intermediate"/>
    <tag k="name" v="Entry point S7"/>
    <tag k="ref" v="S7"/>
  </node>
  <node id="4802042095" lat="48.3487955" lon="11.7955264"/>
  <node id="4802042096" lat="48.3494462" lon="11.7967723">
    <tag k="aeroway" v="holding_position"/>
    <tag k="direction" v="both"/>
    <tag k="holding_position:type" v="intermediate"/>
    <tag k="name" v="Entry point S8"/>
    <tag k="ref" v="S8"/>
  </node>
  <node id="4802042097" lat="48.3489031" lon="11.7968614"/>
  <node id="4802042098" lat="48.3585474" lon="11.7938347">
    <tag k="aeroway" v="holding_position"/>
    <tag k="holding_position:type" v="intermediate"/>
  </node>
  <node id="4802042099" lat="48.3501646" lon="11.7959880"/>
  <node id="4802042100" lat="48.3500850" lon="11.7960545"/>
  <node id="4802042101" lat="48.3500807" lon="11.7959218"/>
  <node id="4802042102" lat="48.3501209" lon="11.7959450"/>
  <node id="4802042103" lat="48.3501239" lon="11.7960144"/>
  <node id="4802042104" lat="48.3499082" lon="11.7955471"/>
  <node id="4802042105" lat="48.3499914" lon="11.7964893"/>
  <node id="4802042106" lat="48.3500392" lon="11.7953687"/>
  <node id="4802042107" lat="48.3498457" lon="11.7957822"/>
  <node id="4802042108" lat="48.3498688" lon="11.7956592"/>
  <node id="4802042109" lat="48.3498426" lon="11.7959066"/>
  <node id="4802042110" lat="48.3499692" lon="11.7954470"/>
  <node id="4802042111" lat="48.3501164" lon="11.7953177"/>
  <node id="4802042112" lat="48.3501327" lon="11.7966065"/>
  <node id="4802042113" lat="48.3502143" lon="11.7966297"/>
  <node id="4802042114" lat="48.3500594" lon="11.7965575"/>
  <node id="4802042115" lat="48.3498864" lon="11.7962834"/>
  <node id="4802042116" lat="48.3499326" lon="11.7963945"/>
  <node id="4802042117" lat="48.3498611" lon="11.7961599"/>
  <node id="4802042118" lat="48.3498526" lon="11.7962646"/>
  <node id="4802042119" lat="48.3498181" lon="11.7964248"/>
  <node id="4802042120" lat="48.3498544" lon="11.7961691"/>
  <node id="4802042421" lat="48.3496504" lon="11.7966813"/>
  <node id="4802042422" lat="48.3497108" lon="11.7966160"/>
  <node id="4802042423" lat="48.3495828" lon="11.7967281"/>
  <node id="4802042424" lat="48.3495270" lon="11.7954349"/>
  <node id="4802042425" lat="48.3496284" lon="11.7954951"/>
  <node id="4802042426" lat="48.3494752" lon="11.7954270"/>
  <node id="4802042427" lat="48.3495809" lon="11.7954591"/>
  <node id="4802042428" lat="48.3498220" lon="11.7958324"/>
  <node id="4802042429" lat="48.3498372" lon="11.7959180"/>
  <node id="4802042430" lat="48.3497475" lon="11.7956345"/>
  <node id="4802042431" lat="48.3497969" lon="11.7957472"/>
  <node id="4802042432" lat="48.3497808" lon="11.7957024"/>
  <node id="4802042433" lat="48.3497090" lon="11.7955763"/>
  <node id="4802042434" lat="48.3497308" lon="11.7956075"/>
  <node id="4802042435" lat="48.3497637" lon="11.7956639"/>
  <node id="4802042436" lat="48.3498686" lon="11.7957219"/>
  <node id="4802042437" lat="48.3497684" lon="11.7955696"/>
  <node id="4802042438" lat="48.3498144" lon="11.7956532"/>
  <node id="4802042439" lat="48.3498365" lon="11.7956848"/>
  <node id="4802042440" lat="48.3497909" lon="11.7956148"/>
  <node id="4802042441" lat="48.3497523" lon="11.7955274"/>
  <node id="4802042442" lat="48.3497389" lon="11.7954829"/>
  <node id="4802042443" lat="48.3496255" lon="11.7950344"/>
  <node id="4802042444" lat="48.3496068" lon="11.7949512"/>
  <node id="4802042445" lat="48.3497207" lon="11.7952316"/>
  <node id="4802042446" lat="48.3496479" lon="11.7951100"/>
  <node id="4802042447" lat="48.3496824" lon="11.7951756"/>
  <node id="4802042448" lat="48.3498178" lon="11.7953118"/>
  <node id="4802042449" lat="48.3497674" lon="11.7952774"/>
  <node id="4802042450" lat="48.3498714" lon="11.7953300"/>
  <node id="4802042451" lat="48.3495513" lon="11.7952379"/>
  <node id="4802042452" lat="48.3495949" lon="11.7951041"/>
  <node id="4802042453" lat="48.3496034" lon="11.7950286"/>
  <node id="4802042454" lat="48.3495769" lon="11.7951739"/>
  <node id="4802042455" lat="48.3494786" lon="11.7953470"/>
  <node id="4802042456" lat="48.3494354" lon="11.7953882"/>
  <node id="4802042457" lat="48.3495175" lon="11.7952963"/>
  <node id="4802042458" lat="48.3498398" lon="11.7963418"/>
  <node id="4802042459" lat="48.3494921" lon="11.7914961"/>
  <node id="4802042460" lat="48.3494508" lon="11.7916260"/>
  <node id="4802042461" lat="48.3494671" lon="11.7915584"/>
  <node id="4802042462" lat="48.3494469" lon="11.7917043"/>
  <node id="4802042463" lat="48.3495696" lon="11.7914112"/>
  <node id="4802042464" lat="48.3496145" lon="11.7913900"/>
  <node id="4802042465" lat="48.3495291" lon="11.7914470"/>
  <node id="4810055787" lat="48.3513571" lon="11.7788980"/>
  <node id="4872438003" lat="48.3523891" lon="11.8017984"/>
  <node id="4872438005" lat="48.3528377" lon="11.8017225"/>
  <node id="4872438007" lat="48.3532676" lon="11.8016493"/>
  <node id="4872438009" lat="48.3537086" lon="11.8015740"/>
  <node id="4872438011" lat="48.3541241" lon="11.8013868"/>
  <node id="4872438013" lat="48.3545764" lon="11.8013080"/>
  <node id="4872438015" lat="48.3550107" lon="11.8012310"/>
  <node id="4872438017" lat="48.3554398" lon="11.8011565"/>
  <node id="4872438019" lat="48.3558839" lon="11.8010792"/>
  <node id="4872439021" lat="48.3563120" lon="11.8010070"/>
  <node id="4881727872" lat="48.3488632" lon="11.7822125"/>
  <node id="4881727873" lat="48.3489272" lon="11.7820729"/>
  <node id="4881727874" lat="48.3489682" lon="11.7819956"/>
  <node id="4881727880" lat="48.3542295" lon="11.7774281"/>
  <node id="4881727881" lat="48.3537413" lon="11.7775123"/>
  <node id="4881727882" lat="48.3532575" lon="11.7775957"/>
  <node id="4881727883" lat="48.3527696" lon="11.7776798"/>
  <node id="4881727884" lat="48.3522917" lon="11.7777622"/>
  <node id="4881727885" lat="48.3518517" lon="11.7778381"/>
  <node id="4881727886" lat="48.3514898" lon="11.7779005"/>
  <node id="4881727887" lat="48.3509618" lon="11.7779915"/>
  <node id="4881727888" lat="48.3505333" lon="11.7780653"/>
  <node id="4881727889" lat="48.3501098" lon="11.7781383"/>
  <node id="4881727890" lat="48.3496852" lon="11.7782115"/>
  <node id="4881727891" lat="48.3487802" lon="11.7784214"/>
  <node id="4881727892" lat="48.3492497" lon="11.7782866"/>
  <node id="4881727893" lat="48.3560955" lon="11.7777355"/>
  <node id="4881727894" lat="48.3565894" lon="11.7776493"/>
  <node id="4881727896" lat="48.3556119" lon="11.7778191"/>
  <node id="4881727897" lat="48.3542135" lon="11.7780607"/>
  <node id="4881727898" lat="48.3537834" lon="11.7781353"/>
  <node id="4881727899" lat="48.3523805" lon="11.7783784"/>
  <node id="4881727900" lat="48.3510448" lon="11.7786098"/>
  <node id="4881727901" lat="48.3506155" lon="11.7786842"/>
  <node id="4881727902" lat="48.3501294" lon="11.7787685"/>
  <node id="4881727903" lat="48.3496410" lon="11.7788531"/>
  <node id="4881727904" lat="48.3490953" lon="11.7789469"/>
  <node id="4881727905" lat="48.3489385" lon="11.7824962"/>
  <node id="4881727906" lat="48.3489295" lon="11.7831430"/>
  <node id="4881727907" lat="48.3494189" lon="11.7830601"/>
  <node id="4881727908" lat="48.3512485" lon="11.7827501"/>
  <node id="4881727909" lat="48.3511704" lon="11.7827633"/>
  <node id="4881727910" lat="48.3508222" lon="11.7828223"/>
  <node id="4881727911" lat="48.3505053" lon="11.7828760"/>
  <node id="4881727912" lat="48.3503920" lon="11.7828952"/>
  <node id="4881727913" lat="48.3499082" lon="11.7829772"/>
  <node id="4881727914" lat="48.3522196" lon="11.7825824"/>
  <node id="4881727915" lat="48.3522630" lon="11.7825748"/>
  <node id="4881727916" lat="48.3523807" lon="11.7825544"/>
  <node id="4881727917" lat="48.3527096" lon="11.7824971"/>
  <node id="4881727918" lat="48.3530775" lon="11.7824331"/>
  <node id="4881727919" lat="48.3536835" lon="11.7823276"/>
  <node id="4881727920" lat="48.3531952" lon="11.7824126"/>
  <node id="4881728323" lat="48.3514801" lon="11.7816880"/>
  <node id="4881728324" lat="48.3527148" lon="11.7814754"/>
  <node id="4881728325" lat="48.3540245" lon="11.7812499"/>
  <node id="4881728330" lat="48.3493874" lon="11.7826724"/>
  <node id="4881728331" lat="48.3515161" lon="11.7823069"/>
  <node id="4881728332" lat="48.3512177" lon="11.7823581"/>
  <node id="4881728333" lat="48.3511398" lon="11.7823715"/>
  <node id="4881728334" lat="48.3507934" lon="11.7824310"/>
  <node id="4881728335" lat="48.3504755" lon="11.7824856"/>
  <node id="4881728336" lat="48.3503638" lon="11.7825047"/>
  <node id="4881728337" lat="48.3498774" lon="11.7825883"/>
  <node id="4881728338" lat="48.3521899" lon="11.7821911"/>
  <node id="4881728339" lat="48.3522324" lon="11.7821838"/>
  <node id="4881728340" lat="48.3523962" lon="11.7821556"/>
  <node id="4881728341" lat="48.3526813" lon="11.7821066"/>
  <node id="4881728342" lat="48.3530471" lon="11.7820438"/>
  <node id="4881728343" lat="48.3536513" lon="11.7819400"/>
  <node id="4881728344" lat="48.3531656" lon="11.7820234"/>
  <node id="4881728346" lat="48.3541336" lon="11.7818572"/>
  <node id="4881728360" lat="48.3594828" lon="11.7933944"/>
  <node id="4881728361" lat="48.3596053" lon="11.7950133"/>
  <node id="4897483386" lat="48.3507315" lon="11.8025485"/>
  <node id="4897483387" lat="48.3506909" lon="11.8020105"/>
  <node id="4897483388" lat="48.3506495" lon="11.8014668"/>
  <node id="4897483389" lat="48.3506082" lon="11.8009355"/>
  <node id="4897483390" lat="48.3505669" lon="11.8003860"/>
  <node id="4897483391" lat="48.3505223" lon="11.7998325"/>
  <node id="4897483392" lat="48.3504852" lon="11.7992980"/>
  <node id="4897483393" lat="48.3507739" lon="11.8030978"/>
  <node id="4897483395" lat="48.3512756" lon="11.8035725"/>
  <node id="4897483397" lat="48.3508305" lon="11.8036451"/>
  <node id="4897483399" lat="48.3511896" lon="11.8030311"/>
  <node id="4897483401" lat="48.3508933" lon="11.8044553"/>
  <node id="4898021405" lat="48.3510718" lon="11.8019475"/>
  <node id="4898021406" lat="48.3511128" lon="11.8024840"/>
  <node id="4898021407" lat="48.3516825" lon="11.8019311"/>
  <node id="4898021415" lat="48.3513833" lon="11.8049695"/>
  <node id="4898021416" lat="48.3513369" lon="11.8043792"/>
  <node id="4898021418" lat="48.3512511" lon="11.8032204"/>
  <node id="4898025125" lat="48.3513412" lon="11.8015684"/>
  <node id="4898025131" lat="48.3519922" lon="11.8018706"/>
  <node id="4898025138" lat="48.3513775" lon="11.8019864"/>
  <node id="4898025145" lat="48.3514024" lon="11.7984036"/>
  <node id="4898025146" lat="48.3514159" lon="11.7985829"/>
  <node id="4898025147" lat="48.3511065" lon="11.7984526"/>
  <node id="4898025148" lat="48.3511204" lon="11.7986333"/>
  <node id="4898025149" lat="48.3508084" lon="11.7985052"/>
  <node id="4898025150" lat="48.3508221" lon="11.7986847"/>
  <node id="4898081861" lat="48.3509732" lon="11.7951550"/>
  <node id="4898081862" lat="48.3506081" lon="11.7958717"/>
  <node id="4898081863" lat="48.3507048" lon="11.7954005"/>
  <node id="4898081864" lat="48.3506522" lon="11.7955282"/>
  <node id="4898081865" lat="48.3506138" lon="11.7956936"/>
  <node id="4898081866" lat="48.3507840" lon="11.7952849"/>
  <node id="4898081867" lat="48.3508768" lon="11.7952009"/>
  <node id="4898081868" lat="48.3509956" lon="11.7953587"/>
  <node id="4898081869" lat="48.3509434" lon="11.7954807"/>
  <node id="4898081870" lat="48.3509075" lon="11.7956441"/>
  <node id="4898081871" lat="48.3510720" lon="11.7952382"/>
  <node id="4898081872" lat="48.3511604" lon="11.7951579"/>
  <node id="4898081873" lat="48.3507429" lon="11.7953986"/>
  <node id="4898081874" lat="48.3508156" lon="11.7955145"/>
  <node id="4898081875" lat="48.3508681" lon="11.7956528"/>
  <node id="4898081876" lat="48.3506514" lon="11.7953136"/>
  <node id="4898081877" lat="48.3505603" lon="11.7952666"/>
  <node id="4898081878" lat="48.3504635" lon="11.7954778"/>
  <node id="4898081879" lat="48.3503809" lon="11.7953869"/>
  <node id="4898081880" lat="48.3502932" lon="11.7953289"/>
  <node id="4898081881" lat="48.3505284" lon="11.7955885"/>
  <node id="4898081882" lat="48.3505790" lon="11.7957158"/>
  <node id="4898081883" lat="48.3516230" lon="11.7950411">
    <tag k="aeroway" v="holding_position"/>
    <tag k="holding_position:type" v="intermediate"/>
  </node>
  <node id="4898081884" lat="48.3511975" lon="11.7957525"/>
  <node id="4898081885" lat="48.3510349" lon="11.7953417"/>
  <node id="4898081886" lat="48.3509414" lon="11.7952558"/>
  <node id="4898081887" lat="48.3508466" lon="11.7952111"/>
  <node id="4898081888" lat="48.3511080" lon="11.7954541"/>
  <node id="4898081889" lat="48.3511655" lon="11.7955933"/>
  <node id="4898081890" lat="48.3513234" lon="11.7952585"/>
  <node id="4898081891" lat="48.3514140" lon="11.7951456"/>
  <node id="4898081892" lat="48.3515073" lon="11.7950815"/>
  <node id="4898081893" lat="48.3512544" lon="11.7953953"/>
  <node id="4898081894" lat="48.3512078" lon="11.7955675"/>
  <node id="4898081895" lat="48.3505447" lon="11.7963340"/>
  <node id="4898081896" lat="48.3506071" lon="11.7960410"/>
  <node id="4898081897" lat="48.3505874" lon="11.7961904"/>
  <node id="4898081898" lat="48.3504806" lon="11.7964490"/>
  <node id="4898081899" lat="48.3503945" lon="11.7965492"/>
  <node id="4898081900" lat="48.3503111" lon="11.7966252">
    <tag k="aeroway" v="holding_position"/>
    <tag k="holding_position:type" v="intermediate"/>
  </node>
  <node id="4898081901" lat="48.3507110" lon="11.7972215">
    <tag k="aeroway" v="holding_position"/>
    <tag k="holding_position:type" v="intermediate"/>
  </node>
  <node id="4898081902" lat="48.3505714" lon="11.7968224"/>
  <node id="4898081903" lat="48.3506344" lon="11.7969295"/>
  <node id="4898081904" lat="48.3506845" lon="11.7970655"/>
  <node id="4898081905" lat="48.3504858" lon="11.7967277"/>
  <node id="4898081906" lat="48.3503943" lon="11.7966695"/>
  <node id="4898081907" lat="48.3506575" lon="11.7965208"/>
  <node id="4898081908" lat="48.3510515" lon="11.7958173"/>
  <node id="4898081909" lat="48.3507688" lon="11.7960380"/>
  <node id="4898081910" lat="48.3506678" lon="11.7963333"/>
  <node id="4898081911" lat="48.3507069" lon="11.7961792"/>
  <node id="4898081912" lat="48.3509341" lon="11.7958654"/>
  <node id="4898081913" lat="48.3508458" lon="11.7959388"/>
  <node id="4898081914" lat="48.3511044" lon="11.7964886"/>
  <node id="4898081915" lat="48.3508366" lon="11.7967326"/>
  <node id="4898081916" lat="48.3509142" lon="11.7968429"/>
  <node id="4898081917" lat="48.3509657" lon="11.7969748"/>
  <node id="4898081918" lat="48.3507499" lon="11.7966514"/>
  <node id="4898081919" lat="48.3506487" lon="11.7966037"/>
  <node id="4898081920" lat="48.3508104" lon="11.7967288"/>
  <node id="4898082721" lat="48.3507183" lon="11.7970228"/>
  <node id="4898082722" lat="48.3507531" lon="11.7968665"/>
  <node id="4898082723" lat="48.3509846" lon="11.7965366"/>
  <node id="4898082724" lat="48.3508903" lon="11.7966157"/>
  <node id="4898082725" lat="48.3510973" lon="11.7966900"/>
  <node id="4898082726" lat="48.3510150" lon="11.7969488"/>
  <node id="4898082727" lat="48.3510488" lon="11.7968091"/>
  <node id="4898082728" lat="48.3512369" lon="11.7965160"/>
  <node id="4898082729" lat="48.3511616" lon="11.7965906"/>
  <node id="4898109249" lat="48.3508431" lon="11.7965344"/>
  <node id="4898109250" lat="48.3513037" lon="11.7971204">
    <tag k="aeroway" v="holding_position"/>
    <tag k="holding_position:type" v="intermediate"/>
  </node>
  <node id="4898109251" lat="48.3517145" lon="11.7963832">
    <tag k="aeroway" v="holding_position"/>
    <tag k="holding_position:type" v="intermediate"/>
  </node>
  <node id="4898109252" lat="48.3513411" lon="11.7962181"/>
  <node id="4898109253" lat="48.3514111" lon="11.7966129"/>
  <node id="4898109254" lat="48.3511318" lon="11.7966800"/>
  <node id="4898109255" lat="48.3512231" lon="11.7959476"/>
  <node id="4898109256" lat="48.3512706" lon="11.7960886"/>
  <node id="4898109257" lat="48.3514618" lon="11.7963309"/>
  <node id="4898109258" lat="48.3515856" lon="11.7963801"/>
  <node id="4898109259" lat="48.3515918" lon="11.7964279"/>
  <node id="4898109260" lat="48.3514938" lon="11.7965012"/>
  <node id="4898109261" lat="48.3513100" lon="11.7969283"/>
  <node id="4898109262" lat="48.3513491" lon="11.7967648"/>
  <node id="4898109263" lat="48.3512684" lon="11.7969417"/>
  <node id="4898109264" lat="48.3512096" lon="11.7967926"/>
  <node id="4898109265" lat="48.3510415" lon="11.7965958"/>
  <node id="4898109266" lat="48.3509415" lon="11.7965540"/>
  <node id="4898109267" lat="48.3512490" lon="11.7964150"/>
  <node id="4898109268" lat="48.3516665" lon="11.7957104">
    <tag k="aeroway" v="holding_position"/>
    <tag k="holding_position:type" v="intermediate"/>
  </node>
  <node id="4898109269" lat="48.3513672" lon="11.7959234"/>
  <node id="4898109270" lat="48.3512969" lon="11.7960823"/>
  <node id="4898109271" lat="48.3515457" lon="11.7957542"/>
  <node id="4898109272" lat="48.3514504" lon="11.7958242"/>
  <node id="4898109273" lat="48.3512584" lon="11.7962450"/>
  <node id="4898140311" lat="48.3590159" lon="11.7939498"/>
  <node id="4898140312" lat="48.3591946" lon="11.7948724"/>
  <node id="4898140313" lat="48.3590601" lon="11.7937806"/>
  <node id="4898140314" lat="48.3590107" lon="11.7941687"/>
  <node id="4898140315" lat="48.3590573" lon="11.7945898"/>
  <node id="4898140316" lat="48.3591152" lon="11.7947526"/>
  <node id="4898140317" lat="48.3592790" lon="11.7949499"/>
  <node id="4898140318" lat="48.3593854" lon="11.7950100"/>
  <node id="4898140319" lat="48.3590304" lon="11.7944091"/>
  <node id="4898140320" lat="48.3588359" lon="11.7939446"/>
  <node id="4898144721" lat="48.3589530" lon="11.7948958"/>
  <node id="4898144722" lat="48.3589229" lon="11.7940480"/>
  <node id="4898144723" lat="48.3589900" lon="11.7941964"/>
  <node id="4898144724" lat="48.3587496" lon="11.7938740"/>
  <node id="4898144725" lat="48.3586581" lon="11.7938433"/>
  <node id="4898144726" lat="48.3590356" lon="11.7945876"/>
  <node id="4898144727" lat="48.3590058" lon="11.7947632"/>
  <node id="4898144728" lat="48.3588920" lon="11.7949885"/>
  <node id="4898144729" lat="48.3587341" lon="11.7951440"/>
  <node id="4898144730" lat="48.3588184" lon="11.7950783"/>
  <node id="4898144731" lat="48.3588723" lon="11.7945940"/>
  <node id="4898144732" lat="48.3588525" lon="11.7943312"/>
  <node id="4898144733" lat="48.3589761" lon="11.7941083"/>
  <node id="4898144734" lat="48.3589223" lon="11.7942305"/>
  <node id="4898144735" lat="48.3587779" lon="11.7944119"/>
  <node id="4898144736" lat="48.3586853" lon="11.7944737"/>
  <node id="4898144737" lat="48.3586898" lon="11.7945165"/>
  <node id="4898144738" lat="48.3587757" lon="11.7945338"/>
  <node id="4898299449" lat="48.3561667" lon="11.8013476"/>
  <node id="4898299451" lat="48.3541475" lon="11.8016942"/>
  <node id="4898299453" lat="48.3536928" lon="11.8012281"/>
  <node id="4898299456" lat="48.3569720" lon="11.8008104"/>
  <node id="4898299457" lat="48.3567412" lon="11.8006655"/>
  <node id="4898299458" lat="48.3566767" lon="11.8006429"/>
  <node id="4898299462" lat="48.3562418" lon="11.8013216"/>
  <node id="4898299479" lat="48.3510463" lon="11.8016140"/>
  <node id="4898299480" lat="48.3517709" lon="11.8017916"/>
  <node id="4898299481" lat="48.3514695" lon="11.8018453"/>
  <node id="4898299482" lat="48.3511860" lon="11.8018958"/>
  <node id="4898299483" lat="48.3512592" lon="11.8019581"/>
  <node id="4898299484" lat="48.3513183" lon="11.8019836"/>
  <node id="4898299485" lat="48.3511279" lon="11.8018156"/>
  <node id="4898299486" lat="48.3510796" lon="11.8017289"/>
  <node id="4898299487" lat="48.3514085" lon="11.8017672"/>
  <node id="4898299488" lat="48.3513654" lon="11.8016848"/>
  <node id="4898299489" lat="48.3515293" lon="11.8018936"/>
  <node id="4898299490" lat="48.3516022" lon="11.8019208"/>
  <node id="4898299491" lat="48.3516683" lon="11.8016209"/>
  <node id="4898299492" lat="48.3517121" lon="11.8017233"/>
  <node id="4898299493" lat="48.3519060" lon="11.8018553"/>
  <node id="4898299494" lat="48.3518385" lon="11.8018348"/>
  <node id="4898299495" lat="48.3516165" lon="11.8011726"/>
  <node id="4898299496" lat="48.3513169" lon="11.8012208"/>
  <node id="4898299497" lat="48.3510195" lon="11.8012698"/>
  <node id="4898299498" lat="48.3520209" lon="11.8022267"/>
  <node id="4898299499" lat="48.3519631" lon="11.8015178"/>
  <node id="4898299500" lat="48.3513469" lon="11.8016235"/>
  <node id="4898299501" lat="48.3516713" lon="11.8018605"/>
  <node id="4898299502" lat="48.3514068" lon="11.8023320"/>
  <node id="4898299503" lat="48.3511413" lon="11.8028136">
    <tag k="aeroway" v="holding_position"/>
    <tag k="holding_position:type" v="intermediate"/>
  </node>
  <node id="4898299504" lat="48.3511494" lon="11.8015320"/>
  <node id="4898299505" lat="48.3510869" lon="11.8014569"/>
  <node id="4898299506" lat="48.3510464" lon="11.8013735"/>
  <node id="4898299507" lat="48.3512112" lon="11.8015830"/>
  <node id="4898299508" lat="48.3512723" lon="11.8016134"/>
  <node id="4898299509" lat="48.3512028" lon="11.8022211"/>
  <node id="4898299510" lat="48.3512298" lon="11.8025207"/>
  <node id="4898299511" lat="48.3511836" lon="11.8026168"/>
  <node id="4898299512" lat="48.3511534" lon="11.8027160"/>
  <node id="4898299513" lat="48.3512886" lon="11.8024345"/>
  <node id="4898299514" lat="48.3513463" lon="11.8023772"/>
  <node id="4898299515" lat="48.3513426" lon="11.8023087"/>
  <node id="4898299516" lat="48.3512727" lon="11.8022771"/>
  <node id="4898299517" lat="48.3510993" lon="11.8020535"/>
  <node id="4898299518" lat="48.3511470" lon="11.8021576"/>
  <node id="4898299519" lat="48.3518029" lon="11.8021533"/>
  <node id="4898299520" lat="48.3519470" lon="11.8022155"/>
  <node id="4898300221" lat="48.3518777" lon="11.8021956"/>
  <node id="4898300222" lat="48.3516937" lon="11.8019666"/>
  <node id="4898300223" lat="48.3517382" lon="11.8020701"/>
  <node id="4898300224" lat="48.3518928" lon="11.8015079"/>
  <node id="4898300225" lat="48.3516408" lon="11.8012630"/>
  <node id="4898300226" lat="48.3517412" lon="11.8014393"/>
  <node id="4898300227" lat="48.3516843" lon="11.8013634"/>
  <node id="4898300228" lat="48.3518251" lon="11.8014909"/>
  <node id="4898300229" lat="48.3516438" lon="11.8015214"/>
  <node id="4898301799" lat="48.3516019" lon="11.8021586"/>
  <node id="4898301800" lat="48.3516603" lon="11.8019593"/>
  <node id="4898301801" lat="48.3514741" lon="11.8022948"/>
  <node id="4898301802" lat="48.3515472" lon="11.8022385"/>
  <node id="4898301803" lat="48.3516404" lon="11.8020621"/>
  <node id="4899733728" lat="48.3580657" lon="11.7944288"/>
  <node id="4899733729" lat="48.3578599" lon="11.7944667"/>
  <node id="4899733730" lat="48.3576517" lon="11.7945011"/>
  <node id="4899733731" lat="48.3577850" lon="11.7953303"/>
  <node id="4899733732" lat="48.3581719" lon="11.7957758"/>
  <node id="4899733733" lat="48.3585058" lon="11.7952025"/>
  <node id="4899733734" lat="48.3582433" lon="11.7953804"/>
  <node id="4899733735" lat="48.3580443" lon="11.7954187"/>
  <node id="4899733736" lat="48.3581068" lon="11.7955145"/>
  <node id="4899733737" lat="48.3581497" lon="11.7956394"/>
  <node id="4899733738" lat="48.3581703" lon="11.7956338"/>
  <node id="4899733739" lat="48.3581944" lon="11.7954996"/>
  <node id="4899733740" lat="48.3579694" lon="11.7953561"/>
  <node id="4899733741" lat="48.3578831" lon="11.7953267"/>
  <node id="4899733742" lat="48.3583995" lon="11.7952383"/>
  <node id="4899733743" lat="48.3583139" lon="11.7952954"/>
  <node id="4899733744" lat="48.3575815" lon="11.7953646"/>
  <node id="4899733745" lat="48.3576765" lon="11.7953619"/>
  <node id="4899733746" lat="48.3577629" lon="11.7953912"/>
  <node id="4899733747" lat="48.3578378" lon="11.7954539"/>
  <node id="4899733748" lat="48.3579003" lon="11.7955496"/>
  <node id="4899733749" lat="48.3579432" lon="11.7956746"/>
  <node id="4899733750" lat="48.3579658" lon="11.7958105"/>
  <node id="4899733751" lat="48.3579638" lon="11.7956690"/>
  <node id="4899733752" lat="48.3579878" lon="11.7955348"/>
  <node id="4899733753" lat="48.3580367" lon="11.7954156"/>
  <node id="4899733754" lat="48.3581074" lon="11.7953306"/>
  <node id="4899733755" lat="48.3581930" lon="11.7952735"/>
  <node id="4899733756" lat="48.3583028" lon="11.7952385"/>
  <node id="4899733757" lat="48.3573763" lon="11.7953991"/>
  <node id="4899733758" lat="48.3574707" lon="11.7953963"/>
  <node id="4899733759" lat="48.3575570" lon="11.7954257"/>
  <node id="4899733760" lat="48.3576319" lon="11.7954883"/>
  <node id="4899733761" lat="48.3576944" lon="11.7955841"/>
  <node id="4899733762" lat="48.3577373" lon="11.7957090"/>
  <node id="4899733763" lat="48.3577580" lon="11.7958408"/>
  <node id="4899733764" lat="48.3577579" lon="11.7957034"/>
  <node id="4899733765" lat="48.3577820" lon="11.7955692"/>
  <node id="4899733766" lat="48.3578309" lon="11.7954500"/>
  <node id="4899733767" lat="48.3579015" lon="11.7953650"/>
  <node id="4899733768" lat="48.3579871" lon="11.7953079"/>
  <node id="4899733769" lat="48.3580966" lon="11.7952751"/>
  <node id="4899733770" lat="48.3577329" lon="11.7946575"/>
  <node id="4899733771" lat="48.3578298" lon="11.7946538"/>
  <node id="4899733772" lat="48.3579162" lon="11.7946831"/>
  <node id="4899733773" lat="48.3579910" lon="11.7947457"/>
  <node id="4899733774" lat="48.3580535" lon="11.7948415"/>
  <node id="4899733775" lat="48.3580965" lon="11.7949664"/>
  <node id="4899733776" lat="48.3581187" lon="11.7951008"/>
  <node id="4899733777" lat="48.3581170" lon="11.7949609"/>
  <node id="4899733778" lat="48.3581411" lon="11.7948267"/>
  <node id="4899733779" lat="48.3581900" lon="11.7947074"/>
  <node id="4899733780" lat="48.3582606" lon="11.7946224"/>
  <node id="4899733781" lat="48.3583462" lon="11.7945653"/>
  <node id="4899733782" lat="48.3584549" lon="11.7945320"/>
  <node id="4899733783" lat="48.3573236" lon="11.7947286"/>
  <node id="4899733784" lat="48.3574181" lon="11.7947260"/>
  <node id="4899733785" lat="48.3575044" lon="11.7947554"/>
  <node id="4899733786" lat="48.3575793" lon="11.7948180"/>
  <node id="4899733787" lat="48.3576418" lon="11.7949138"/>
  <node id="4899733788" lat="48.3576847" lon="11.7950387"/>
  <node id="4899733789" lat="48.3577049" lon="11.7951713"/>
  <node id="4899733790" lat="48.3577053" lon="11.7950331"/>
  <node id="4899733791" lat="48.3577293" lon="11.7948989"/>
  <node id="4899733792" lat="48.3577782" lon="11.7947797"/>
  <node id="4899733793" lat="48.3578489" lon="11.7946947"/>
  <node id="4899733794" lat="48.3579345" lon="11.7946376"/>
  <node id="4899733795" lat="48.3580440" lon="11.7946034"/>
  <node id="4899733796" lat="48.3576826" lon="11.7939818"/>
  <node id="4899733797" lat="48.3577772" lon="11.7939790"/>
  <node id="4899733798" lat="48.3578636" lon="11.7940084"/>
  <node id="4899733799" lat="48.3579384" lon="11.7940710"/>
  <node id="4899733800" lat="48.3580009" lon="11.7941668"/>
  <node id="4899733801" lat="48.3580438" lon="11.7942917"/>
  <node id="4899733802" lat="48.3580644" lon="11.7942861"/>
  <node id="4899733803" lat="48.3580885" lon="11.7941519"/>
  <node id="4899733804" lat="48.3581374" lon="11.7940327"/>
  <node id="4899733805" lat="48.3582080" lon="11.7939477"/>
  <node id="4899733806" lat="48.3582936" lon="11.7938906"/>
  <node id="4899733807" lat="48.3584076" lon="11.7938574"/>
  <node id="4899733808" lat="48.3574761" lon="11.7940173"/>
  <node id="4899733809" lat="48.3575713" lon="11.7940169"/>
  <node id="4899733810" lat="48.3576577" lon="11.7940462"/>
  <node id="4899733811" lat="48.3577326" lon="11.7941089"/>
  <node id="4899733812" lat="48.3577951" lon="11.7942046"/>
  <node id="4899733813" lat="48.3578380" lon="11.7943296"/>
  <node id="4899733814" lat="48.3578586" lon="11.7943240"/>
  <node id="4899733815" lat="48.3578826" lon="11.7941898"/>
  <node id="4899733816" lat="48.3579315" lon="11.7940706"/>
  <node id="4899733817" lat="48.3580021" lon="11.7939855"/>
  <node id="4899733818" lat="48.3580878" lon="11.7939284"/>
  <node id="4899733819" lat="48.3581998" lon="11.7938930"/>
  <node id="4899733820" lat="48.3572639" lon="11.7940537"/>
  <node id="4899733921" lat="48.3573632" lon="11.7940513"/>
  <node id="4899733922" lat="48.3574495" lon="11.7940807"/>
  <node id="4899733923" lat="48.3575244" lon="11.7941433"/>
  <node id="4899733924" lat="48.3575869" lon="11.7942391"/>
  <node id="4899733925" lat="48.3576298" lon="11.7943640"/>
  <node id="4899733926" lat="48.3576504" lon="11.7943584"/>
  <node id="4899733927" lat="48.3576744" lon="11.7942242"/>
  <node id="4899733928" lat="48.3577233" lon="11.7941050"/>
  <node id="4899733929" lat="48.3577940" lon="11.7940200"/>
  <node id="4899733930" lat="48.3578796" lon="11.7939629"/>
  <node id="4899733931" lat="48.3579858" lon="11.7939297"/>
  <node id="4900510913" lat="48.3585102" lon="11.8000590"/>
  <node id="4900510914" lat="48.3581489" lon="11.8005961"/>
  <node id="4900510915" lat="48.3584058" lon="11.8004333"/>
  <node id="4900510916" lat="48.3584950" lon="11.8002096"/>
  <node id="4900510917" lat="48.3584590" lon="11.8003300"/>
  <node id="4900510918" lat="48.3583202" lon="11.8005192"/>
  <node id="4900510919" lat="48.3582358" lon="11.8005568"/>
  <node id="4900510921" lat="48.3582853" lon="11.7999367"/>
  <node id="4900510922" lat="48.3580846" lon="11.7999701"/>
  <node id="4900510923" lat="48.3582925" lon="11.8001248"/>
  <node id="4900510924" lat="48.3582801" lon="11.8002622"/>
  <node id="4900510925" lat="48.3582440" lon="11.8003826"/>
  <node id="4900510926" lat="48.3581908" lon="11.8004859"/>
  <node id="4900510927" lat="48.3581053" lon="11.8005717"/>
  <node id="4900510928" lat="48.3580208" lon="11.8006094"/>
  <node id="4900510929" lat="48.3579394" lon="11.8006346"/>
  <node id="4900510930" lat="48.3580944" lon="11.8001558"/>
  <node id="4900510931" lat="48.3580820" lon="11.8002931"/>
  <node id="4900510932" lat="48.3580459" lon="11.8004136"/>
  <node id="4900510933" lat="48.3579927" lon="11.8005168"/>
  <node id="4900510934" lat="48.3579072" lon="11.8006027"/>
  <node id="4900510935" lat="48.3578227" lon="11.8006404"/>
  <node id="4900510936" lat="48.3577359" lon="11.8006712"/>
  <node id="4900510937" lat="48.3585807" lon="11.8009949"/>
  <node id="4900510938" lat="48.3584183" lon="11.8006403"/>
  <node id="4900510939" lat="48.3584875" lon="11.8007297"/>
  <node id="4900510940" lat="48.3585412" lon="11.8008399"/>
  <node id="4900510941" lat="48.3583212" lon="11.8005980"/>
  <node id="4900510942" lat="48.3582301" lon="11.8005965"/>
  <node id="4900510944" lat="48.3586714" lon="11.8021068"/>
  <node id="4900510945" lat="48.3586760" lon="11.8021862"/>
  <node id="4900510946" lat="48.3586693" lon="11.8022553"/>
  <node id="4900510947" lat="48.3586531" lon="11.8023224"/>
  <node id="4900510948" lat="48.3586301" lon="11.8023915"/>
  <node id="4900510949" lat="48.3581836" lon="11.7959238"/>
  <node id="4900510950" lat="48.3579791" lon="11.7959766"/>
  <node id="4900510951" lat="48.3577711" lon="11.7960138"/>
  <node id="4900510952" lat="48.3583219" lon="11.7976753"/>
  <node id="4900510953" lat="48.3581145" lon="11.7977110"/>
  <node id="4900510954" lat="48.3579064" lon="11.7977462"/>
  <node id="4900510955" lat="48.3583356" lon="11.7978486"/>
  <node id="4900510956" lat="48.3581282" lon="11.7978863"/>
  <node id="4900510957" lat="48.3579201" lon="11.7979218"/>
  <node id="4901660914" lat="48.3566217" lon="11.8006422"/>
  <node id="4901660915" lat="48.3571497" lon="11.8007769"/>
  <node id="4901660916" lat="48.3569071" lon="11.8007853"/>
  <node id="4901660918" lat="48.3584990" lon="11.7999092"/>
  <node id="4901696680" lat="48.3541032" lon="11.8010689"/>
  <node id="4901696682" lat="48.3538980" lon="11.8011485"/>
  <node id="4901696683" lat="48.3539199" lon="11.8014791"/>
  <node id="4901696684" lat="48.3539450" lon="11.8018084"/>
  <node id="4901696685" lat="48.3540429" lon="11.8017412"/>
  <node id="4901696686" lat="48.3538455" lon="11.8018757"/>
  <node id="4901696687" lat="48.3540203" lon="11.8014228"/>
  <node id="4901696688" lat="48.3538195" lon="11.8015353"/>
  <node id="4901696689" lat="48.3539973" lon="11.8010985"/>
  <node id="4901696690" lat="48.3537954" lon="11.8011984"/>
  <node id="4911285980" lat="48.3503989" lon="11.7978828"/>
  <node id="4911285981" lat="48.3504349" lon="11.7982085"/>
  <node id="4911285982" lat="48.3507565" lon="11.7978205"/>
  <node id="4911285983" lat="48.3507814" lon="11.7981492"/>
  <node id="4911285984" lat="48.3508054" lon="11.7984663"/>
  <node id="4911285985" lat="48.3504613" lon="11.7985294"/>
  <node id="4915159549" lat="48.3518848" lon="11.8018916"/>
  <node id="4915159552" lat="48.3515234" lon="11.8019599"/>
  <node id="4915174546" lat="48.3514737" lon="11.8061393"/>
  <node id="4932591657" lat="48.3588980" lon="11.8049750"/>
  <node id="4932591659" lat="48.3588543" lon="11.8044227"/>
  <node id="4932591661" lat="48.3588113" lon="11.8038777"/>
  <node id="4932591663" lat="48.3587688" lon="11.8033402"/>
  <node id="4932591665" lat="48.3587260" lon="11.8027984"/>
  <node id="4932591667" lat="48.3586823" lon="11.8022447"/>
  <node id="4932591668" lat="48.3589136" lon="11.8022064"/>
  <node id="4932591669" lat="48.3589545" lon="11.8027569"/>
  <node id="4932591670" lat="48.3589947" lon="11.8032984"/>
  <node id="4932591671" lat="48.3590349" lon="11.8038394"/>
  <node id="4932591672" lat="48.3590752" lon="11.8043828"/>
  <node id="4932591673" lat="48.3591161" lon="11.8049335"/>
  <node id="4955030097" lat="48.3583265" lon="11.8030358"/>
  <node id="4955072797" lat="48.3491054" lon="11.7785829"/>
  <node id="4955113466" lat="48.3565968" lon="11.7772857"/>
  <node id="4955113467" lat="48.3574602" lon="11.7771399"/>
  <node id="4985391297" lat="48.3508639" lon="11.7992315"/>
  <node id="4985391298" lat="48.3509042" lon="11.7997601"/>
  <node id="4985391299" lat="48.3509472" lon="11.8003225"/>
  <node id="4985391300" lat="48.3509892" lon="11.8008725"/>
  <node id="4985391301" lat="48.3510301" lon="11.8014061"/>
  <node id="4986969689" lat="48.3575403" lon="11.8007068"/>
  <node id="4986969691" lat="48.3573750" lon="11.8007364"/>
  <node id="4986969693" lat="48.3571776" lon="11.8007719"/>
  <node id="4986969695" lat="48.3567667" lon="11.8009091"/>
  <node id="4986969697" lat="48.3566084" lon="11.8009539"/>
  <node id="4986969700" lat="48.3574846" lon="11.7999580"/>
  <node id="4986969701" lat="48.3573239" lon="11.8000025"/>
  <node id="4986969702" lat="48.3571266" lon="11.8000415"/>
  <node id="4986969703" lat="48.3567142" lon="11.8001796"/>
  <node id="4986969704" lat="48.3565541" lon="11.8002099"/>
  <node id="4986969705" lat="48.3563375" lon="11.8002460"/>
  <node id="4986969706" lat="48.3559620" lon="11.8010669"/>
  <node id="4986969708" lat="48.3559052" lon="11.8003182"/>
  <node id="4986969710" lat="48.3555252" lon="11.8003816"/>
  <node id="4986969712" lat="48.3550967" lon="11.8004530"/>
  <node id="4986969714" lat="48.3546849" lon="11.8005217"/>
  <node id="4986969716" lat="48.3543218" lon="11.8013523"/>
  <node id="4986969717" lat="48.3542664" lon="11.8005915"/>
  <node id="4986969719" lat="48.3539350" lon="11.8014706"/>
  <node id="4986969720" lat="48.3538705" lon="11.8006576"/>
  <node id="4986969923" lat="48.3533193" lon="11.8016403"/>
  <node id="4986969925" lat="48.3530691" lon="11.8008662"/>
  <node id="4986969926" lat="48.3532632" lon="11.8008331"/>
  <node id="4986969927" lat="48.3534385" lon="11.8008031"/>
  <node id="4986969928" lat="48.3563693" lon="11.8017771"/>
  <node id="4986969929" lat="48.3559439" lon="11.8018511"/>
  <node id="4986969930" lat="48.3554968" lon="11.8019290"/>
  <node id="4986969931" lat="48.3550677" lon="11.8020031"/>
  <node id="4986969932" lat="48.3546322" lon="11.8020794"/>
  <node id="4986969933" lat="48.3541946" lon="11.8023204"/>
  <node id="4986969934" lat="48.3537725" lon="11.8023933"/>
  <node id="4986969935" lat="48.3533278" lon="11.8024701"/>
  <node id="4986969936" lat="48.3528998" lon="11.8025441"/>
  <node id="4986969937" lat="48.3524538" lon="11.8026211"/>
  <node id="4986969938" lat="48.3537426" lon="11.8019226"/>
  <node id="4988160488" lat="48.3525493" lon="11.8017691"/>
  <node id="4988160489" lat="48.3524927" lon="11.8009646"/>
  <node id="4988160491" lat="48.3522954" lon="11.8009983"/>
  <node id="4988193651" lat="48.3520359" lon="11.7971534"/>
  <node id="4988193652" lat="48.3572529" lon="11.7962448"/>
  <node id="4988193653" lat="48.3568808" lon="11.7963096"/>
  <node id="4988193654" lat="48.3565074" lon="11.7963746"/>
  <node id="4988193655" lat="48.3561420" lon="11.7964382"/>
  <node id="4988193656" lat="48.3557819" lon="11.7965010"/>
  <node id="4988193657" lat="48.3556921" lon="11.7965166"/>
  <node id="4988193658" lat="48.3552822" lon="11.7965880"/>
  <node id="4988193659" lat="48.3551627" lon="11.7966088"/>
  <node id="4988193660" lat="48.3546544" lon="11.7966973"/>
  <node id="4988193661" lat="48.3541347" lon="11.7967878"/>
  <node id="4988193662" lat="48.3540173" lon="11.7968058"/>
  <node id="4988193663" lat="48.3535951" lon="11.7968799"/>
  <node id="4988193664" lat="48.3535138" lon="11.7968941"/>
  <node id="4988193665" lat="48.3527666" lon="11.7970252"/>
  <node id="4988193666" lat="48.3531408" lon="11.7969596"/>
  <node id="4988193667" lat="48.3524042" lon="11.7970888"/>
  <node id="4988211796" lat="48.3502787" lon="11.7915856"/>
  <node id="4988211797" lat="48.3505997" lon="11.7915313"/>
  <node id="4988220952" lat="48.3509250" lon="11.7914762"/>
  <node id="4988220953" lat="48.3509223" lon="11.7914247"/>
  <node id="4988220954" lat="48.3499589" lon="11.7914428"/>
  <node id="4988220955" lat="48.3499591" lon="11.7915178"/>
  <node id="4988220956" lat="48.3499387" lon="11.7913755"/>
  <node id="4988220957" lat="48.3499517" lon="11.7914075"/>
  <node id="4988220958" lat="48.3499240" lon="11.7913522"/>
  <node id="4988220959" lat="48.3499619" lon="11.7914803"/>
  <node id="4988220960" lat="48.3499523" lon="11.7915528"/>
  <node id="4988220961" lat="48.3502853" lon="11.7913880"/>
  <node id="4988220962" lat="48.3502649" lon="11.7913220"/>
  <node id="4988220963" lat="48.3502863" lon="11.7914634"/>
  <node id="4988220964" lat="48.3502489" lon="11.7912968"/>
  <node id="4988220965" lat="48.3502785" lon="11.7913516"/>
  <node id="4988220966" lat="48.3502887" lon="11.7914240"/>
  <node id="4988220967" lat="48.3502822" lon="11.7914960"/>
  <node id="4988220968" lat="48.3506137" lon="11.7913365"/>
  <node id="4988220969" lat="48.3505964" lon="11.7912727"/>
  <node id="4988220970" lat="48.3506115" lon="11.7914072"/>
  <node id="4988220971" lat="48.3506149" lon="11.7913710"/>
  <node id="4988220972" lat="48.3506085" lon="11.7913029"/>
  <node id="4988220973" lat="48.3505837" lon="11.7912452"/>
  <node id="4988220974" lat="48.3506053" lon="11.7914434"/>
  <node id="4988220975" lat="48.3509415" lon="11.7912882"/>
  <node id="4988220976" lat="48.3509254" lon="11.7912217"/>
  <node id="4988220977" lat="48.3509399" lon="11.7913582"/>
  <node id="4988220978" lat="48.3509334" lon="11.7913923"/>
  <node id="4988220979" lat="48.3509436" lon="11.7913232"/>
  <node id="4988220980" lat="48.3509363" lon="11.7912541"/>
  <node id="4988220981" lat="48.3509127" lon="11.7911928"/>
  <node id="5001571664" lat="48.3465607" lon="11.7550939"/>
  <node id="5001571665" lat="48.3466446" lon="11.7561771"/>
  <node id="5001571666" lat="48.3464767" lon="11.7540089"/>
  <node id="5001571667" lat="48.3461416" lon="11.7496804"/>
  <node id="5001571668" lat="48.3466656" lon="11.7564485"/>
  <node id="5001571670" lat="48.3466237" lon="11.7559077"/>
  <node id="5001571674" lat="48.3465814" lon="11.7553613"/>
  <node id="5001571675" lat="48.3465401" lon="11.7548273"/>
  <node id="5001571686" lat="48.3461205" lon="11.7494084"/>
  <node id="5001571687" lat="48.3461627" lon="11.7499530"/>
  <node id="5001571688" lat="48.3462040" lon="11.7504859"/>
  <node id="5001571689" lat="48.3462460" lon="11.7510293"/>
  <node id="5001571690" lat="48.3462885" lon="11.7515784"/>
  <node id="5001571691" lat="48.3463303" lon="11.7521184"/>
  <node id="5001571692" lat="48.3463720" lon="11.7526567"/>
  <node id="5001571693" lat="48.3464144" lon="11.7532048"/>
  <node id="5001571694" lat="48.3464553" lon="11.7537326"/>
  <node id="5001571695" lat="48.3464978" lon="11.7542815"/>
  <node id="5001571696" lat="48.3462449" lon="11.7565345"/>
  <node id="5001571697" lat="48.3462239" lon="11.7562642"/>
  <node id="5001571698" lat="48.3462034" lon="11.7559984"/>
  <node id="5001571699" lat="48.3461602" lon="11.7554416"/>
  <node id="5001571700" lat="48.3461395" lon="11.7551739"/>
  <node id="5001571701" lat="48.3461187" lon="11.7549054"/>
  <node id="5001571702" lat="48.3460765" lon="11.7543613"/>
  <node id="5001571703" lat="48.3460553" lon="11.7540896"/>
  <node id="5001571704" lat="48.3460340" lon="11.7538132"/>
  <node id="5001571705" lat="48.3459925" lon="11.7532773"/>
  <node id="5001571706" lat="48.3459713" lon="11.7530043"/>
  <node id="5001571707" lat="48.3459501" lon="11.7527298"/>
  <node id="5001571708" lat="48.3459081" lon="11.7521867"/>
  <node id="5001571709" lat="48.3458872" lon="11.7519174"/>
  <node id="5001571710" lat="48.3458664" lon="11.7516479"/>
  <node id="5001571711" lat="48.3458243" lon="11.7511043"/>
  <node id="5001571712" lat="48.3458035" lon="11.7508362"/>
  <node id="5001571713" lat="48.3457821" lon="11.7505595"/>
  <node id="5001571714" lat="48.3457401" lon="11.7500171"/>
  <node id="5001571715" lat="48.3457193" lon="11.7497479"/>
  <node id="5001571716" lat="48.3456985" lon="11.7494794"/>
  <node id="5003339983" lat="48.3538160" lon="11.7953440">
    <tag k="aeroway" v="holding_position"/>
    <tag k="holding_position:type" v="intermediate"/>
  </node>
  <node id="5003339984" lat="48.3502738" lon="11.7952781"/>
  <node id="5003339985" lat="48.3503242" lon="11.7952693"/>
  <node id="5003339986" lat="48.3506779" lon="11.7952073"/>
  <node id="5003339987" lat="48.3507673" lon="11.7951914"/>
  <node id="5003339988" lat="48.3511040" lon="11.7951318"/>
  <node id="5003339989" lat="48.3514509" lon="11.7950705"/>
  <node id="5003339990" lat="48.3517318" lon="11.7950212"/>
  <node id="5003339991" lat="48.3518006" lon="11.7950091"/>
  <node id="5003339992" lat="48.3521435" lon="11.7949487"/>
  <node id="5003339993" lat="48.3522039" lon="11.7949381"/>
  <node id="5003339994" lat="48.3524695" lon="11.7948913"/>
  <node id="5003339995" lat="48.3526882" lon="11.7948529"/>
  <node id="5003339996" lat="48.3528297" lon="11.7948280"/>
  <node id="5003339997" lat="48.3531678" lon="11.7947685"/>
  <node id="5003339998" lat="48.3535941" lon="11.7946934"/>
  <node id="5003339999" lat="48.3536610" lon="11.7946817"/>
  <node id="5003340000" lat="48.3546070" lon="11.7945128"/>
  <node id="5003340001" lat="48.3546788" lon="11.7945000"/>
  <node id="5003340002" lat="48.3551008" lon="11.7944249"/>
  <node id="5003340003" lat="48.3550157" lon="11.7944396"/>
  <node id="5003340004" lat="48.3553743" lon="11.7943780"/>
  <node id="5003340005" lat="48.3555812" lon="11.7943425"/>
  <node id="5003340006" lat="48.3557117" lon="11.7943201"/>
  <node id="5003340007" lat="48.3560616" lon="11.7942600"/>
  <node id="5003340008" lat="48.3561289" lon="11.7942484"/>
  <node id="5003340009" lat="48.3566699" lon="11.7941556"/>
  <node id="5003340010" lat="48.3565486" lon="11.7941764"/>
  <node id="5003340011" lat="48.3568948" lon="11.7941170"/>
  <node id="5003340012" lat="48.3570251" lon="11.7940945"/>
  <node id="5003340013" lat="48.3572347" lon="11.7940587"/>
  <node id="5003340014" lat="48.3573000" lon="11.7940475"/>
  <node id="5003340015" lat="48.3575067" lon="11.7940120"/>
  <node id="5003340016" lat="48.3575838" lon="11.7939988"/>
  <node id="5003340017" lat="48.3579200" lon="11.7939410"/>
  <node id="5003340018" lat="48.3579970" lon="11.7939278"/>
  <node id="5003340019" lat="48.3582667" lon="11.7938815"/>
  <node id="5003340020" lat="48.3586168" lon="11.7938208"/>
  <node id="5003340221" lat="48.3585258" lon="11.7938392"/>
  <node id="5003376022" lat="48.3589619" lon="11.7928506"/>
  <node id="5003376023" lat="48.3585576" lon="11.7930315"/>
  <node id="5003376024" lat="48.3584662" lon="11.7930474"/>
  <node id="5003376025" lat="48.3582069" lon="11.7930923"/>
  <node id="5003376026" lat="48.3579376" lon="11.7931389"/>
  <node id="5003376027" lat="48.3578604" lon="11.7931523"/>
  <node id="5003376028" lat="48.3575243" lon="11.7932106"/>
  <node id="5003376029" lat="48.3574463" lon="11.7932252"/>
  <node id="5003376030" lat="48.3571749" lon="11.7932721"/>
  <node id="5003376032" lat="48.3572715" lon="11.7936746"/>
  <node id="5003376033" lat="48.3572978" lon="11.7932509"/>
  <node id="5003376034" lat="48.3569660" lon="11.7933083"/>
  <node id="5003376035" lat="48.3568352" lon="11.7933310"/>
  <node id="5003376036" lat="48.3564886" lon="11.7933909"/>
  <node id="5003376038" lat="48.3566238" lon="11.7935571"/>
  <node id="5003376039" lat="48.3566531" lon="11.7933625"/>
  <node id="5003376040" lat="48.3560695" lon="11.7934635"/>
  <node id="5003376041" lat="48.3560019" lon="11.7934752"/>
  <node id="5003376042" lat="48.3556519" lon="11.7935358"/>
  <node id="5003376043" lat="48.3555220" lon="11.7935583"/>
  <node id="5003376044" lat="48.3553149" lon="11.7935941"/>
  <node id="5003376045" lat="48.3550408" lon="11.7936415"/>
  <node id="5003376046" lat="48.3549565" lon="11.7936561"/>
  <node id="5003376047" lat="48.3546189" lon="11.7937145"/>
  <node id="5003376048" lat="48.3545476" lon="11.7937269"/>
  <node id="5003376049" lat="48.3540982" lon="11.7938047"/>
  <node id="5003376050" lat="48.3536009" lon="11.7938908"/>
  <node id="5003376051" lat="48.3535338" lon="11.7939024"/>
  <node id="5003376052" lat="48.3531077" lon="11.7939761"/>
  <node id="5003376053" lat="48.3527702" lon="11.7940346"/>
  <node id="5003376054" lat="48.3526278" lon="11.7940592"/>
  <node id="5003376055" lat="48.3524089" lon="11.7940971"/>
  <node id="5003376056" lat="48.3521436" lon="11.7941430"/>
  <node id="5003376057" lat="48.3520831" lon="11.7941535"/>
  <node id="5003376058" lat="48.3517403" lon="11.7942129"/>
  <node id="5003376059" lat="48.3516716" lon="11.7942247"/>
  <node id="5003376060" lat="48.3513905" lon="11.7942734"/>
  <node id="5003376061" lat="48.3511864" lon="11.7943087"/>
  <node id="5003376062" lat="48.3510434" lon="11.7943334"/>
  <node id="5003376063" lat="48.3507067" lon="11.7943918"/>
  <node id="5003376064" lat="48.3506171" lon="11.7944073"/>
  <node id="5003376065" lat="48.3502633" lon="11.7944685"/>
  <node id="5003376066" lat="48.3502129" lon="11.7944773"/>
  <node id="5052033810" lat="48.3441242" lon="11.7467304"/>
  <node id="5083852401" lat="48.3610567" lon="11.7766420"/>
  <node id="5083852402" lat="48.3608893" lon="11.7765406"/>
  <node id="5083852403" lat="48.3608210" lon="11.7764472"/>
  <node id="5083852404" lat="48.3607652" lon="11.7762977"/>
  <node id="5083852405" lat="48.3607129" lon="11.7760938"/>
  <node id="5474012271" lat="48.3475253" lon="11.7731586"/>
  <node id="8960315854" lat="48.3542107" lon="11.8040055"/>
  <node id="8960315858" lat="48.3538955" lon="11.8042358"/>
  <node id="8960315862" lat="48.3541001" lon="11.8041923"/>
  <node id="8960315863" lat="48.3532685" lon="11.8043435"/>
  <node id="8960315864" lat="48.3541929" lon="11.8040620"/>
  <node id="8960315867" lat="48.3542137" lon="11.8038763"/>
  <node id="8960315869" lat="48.3535827" lon="11.8042895"/>
  <node id="8960315872" lat="48.3533131" lon="11.8043358"/>
  <node id="8960315874" lat="48.3540568" lon="11.8042082"/>
  <node id="8960315875" lat="48.3535204" lon="11.8043002"/>
  <node id="8960315876" lat="48.3541707" lon="11.8041186"/>
  <node id="8960315877" lat="48.3537316" lon="11.8042640"/>
  <node id="8960315879" lat="48.3542182" lon="11.8039399"/>
  <node id="8960315880" lat="48.3539423" lon="11.8042278"/>
  <node id="8960315882" lat="48.3540371" lon="11.8014394"/>
  <node id="8960315893" lat="48.3541358" lon="11.8041665"/>
  <node id="8960459461" lat="48.3540632" lon="11.8012083"/>
  <node id="8960459462" lat="48.3541636" lon="11.8010723"/>
  <node id="8960459463" lat="48.3539635" lon="11.8012840"/>
  <node id="8960459464" lat="48.3537853" lon="11.8012157"/>
  <node id="8960459465" lat="48.3540477" lon="11.8012699"/>
  <node id="8960459466" lat="48.3541196" lon="11.8011023"/>
  <node id="8960459467" lat="48.3542196" lon="11.8010484"/>
  <node id="8960459468" lat="48.3539997" lon="11.8013351"/>
  <node id="8960459469" lat="48.3538584" lon="11.8012268"/>
  <node id="8960459470" lat="48.3537259" lon="11.8012180"/>
  <node id="8960459471" lat="48.3540396" lon="11.8013577"/>
  <node id="8960459472" lat="48.3540883" lon="11.8011517"/>
  <node id="8960459473" lat="48.3540233" lon="11.8013862"/>
  <node id="8960459474" lat="48.3539178" lon="11.8012491"/>
  <node id="8960459659" lat="48.3584313" lon="11.8046283"/>
  <node id="8960459660" lat="48.3583898" lon="11.8040927"/>
  <node id="8960459661" lat="48.3583495" lon="11.8035456"/>
  <node id="8960459668" lat="48.3589244" lon="11.8053380"/>
  <node id="8960459670" lat="48.3587319" lon="11.8028731"/>
  <node id="8960459672" lat="48.3587808" lon="11.8034923"/>
  <node id="8960459674" lat="48.3588294" lon="11.8041076"/>
  <node id="8960459676" lat="48.3588778" lon="11.8047202"/>
  <node id="8960459678" lat="48.3583379" lon="11.8030006"/>
  <node id="9498578445" lat="48.3491862" lon="11.7785686"/>
  <node id="9498578450" lat="48.3498755" lon="11.7784502"/>
  <node id="9498578451" lat="48.3499574" lon="11.7787983"/>
  <node id="9498578452" lat="48.3500321" lon="11.7791181"/>
  <node id="9498578454" lat="48.3516036" lon="11.7781513"/>
  <node id="9925059447" lat="48.3512267" lon="11.8031194"/>
  <node id="9925059448" lat="48.3518955" lon="11.8116598"/>
  <node id="9925059454" lat="48.3509363" lon="11.8050515"/>
  <node id="9925059477" lat="48.3517502" lon="11.8027062">
    <tag k="aeroway" v="holding_position"/>
    <tag k="holding_position:type" v="intermediate"/>
  </node>
  <node id="9925059478" lat="48.3524366" lon="11.8116094"/>
  <node id="9925059479" lat="48.3521383" lon="11.8116602"/>
  <node id="9925059480" lat="48.3514553" lon="11.8027581">
    <tag k="aeroway" v="holding_position"/>
    <tag k="holding_position:type" v="intermediate"/>
  </node>
  <node id="9931487240" lat="48.3515706" lon="11.8042613"/>
  <node id="9931487242" lat="48.3520761" lon="11.8041771"/>
  <node id="9931487243" lat="48.3518661" lon="11.8042100"/>
  <node id="9931487244" lat="48.3516178" lon="11.8048756"/>
  <node id="9931487246" lat="48.3521219" lon="11.8047881"/>
  <node id="9931487247" lat="48.3519134" lon="11.8048235"/>
  <node id="9931487248" lat="48.3516651" lon="11.8054929"/>
  <node id="9931487250" lat="48.3517128" lon="11.8061137"/>
  <node id="9931487252" lat="48.3517601" lon="11.8067312"/>
  <node id="9931487254" lat="48.3518072" lon="11.8073441"/>
  <node id="9931487256" lat="48.3518545" lon="11.8079615"/>
  <node id="9931487258" lat="48.3519018" lon="11.8085775"/>
  <node id="9931487260" lat="48.3519489" lon="11.8091916"/>
  <node id="9931487262" lat="48.3519965" lon="11.8098125"/>
  <node id="9931487264" lat="48.3520437" lon="11.8104274"/>
  <node id="9931487266" lat="48.3520905" lon="11.8110376"/>
  <node id="9931487269" lat="48.3526305" lon="11.8115750"/>
  <node id="9931487270" lat="48.3525839" lon="11.8109529"/>
  <node id="9931487271" lat="48.3523887" lon="11.8109876"/>
  <node id="9931487272" lat="48.3523415" lon="11.8103759"/>
  <node id="9931487273" lat="48.3525381" lon="11.8103421"/>
  <node id="9931487274" lat="48.3524920" lon="11.8097275"/>
  <node id="9931487275" lat="48.3522941" lon="11.8097617"/>
  <node id="9931487276" lat="48.3524456" lon="11.8091073"/>
  <node id="9931487277" lat="48.3522464" lon="11.8091422"/>
  <node id="9931487278" lat="48.3523995" lon="11.8084927"/>
  <node id="9931487279" lat="48.3521988" lon="11.8085253"/>
  <node id="9931487280" lat="48.3523534" lon="11.8078769"/>
  <node id="9931487281" lat="48.3521515" lon="11.8079118"/>
  <node id="9931487282" lat="48.3521039" lon="11.8072942"/>
  <node id="9931487283" lat="48.3523071" lon="11.8072595"/>
  <node id="9931487284" lat="48.3520567" lon="11.8066815"/>
  <node id="9931487285" lat="48.3522610" lon="11.8066445"/>
  <node id="9931487286" lat="48.3520090" lon="11.8060630"/>
  <node id="9931487287" lat="48.3522147" lon="11.8060270"/>
  <node id="9931487288" lat="48.3519613" lon="11.8054444"/>
  <node id="9931487289" lat="48.3521683" lon="11.8054077"/>
  <node id="9931487290" lat="48.3515768" lon="11.8043422"/>
  <node id="9931487291" lat="48.3516217" lon="11.8049273"/>
  <node id="9931487292" lat="48.3515989" lon="11.8046296"/>
  <node id="9931487294" lat="48.3516662" lon="11.8055073"/>
  <node id="9931487296" lat="48.3516889" lon="11.8058029"/>
  <node id="9931487298" lat="48.3517115" lon="11.8060971"/>
  <node id="9931487300" lat="48.3517535" lon="11.8066442"/>
  <node id="9931487302" lat="48.3517745" lon="11.8069182"/>
  <node id="9931487304" lat="48.3517957" lon="11.8071945"/>
  <node id="9931487306" lat="48.3518369" lon="11.8077318"/>
  <node id="9931487308" lat="48.3518578" lon="11.8080046"/>
  <node id="9931487310" lat="48.3518788" lon="11.8082778"/>
  <node id="9931487312" lat="48.3519204" lon="11.8088199"/>
  <node id="9931487314" lat="48.3519413" lon="11.8090922"/>
  <node id="9931487316" lat="48.3519617" lon="11.8093585"/>
  <node id="9931519918" lat="48.3520067" lon="11.8099453"/>
  <node id="9931519920" lat="48.3520273" lon="11.8102135"/>
  <node id="9931519922" lat="48.3520481" lon="11.8104851"/>
  <node id="9931519924" lat="48.3520898" lon="11.8110280"/>
  <node id="9931519926" lat="48.3521127" lon="11.8113262"/>
  <node id="9931519928" lat="48.3521352" lon="11.8116197"/>
  <node id="9931519930" lat="48.3513600" lon="11.8046726"/>
  <node id="9931519931" lat="48.3514278" lon="11.8055459"/>
  <node id="9931519932" lat="48.3514509" lon="11.8058444"/>
  <node id="9931519933" lat="48.3515155" lon="11.8066865"/>
  <node id="9931519934" lat="48.3515364" lon="11.8069601"/>
  <node id="9931519935" lat="48.3515575" lon="11.8072357"/>
  <node id="9931519936" lat="48.3515985" lon="11.8077722"/>
  <node id="9931519937" lat="48.3516193" lon="11.8080454"/>
  <node id="9931519938" lat="48.3516402" lon="11.8083185"/>
  <node id="9931519939" lat="48.3516815" lon="11.8088597"/>
  <node id="9931519940" lat="48.3517024" lon="11.8091330"/>
  <node id="9931519941" lat="48.3517228" lon="11.8094001"/>
  <node id="9931519942" lat="48.3517676" lon="11.8099865"/>
  <node id="9931519943" lat="48.3517882" lon="11.8102552"/>
  <node id="9931519944" lat="48.3518090" lon="11.8105279"/>
  <node id="9931519945" lat="48.3518503" lon="11.8110690"/>
  <node id="9931519946" lat="48.3518731" lon="11.8113672"/>
  <node id="9931519947" lat="48.3509146" lon="11.8047508"/>
  <node id="9931519948" lat="48.3509788" lon="11.8056229"/>
  <node id="9931519949" lat="48.3510020" lon="11.8059230"/>
  <node id="9931519950" lat="48.3510249" lon="11.8062201"/>
  <node id="9931519951" lat="48.3510672" lon="11.8067679"/>
  <node id="9931519952" lat="48.3510881" lon="11.8070377"/>
  <node id="9931519953" lat="48.3511094" lon="11.8073145"/>
  <node id="9931519954" lat="48.3511507" lon="11.8078493"/>
  <node id="9931519955" lat="48.3511719" lon="11.8081240"/>
  <node id="9931519956" lat="48.3511928" lon="11.8083940"/>
  <node id="9931519957" lat="48.3512347" lon="11.8089373"/>
  <node id="9931519958" lat="48.3512559" lon="11.8092113"/>
  <node id="9931519959" lat="48.3512766" lon="11.8094800"/>
  <node id="9931519960" lat="48.3513217" lon="11.8100633"/>
  <node id="9931519961" lat="48.3513425" lon="11.8103326"/>
  <node id="9931519962" lat="48.3513637" lon="11.8106071"/>
  <node id="9931519963" lat="48.3514054" lon="11.8111464"/>
  <node id="9931519964" lat="48.3514283" lon="11.8114431"/>
  <node id="9931519965" lat="48.3514511" lon="11.8117372"/>
  <node id="9933750187" lat="48.3591446" lon="11.8052965"/>
  <node id="11593848520" lat="48.3634581" lon="11.7961944">
    <tag k="aeroway" v="holding_position"/>
    <tag k="holding_position:type" v="runway"/>
  </node>
  <node id="11593848521" lat="48.3633415" lon="11.7927389">
    <tag k="aeroway" v="holding_position"/>
    <tag k="holding_position:type" v="runway"/>
  </node>
  <node id="11593848522" lat="48.3634512" lon="11.7894748">
    <tag k="aeroway" v="holding_position"/>
    <tag k="holding_position:type" v="runway"/>
  </node>
  <node id="12569483637" lat="48.3464083" lon="11.7575081"/>
  <node id="12569483638" lat="48.3466165" lon="11.7576369"/>
  <node id="12569483639" lat="48.3466927" lon="11.7577448"/>
  <node id="12569483640" lat="48.3467662" lon="11.7579111"/>
  <node id="12569483641" lat="48.3466931" lon="11.7569536"/>
  <node id="12569483642" lat="48.3490513" lon="11.7785920">
    <tag k="aeroway" v="holding_position"/>
    <tag k="holding_position:type" v="intermediate"/>
  </node>
  <node id="12569483643" lat="48.3494495" lon="11.7921898">
    <tag k="aeroway" v="holding_position"/>
    <tag k="holding_position:type" v="intermediate"/>
  </node>
  <node id="12569483644" lat="48.3495693" lon="11.7944659">
    <tag k="aeroway" v="holding_position"/>
    <tag k="holding_position:type" v="intermediate"/>
  </node>
  <node id="12569483646" lat="48.3474996" lon="11.7672220">
    <tag k="aeroway" v="holding_position"/>
    <tag k="holding_position:type" v="intermediate"/>
  </node>
  <node id="12569483647" lat="48.3460126" lon="11.7742800"/>
  <node id="12569483648" lat="48.3461637" lon="11.7743799"/>
  <node id="12569483649" lat="48.3464703" lon="11.7740721"/>
  <node id="12569483650" lat="48.3467157" lon="11.7741318">
    <tag k="aeroway" v="holding_position"/>
    <tag k="holding_position:type" v="intermediate"/>
  </node>
  <node id="12569483651" lat="48.3470843" lon="11.7789402">
    <tag k="aeroway" v="holding_position"/>
    <tag k="holding_position:type" v="intermediate"/>
  </node>
  <node id="12569483652" lat="48.3465776" lon="11.7783364">
    <tag k="aeroway" v="holding_position"/>
    <tag k="holding_position:type" v="intermediate"/>
  </node>
  <node id="12569483653" lat="48.3466865" lon="11.7796881">
    <tag k="aeroway" v="holding_position"/>
    <tag k="holding_position:type" v="intermediate"/>
  </node>
  <node id="12569483654" lat="48.3472098" lon="11.7805424">
    <tag k="aeroway" v="holding_position"/>
    <tag k="holding_position:type" v="intermediate"/>
  </node>
  <node id="12569483655" lat="48.3469182" lon="11.7806925"/>
  <node id="12569483656" lat="48.3468567" lon="11.7807897"/>
  <node id="12569483657" lat="48.3468065" lon="11.7812993">
    <tag k="aeroway" v="holding_position"/>
    <tag k="holding_position:type" v="intermediate"/>
  </node>
  <node id="12569483658" lat="48.3468118" lon="11.7872961">
    <tag k="aeroway" v="holding_position"/>
    <tag k="holding_position:type" v="intermediate"/>
  </node>
  <node id="12569483659" lat="48.3470118" lon="11.7872351"/>
  <node id="12569483660" lat="48.3471080" lon="11.7871352"/>
  <node id="12569483661" lat="48.3471753" lon="11.7870024"/>
  <node id="12569483662" lat="48.3472194" lon="11.7868314"/>
  <node id="12569483663" lat="48.3472111" lon="11.7865376">
    <tag k="aeroway" v="holding_position"/>
    <tag k="holding_position:type" v="intermediate"/>
  </node>
  <node id="12569483664" lat="48.3470866" lon="11.7873289"/>
  <node id="12569483665" lat="48.3471887" lon="11.7874362"/>
  <node id="12569483666" lat="48.3472801" lon="11.7876300"/>
  <node id="12569483667" lat="48.3473148" lon="11.7878910">
    <tag k="aeroway" v="holding_position"/>
    <tag k="holding_position:type" v="intermediate"/>
  </node>
  <node id="12569483668" lat="48.3477859" lon="11.7952703"/>
  <node id="12569483669" lat="48.3476963" lon="11.7953923"/>
  <node id="12569483670" lat="48.3477467" lon="11.7956129"/>
  <node id="12569483671" lat="48.3478394" lon="11.7957343"/>
  <node id="12569483672" lat="48.3479120" lon="11.7959167"/>
  <node id="12569483673" lat="48.3480136" lon="11.7960153"/>
  <node id="12569483674" lat="48.3480867" lon="11.7958470"/>
  <node id="12569483675" lat="48.3482101" lon="11.7956927"/>
  <node id="12569483676" lat="48.3483743" lon="11.7956023">
    <tag k="aeroway" v="holding_position"/>
    <tag k="holding_position:type" v="intermediate"/>
  </node>
  <node id="12569483677" lat="48.3479277" lon="11.8019118">
    <tag k="aeroway" v="holding_position"/>
    <tag k="holding_position:type" v="intermediate"/>
  </node>
  <node id="12569483678" lat="48.3480767" lon="11.8036341">
    <tag k="aeroway" v="holding_position"/>
    <tag k="holding_position:type" v="intermediate"/>
  </node>
  <node id="12569483679" lat="48.3483340" lon="11.8050483"/>
  <node id="12569483680" lat="48.3485306" lon="11.8044810"/>
  <node id="12569483681" lat="48.3485880" lon="11.8081509"/>
  <node id="12569483682" lat="48.3486776" lon="11.8080544"/>
  <node id="12569483683" lat="48.3486728" lon="11.8055935">
    <tag k="aeroway" v="holding_position"/>
    <tag k="holding_position:type" v="intermediate"/>
  </node>
  <node id="12569483684" lat="48.3482872" lon="11.8006776">
    <tag k="aeroway" v="holding_position"/>
    <tag k="holding_position:type" v="intermediate"/>
  </node>
  <node id="12569483685" lat="48.3467043" lon="11.8057101">
    <tag k="aeroway" v="holding_position"/>
    <tag k="holding_position:type" v="ILS"/>
  </node>
  <node id="12569483686" lat="48.3464633" lon="11.8025622">
    <tag k="aeroway" v="holding_position"/>
    <tag k="holding_position:type" v="ILS"/>
  </node>
  <node id="12569483687" lat="48.3465834" lon="11.8041066">
    <tag k="aeroway" v="holding_position"/>
    <tag k="holding_position:type" v="ILS"/>
  </node>
  <node id="12569483688" lat="48.3474574" lon="11.8015500"/>
  <node id="12569483689" lat="48.3472346" lon="11.8008996"/>
  <node id="12569483690" lat="48.3475655" lon="11.7971007">
    <tag k="aeroway" v="holding_position"/>
    <tag k="holding_position:type" v="intermediate"/>
  </node>
  <node id="12569483691" lat="48.3474430" lon="11.7954924">
    <tag k="aeroway" v="holding_position"/>
    <tag k="holding_position:type" v="intermediate"/>
  </node>
  <node id="12569483692" lat="48.3471232" lon="11.7970734"/>
  <node id="12569483693" lat="48.3470519" lon="11.7974885"/>
  <node id="12569483694" lat="48.3470037" lon="11.7976910"/>
  <node id="12569483695" lat="48.3469983" lon="11.7978881">
    <tag k="aeroway" v="holding_position"/>
    <tag k="holding_position:type" v="intermediate"/>
  </node>
  <node id="12569483696" lat="48.3469939" lon="11.7954272"/>
  <node id="12569483697" lat="48.3471464" lon="11.7955063"/>
  <node id="12569483698" lat="48.3471726" lon="11.7955613"/>
  <node id="12569483699" lat="48.3469908" lon="11.7957558"/>
  <node id="12569483700" lat="48.3469164" lon="11.7959180"/>
  <node id="12569497201" lat="48.3468754" lon="11.7961192"/>
  <node id="12569497202" lat="48.3468733" lon="11.7962819">
    <tag k="aeroway" v="holding_position"/>
    <tag k="holding_position:type" v="intermediate"/>
  </node>
  <node id="12569497203" lat="48.3467008" lon="11.7963849">
    <tag k="aeroway" v="holding_position"/>
    <tag k="holding_position:type" v="intermediate"/>
  </node>
  <node id="12569497204" lat="48.3467310" lon="11.7955908"/>
  <node id="12569497205" lat="48.3468210" lon="11.7951643"/>
  <node id="12569497206" lat="48.3454512" lon="11.7938711">
    <tag k="aeroway" v="holding_position"/>
    <tag k="holding_position:type" v="ILS"/>
  </node>
  <node id="12569497207" lat="48.3444463" lon="11.7835720">
    <tag k="aeroway" v="holding_position"/>
    <tag k="holding_position:type" v="runway"/>
  </node>
  <node id="12569497208" lat="48.3461793" lon="11.7883965"/>
  <node id="12569497209" lat="48.3462577" lon="11.7886385"/>
  <node id="12569497210" lat="48.3462858" lon="11.7887485"/>
  <node id="12569497211" lat="48.3462292" lon="11.7885433"/>
  <node id="12569497212" lat="48.3460754" lon="11.7881789">
    <tag k="aeroway" v="holding_position"/>
    <tag k="holding_position:type" v="intermediate"/>
  </node>
  <node id="12569497213" lat="48.3462419" lon="11.7880741">
    <tag k="aeroway" v="holding_position"/>
    <tag k="holding_position:type" v="intermediate"/>
  </node>
  <node id="12569497214" lat="48.3463914" lon="11.7874389"/>
  <node id="12569497215" lat="48.3462751" lon="11.7876501"/>
  <node id="12569497216" lat="48.3462376" lon="11.7878117"/>
  <node id="12569497217" lat="48.3465242" lon="11.7873517"/>
  <node id="12569497218" lat="48.3465304" lon="11.7873142"/>
  <node id="12569497219" lat="48.3463103" lon="11.7871787"/>
  <node id="12569497220" lat="48.3462064" lon="11.7870051"/>
  <node id="12569497221" lat="48.3461405" lon="11.7867199">
    <tag k="aeroway" v="holding_position"/>
    <tag k="holding_position:type" v="intermediate"/>
  </node>
  <node id="12569497222" lat="48.3460852" lon="11.7866490"/>
  <node id="12569497223" lat="48.3461062" lon="11.7865578"/>
  <node id="12569497224" lat="48.3449607" lon="11.7859445">
    <tag k="aeroway" v="holding_position"/>
    <tag k="holding_position:type" v="ILS"/>
  </node>
  <node id="12569497225" lat="48.3453120" lon="11.7810532"/>
  <node id="12569497226" lat="48.3454742" lon="11.7809104"/>
  <node id="12569497227" lat="48.3455509" lon="11.7808695"/>
  <node id="12569497228" lat="48.3455250" lon="11.7813724"/>
  <node id="12569497229" lat="48.3453882" lon="11.7813188"/>
  <node id="12569497230" lat="48.3452487" lon="11.7813396"/>
  <node id="12569497231" lat="48.3451377" lon="11.7814200"/>
  <node id="12569497232" lat="48.3450137" lon="11.7816126">
    <tag k="aeroway" v="holding_position"/>
    <tag k="holding_position:type" v="intermediate"/>
  </node>
  <node id="12569497233" lat="48.3451217" lon="11.7790604"/>
  <node id="12569497234" lat="48.3458343" lon="11.7806382"/>
  <node id="12569497235" lat="48.3456957" lon="11.7804746"/>
  <node id="12569497236" lat="48.3457454" lon="11.7805473"/>
  <node id="12569497237" lat="48.3456832" lon="11.7804021"/>
  <node id="12569497238" lat="48.3456574" lon="11.7803190"/>
  <node id="12569497239" lat="48.3456377" lon="11.7802032"/>
  <node id="12569497240" lat="48.3456759" lon="11.7807071"/>
  <node id="12569497241" lat="48.3456511" lon="11.7805590"/>
  <node id="12569497242" lat="48.3456315" lon="11.7804692"/>
  <node id="12569497243" lat="48.3455986" lon="11.7803425"/>
  <node id="12569497244" lat="48.3455147" lon="11.7801228"/>
  <node id="12569497245" lat="48.3455720" lon="11.7796818"/>
  <node id="12569497246" lat="48.3455821" lon="11.7796008"/>
  <node id="12569497247" lat="48.3455820" lon="11.7794917"/>
  <node id="12569497248" lat="48.3457706" lon="11.7790557"/>
  <node id="12569497249" lat="48.3458062" lon="11.7792401"/>
  <node id="12569497250" lat="48.3458972" lon="11.7808883"/>
  <node id="12569497251" lat="48.3458134" lon="11.7810311"/>
  <node id="12569497252" lat="48.3457514" lon="11.7812249"/>
  <node id="12569497253" lat="48.3457300" lon="11.7816668"/>
  <node id="12569497254" lat="48.3456390" lon="11.7814953">
    <tag k="aeroway" v="holding_position"/>
    <tag k="holding_position:type" v="intermediate"/>
  </node>
  <node id="12569497255" lat="48.3461796" lon="11.7790907">
    <tag k="aeroway" v="holding_position"/>
    <tag k="holding_position:type" v="intermediate"/>
  </node>
  <node id="12569497256" lat="48.3454413" lon="11.7799795">
    <tag k="aeroway" v="holding_position"/>
    <tag k="holding_position:type" v="intermediate"/>
  </node>
  <node id="12569497257" lat="48.3455017" lon="11.7799146">
    <tag k="aeroway" v="holding_position"/>
    <tag k="holding_position:type" v="intermediate"/>
  </node>
  <node id="12569497258" lat="48.3455091" lon="11.7785225">
    <tag k="aeroway" v="holding_position"/>
    <tag k="holding_position:type" v="intermediate"/>
  </node>
  <node id="12569497259" lat="48.3447862" lon="11.7786477">
    <tag k="aeroway" v="holding_position"/>
    <tag k="holding_position:type" v="intermediate"/>
  </node>
  <node id="12569497260" lat="48.3443292" lon="11.7777518">
    <tag k="aeroway" v="holding_position"/>
    <tag k="holding_position:type" v="runway"/>
  </node>
  <node id="12569497261" lat="48.3442150" lon="11.7762376">
    <tag k="aeroway" v="holding_position"/>
    <tag k="holding_position:type" v="runway"/>
  </node>
  <node id="12569497262" lat="48.3445980" lon="11.7526507">
    <tag k="aeroway" v="holding_position"/>
    <tag k="holding_position:type" v="intermediate"/>
  </node>
  <node id="12569497263" lat="48.3457519" lon="11.7477234"/>
  <node id="12569497264" lat="48.3457777" lon="11.7478938"/>
  <node id="12569497265" lat="48.3459217" lon="11.7480420"/>
  <node id="12569497266" lat="48.3466894" lon="11.7567563">
    <tag k="aeroway" v="holding_position"/>
    <tag k="holding_position:type" v="intermediate"/>
  </node>
  <node id="12569497267" lat="48.3467938" lon="11.7581049">
    <tag k="aeroway" v="holding_position"/>
    <tag k="holding_position:type" v="intermediate"/>
  </node>
  <node id="12569497268" lat="48.3473945" lon="11.7658639">
    <tag k="aeroway" v="holding_position"/>
    <tag k="holding_position:type" v="intermediate"/>
  </node>
  <node id="12569497269" lat="48.3461449" lon="11.7667696">
    <tag k="aeroway" v="holding_position"/>
    <tag k="holding_position:type" v="intermediate"/>
  </node>
  <node id="12569497270" lat="48.3457354" lon="11.7675225">
    <tag k="aeroway" v="holding_position"/>
    <tag k="holding_position:type" v="intermediate"/>
  </node>
  <node id="12569497271" lat="48.3456323" lon="11.7661681">
    <tag k="aeroway" v="holding_position"/>
    <tag k="holding_position:type" v="intermediate"/>
  </node>
  <node id="12569497272" lat="48.3452458" lon="11.7669230">
    <tag k="aeroway" v="holding_position"/>
    <tag k="holding_position:type" v="intermediate"/>
  </node>
  <node id="12569497273" lat="48.3446751" lon="11.7677072">
    <tag k="aeroway" v="holding_position"/>
    <tag k="holding_position:type" v="intermediate"/>
  </node>
  <node id="12569497274" lat="48.3445124" lon="11.7670749"/>
  <node id="12569497275" lat="48.3443226" lon="11.7672037"/>
  <node id="12569497276" lat="48.3441590" lon="11.7673867"/>
  <node id="12569497277" lat="48.3440159" lon="11.7676576"/>
  <node id="12569497278" lat="48.3443902" lon="11.7663114">
    <tag k="aeroway" v="holding_position"/>
    <tag k="holding_position:type" v="intermediate"/>
  </node>
  <node id="12569497279" lat="48.3445700" lon="11.7663466">
    <tag k="aeroway" v="holding_position"/>
    <tag k="holding_position:type" v="intermediate"/>
  </node>
  <node id="12569497280" lat="48.3433487" lon="11.7594501"/>
  <node id="12569497281" lat="48.3434985" lon="11.7592824"/>
  <node id="12569497282" lat="48.3436251" lon="11.7592335"/>
  <node id="12569497283" lat="48.3437485" lon="11.7592462"/>
  <node id="12569497284" lat="48.3439946" lon="11.7594990"/>
  <node id="12569497285" lat="48.3440090" lon="11.7590655">
    <tag k="aeroway" v="holding_position"/>
    <tag k="holding_position:type" v="intermediate"/>
  </node>
  <node id="12569497286" lat="48.3439714" lon="11.7582337"/>
  <node id="12569497287" lat="48.3437802" lon="11.7582089"/>
  <node id="12569497288" lat="48.3429187" lon="11.7608905">
    <tag k="aeroway" v="holding_position"/>
    <tag k="holding_position:type" v="ILS"/>
  </node>
  <node id="12569497289" lat="48.3454392" lon="11.7576546">
    <tag k="aeroway" v="holding_position"/>
    <tag k="holding_position:type" v="intermediate"/>
  </node>
  <node id="12569497290" lat="48.3450383" lon="11.7584106">
    <tag k="aeroway" v="holding_position"/>
    <tag k="holding_position:type" v="intermediate"/>
  </node>
  <node id="12569497291" lat="48.3449391" lon="11.7570559">
    <tag k="aeroway" v="holding_position"/>
    <tag k="holding_position:type" v="intermediate"/>
  </node>
  <node id="12569497292" lat="48.3445379" lon="11.7578122">
    <tag k="aeroway" v="holding_position"/>
    <tag k="holding_position:type" v="intermediate"/>
  </node>
  <node id="12569497293" lat="48.3447999" lon="11.7576188"/>
  <node id="12569497294" lat="48.3444131" lon="11.7522591"/>
  <node id="12569497295" lat="48.3445040" lon="11.7523771"/>
  <node id="12569497296" lat="48.3441090" lon="11.7521757">
    <tag k="aeroway" v="holding_position"/>
    <tag k="holding_position:type" v="intermediate"/>
  </node>
  <node id="12569497297" lat="48.3436913" lon="11.7491353">
    <tag k="aeroway" v="holding_position"/>
    <tag k="holding_position:type" v="intermediate"/>
  </node>
  <node id="12569497298" lat="48.3434919" lon="11.7500633">
    <tag k="aeroway" v="holding_position"/>
    <tag k="holding_position:type" v="intermediate"/>
  </node>
  <node id="12569497299" lat="48.3435927" lon="11.7513955">
    <tag k="aeroway" v="holding_position"/>
    <tag k="holding_position:type" v="intermediate"/>
  </node>
  <node id="12569497300" lat="48.3437160" lon="11.7530791"/>
  <node id="12569497301" lat="48.3426020" lon="11.7524402">
    <tag k="aeroway" v="holding_position"/>
    <tag k="holding_position:type" v="ILS"/>
  </node>
  <node id="12569497302" lat="48.3418316" lon="11.7510346"/>
  <node id="12569497303" lat="48.3424854" lon="11.7509030">
    <tag k="aeroway" v="holding_position"/>
    <tag k="holding_position:type" v="ILS"/>
  </node>
  <node id="12569497304" lat="48.3423642" lon="11.7492912">
    <tag k="aeroway" v="holding_position"/>
    <tag k="holding_position:type" v="ILS"/>
  </node>
  <node id="12569497305" lat="48.3421583" lon="11.7493676"/>
  <node id="12569497306" lat="48.3419158" lon="11.7495648"/>
  <node id="12569734242" lat="48.3572968" lon="11.7768993">
    <tag k="aeroway" v="holding_position"/>
    <tag k="holding_position:type" v="intermediate"/>
  </node>
  <node id="12569734243" lat="48.3573308" lon="11.7775228">
    <tag k="aeroway" v="holding_position"/>
    <tag k="holding_position:type" v="intermediate"/>
  </node>
  <node id="12569734244" lat="48.3518452" lon="11.7787927">
    <tag k="aeroway" v="holding_position"/>
    <tag k="holding_position:type" v="intermediate"/>
  </node>
  <node id="12569734245" lat="48.3517848" lon="11.7788066">
    <tag k="aeroway" v="holding_position"/>
    <tag k="holding_position:type" v="intermediate"/>
  </node>
  <node id="12569734246" lat="48.3587490" lon="11.8030898">
    <tag k="aeroway" v="holding_position"/>
    <tag k="holding_position:type" v="intermediate"/>
  </node>
  <node id="12569734247" lat="48.3583214" lon="11.8031593">
    <tag k="aeroway" v="holding_position"/>
    <tag k="holding_position:type" v="intermediate"/>
  </node>
  <node id="12569734248" lat="48.3585979" lon="11.8012054">
    <tag k="aeroway" v="holding_position"/>
    <tag k="holding_position:type" v="intermediate"/>
  </node>
  <node id="12569734249" lat="48.3584785" lon="11.7996512">
    <tag k="aeroway" v="holding_position"/>
    <tag k="holding_position:type" v="intermediate"/>
  </node>
  <node id="12569734250" lat="48.3582664" lon="11.7996896">
    <tag k="aeroway" v="holding_position"/>
    <tag k="holding_position:type" v="intermediate"/>
  </node>
  <node id="12569734251" lat="48.3580651" lon="11.7997271">
    <tag k="aeroway" v="holding_position"/>
    <tag k="holding_position:type" v="intermediate"/>
  </node>
  <node id="12569734252" lat="48.3524803" lon="11.8021456">
    <tag k="aeroway" v="holding_position"/>
    <tag k="holding_position:type" v="intermediate"/>
  </node>
  <node id="12569734253" lat="48.3524503" lon="11.8017872">
    <tag k="aeroway" v="holding_position"/>
    <tag k="holding_position:type" v="intermediate"/>
  </node>
  <node id="12569734254" lat="48.3524215" lon="11.8014410">
    <tag k="aeroway" v="holding_position"/>
    <tag k="holding_position:type" v="intermediate"/>
  </node>
  <node id="12569734255" lat="48.3509952" lon="11.8009516">
    <tag k="aeroway" v="holding_position"/>
    <tag k="holding_position:type" v="intermediate"/>
  </node>
  <node id="12569734256" lat="48.3515914" lon="11.8008485">
    <tag k="aeroway" v="holding_position"/>
    <tag k="holding_position:type" v="intermediate"/>
  </node>
  <node id="12569734257" lat="48.3512925" lon="11.8008997">
    <tag k="aeroway" v="holding_position"/>
    <tag k="holding_position:type" v="intermediate"/>
  </node>
  <node id="12569734258" lat="48.3538637" lon="11.7960068">
    <tag k="aeroway" v="holding_position"/>
    <tag k="holding_position:type" v="intermediate"/>
  </node>
  <node id="12569734259" lat="48.3537625" lon="11.7946638">
    <tag k="aeroway" v="holding_position"/>
    <tag k="holding_position:type" v="intermediate"/>
  </node>
  <node id="12569734260" lat="48.3551625" lon="11.7957897">
    <tag k="aeroway" v="holding_position"/>
    <tag k="holding_position:type" v="intermediate"/>
  </node>
  <node id="12569734261" lat="48.3551095" lon="11.7951130">
    <tag k="aeroway" v="holding_position"/>
    <tag k="holding_position:type" v="intermediate"/>
  </node>
  <node id="12569734262" lat="48.3550569" lon="11.7944325">
    <tag k="aeroway" v="holding_position"/>
    <tag k="holding_position:type" v="intermediate"/>
  </node>
  <node id="12569734263" lat="48.3572980" lon="11.7954123">
    <tag k="aeroway" v="holding_position"/>
    <tag k="holding_position:type" v="intermediate"/>
  </node>
  <node id="12569734264" lat="48.3572476" lon="11.7947418">
    <tag k="aeroway" v="holding_position"/>
    <tag k="holding_position:type" v="intermediate"/>
  </node>
  <node id="12569734265" lat="48.3571904" lon="11.7940663">
    <tag k="aeroway" v="holding_position"/>
    <tag k="holding_position:type" v="intermediate"/>
  </node>
  <node id="12569734266" lat="48.3628857" lon="11.8187503">
    <tag k="aeroway" v="holding_position"/>
    <tag k="holding_position:type" v="intermediate"/>
  </node>
  <node id="12569734267" lat="48.3632511" lon="11.8234746">
    <tag k="aeroway" v="holding_position"/>
    <tag k="holding_position:type" v="intermediate"/>
  </node>
  <node id="12569734268" lat="48.3639486" lon="11.8207939">
    <tag k="aeroway" v="holding_position"/>
    <tag k="holding_position:type" v="intermediate"/>
  </node>
  <node id="12569734269" lat="48.3638574" lon="11.8230440">
    <tag k="aeroway" v="holding_position"/>
    <tag k="holding_position:type" v="intermediate"/>
  </node>
  <node id="12569734270" lat="48.3634857" lon="11.8215431"/>
  <node id="12569734271" lat="48.3634406" lon="11.8196532">
    <tag k="aeroway" v="holding_position"/>
    <tag k="holding_position:type" v="intermediate"/>
  </node>
  <node id="12569734272" lat="48.3645740" lon="11.8104830">
    <tag k="aeroway" v="holding_position"/>
    <tag k="holding_position:type" v="ILS"/>
  </node>
  <node id="12569734273" lat="48.3635571" lon="11.8133364">
    <tag k="aeroway" v="holding_position"/>
    <tag k="holding_position:type" v="intermediate"/>
  </node>
  <node id="12569734274" lat="48.3635438" lon="11.8119586">
    <tag k="aeroway" v="holding_position"/>
    <tag k="holding_position:type" v="intermediate"/>
  </node>
  <node id="12569734275" lat="48.3634565" lon="11.8119791">
    <tag k="aeroway" v="holding_position"/>
    <tag k="holding_position:type" v="intermediate"/>
  </node>
  <node id="12569734276" lat="48.3624875" lon="11.8135146">
    <tag k="aeroway" v="holding_position"/>
    <tag k="holding_position:type" v="intermediate"/>
  </node>
  <node id="12569734277" lat="48.3628928" lon="11.8127561">
    <tag k="aeroway" v="holding_position"/>
    <tag k="holding_position:type" v="intermediate"/>
  </node>
  <node id="12569734278" lat="48.3623841" lon="11.8121582">
    <tag k="aeroway" v="holding_position"/>
    <tag k="holding_position:type" v="intermediate"/>
  </node>
  <node id="12569734279" lat="48.3632068" lon="11.8063981">
    <tag k="aeroway" v="holding_position"/>
    <tag k="holding_position:type" v="intermediate"/>
  </node>
  <node id="12569734280" lat="48.3630241" lon="11.8063644">
    <tag k="aeroway" v="holding_position"/>
    <tag k="holding_position:type" v="intermediate"/>
  </node>
  <node id="12569734281" lat="48.3640489" lon="11.8034863">
    <tag k="aeroway" v="holding_position"/>
    <tag k="holding_position:type" v="ILS"/>
  </node>
  <node id="12569734282" lat="48.3630105" lon="11.8049931">
    <tag k="aeroway" v="holding_position"/>
    <tag k="holding_position:type" v="intermediate"/>
  </node>
  <node id="12569734283" lat="48.3629199" lon="11.8050061">
    <tag k="aeroway" v="holding_position"/>
    <tag k="holding_position:type" v="intermediate"/>
  </node>
  <node id="12569734284" lat="48.3623644" lon="11.8057911">
    <tag k="aeroway" v="holding_position"/>
    <tag k="holding_position:type" v="intermediate"/>
  </node>
  <node id="12569734285" lat="48.3618493" lon="11.8051951">
    <tag k="aeroway" v="holding_position"/>
    <tag k="holding_position:type" v="intermediate"/>
  </node>
  <node id="12569734286" lat="48.3609769" lon="11.7938354">
    <tag k="aeroway" v="holding_position"/>
    <tag k="holding_position:type" v="intermediate"/>
  </node>
  <node id="12569734287" lat="48.3606081" lon="11.7948392">
    <tag k="aeroway" v="holding_position"/>
    <tag k="holding_position:type" v="intermediate"/>
  </node>
  <node id="12569734288" lat="48.3615140" lon="11.7946922">
    <tag k="aeroway" v="holding_position"/>
    <tag k="holding_position:type" v="intermediate"/>
  </node>
  <node id="12569734289" lat="48.3611032" lon="11.7954422">
    <tag k="aeroway" v="holding_position"/>
    <tag k="holding_position:type" v="intermediate"/>
  </node>
  <node id="12569734290" lat="48.3613866" lon="11.7991688">
    <tag k="aeroway" v="holding_position"/>
    <tag k="holding_position:type" v="intermediate"/>
  </node>
  <node id="12569734291" lat="48.3612832" lon="11.7978149">
    <tag k="aeroway" v="holding_position"/>
    <tag k="holding_position:type" v="intermediate"/>
  </node>
  <node id="12569734292" lat="48.3617994" lon="11.7984186">
    <tag k="aeroway" v="holding_position"/>
    <tag k="holding_position:type" v="intermediate"/>
  </node>
  <node id="12569734293" lat="48.3624425" lon="11.7976134">
    <tag k="aeroway" v="holding_position"/>
    <tag k="holding_position:type" v="intermediate"/>
  </node>
  <node id="12569734294" lat="48.3623533" lon="11.7976265">
    <tag k="aeroway" v="holding_position"/>
    <tag k="holding_position:type" v="intermediate"/>
  </node>
  <node id="12569734295" lat="48.3624570" lon="11.7989968">
    <tag k="aeroway" v="holding_position"/>
    <tag k="holding_position:type" v="intermediate"/>
  </node>
  <node id="12569734296" lat="48.3626395" lon="11.7990226">
    <tag k="aeroway" v="holding_position"/>
    <tag k="holding_position:type" v="intermediate"/>
  </node>
  <node id="12569734297" lat="48.3633431" lon="11.7946700">
    <tag k="aeroway" v="holding_position"/>
    <tag k="holding_position:type" v="runway"/>
  </node>
  <node id="12569734298" lat="48.3626815" lon="11.7921427">
    <tag k="aeroway" v="holding_position"/>
    <tag k="holding_position:type" v="intermediate"/>
  </node>
  <node id="12569734299" lat="48.3622404" lon="11.7936731">
    <tag k="aeroway" v="holding_position"/>
    <tag k="holding_position:type" v="intermediate"/>
  </node>
  <node id="12569734300" lat="48.3613927" lon="11.7930808">
    <tag k="aeroway" v="holding_position"/>
    <tag k="holding_position:type" v="intermediate"/>
  </node>
  <node id="12569738001" lat="48.3604832" lon="11.7932281">
    <tag k="aeroway" v="holding_position"/>
    <tag k="holding_position:type" v="intermediate"/>
  </node>
  <node id="12569738002" lat="48.3598432" lon="11.7790400">
    <tag k="aeroway" v="holding_position"/>
    <tag k="holding_position:type" v="intermediate"/>
  </node>
  <node id="12569738003" lat="48.3603496" lon="11.7856391">
    <tag k="aeroway" v="holding_position"/>
    <tag k="holding_position:type" v="intermediate"/>
  </node>
  <node id="12569738004" lat="48.3613092" lon="11.7840910">
    <tag k="aeroway" v="holding_position"/>
    <tag k="holding_position:type" v="intermediate"/>
  </node>
  <node id="12569738005" lat="48.3614813" lon="11.7840024">
    <tag k="aeroway" v="holding_position"/>
    <tag k="holding_position:type" v="intermediate"/>
  </node>
  <node id="12569738006" lat="48.3614131" lon="11.7854509">
    <tag k="aeroway" v="holding_position"/>
    <tag k="holding_position:type" v="intermediate"/>
  </node>
  <node id="12569738007" lat="48.3627478" lon="11.7865427">
    <tag k="aeroway" v="holding_position"/>
    <tag k="holding_position:type" v="ILS"/>
  </node>
  <node id="12569738008" lat="48.3621101" lon="11.7783261">
    <tag k="aeroway" v="holding_position"/>
    <tag k="holding_position:type" v="ILS"/>
  </node>
  <node id="12569738009" lat="48.3597158" lon="11.7774307">
    <tag k="aeroway" v="holding_position"/>
    <tag k="holding_position:type" v="intermediate"/>
  </node>
  <node id="12569738010" lat="48.3593493" lon="11.7784439">
    <tag k="aeroway" v="holding_position"/>
    <tag k="holding_position:type" v="intermediate"/>
  </node>
  <node id="12569738011" lat="48.3592240" lon="11.7768321">
    <tag k="aeroway" v="holding_position"/>
    <tag k="holding_position:type" v="intermediate"/>
  </node>
  <node id="12569738012" lat="48.3601280" lon="11.7766758">
    <tag k="aeroway" v="holding_position"/>
    <tag k="holding_position:type" v="intermediate"/>
  </node>
  <node id="12569738013" lat="48.3607958" lon="11.7772439">
    <tag k="aeroway" v="holding_position"/>
    <tag k="holding_position:type" v="intermediate"/>
  </node>
  <node id="12569738014" lat="48.3606821" lon="11.7758276">
    <tag k="aeroway" v="holding_position"/>
    <tag k="holding_position:type" v="intermediate"/>
  </node>
  <node id="12569738015" lat="48.3596132" lon="11.7760736">
    <tag k="aeroway" v="holding_position"/>
    <tag k="holding_position:type" v="intermediate"/>
  </node>
  <node id="12569738016" lat="48.3592511" lon="11.7712717">
    <tag k="aeroway" v="holding_position"/>
    <tag k="holding_position:type" v="intermediate"/>
  </node>
  <node id="12569738017" lat="48.3596173" lon="11.7702517">
    <tag k="aeroway" v="holding_position"/>
    <tag k="holding_position:type" v="intermediate"/>
  </node>
  <node id="12569738018" lat="48.3590299" lon="11.7684273">
    <tag k="aeroway" v="holding_position"/>
    <tag k="holding_position:type" v="intermediate"/>
  </node>
  <node id="12569738019" lat="48.3588766" lon="11.7665550">
    <tag k="aeroway" v="holding_position"/>
    <tag k="holding_position:type" v="intermediate"/>
  </node>
  <node id="12569738020" lat="48.3604654" lon="11.7665221">
    <tag k="aeroway" v="holding_position"/>
    <tag k="holding_position:type" v="ILS"/>
  </node>
  <node id="12569738021" lat="48.3611033" lon="11.7695982">
    <tag k="aeroway" v="holding_position"/>
    <tag k="holding_position:type" v="ILS"/>
  </node>
  <node id="12569738022" lat="48.3650730" lon="11.8212746">
    <tag k="aeroway" v="holding_position"/>
    <tag k="holding_position:type" v="ILS"/>
  </node>
  <node id="12569738023" lat="48.3649673" lon="11.8199374">
    <tag k="aeroway" v="holding_position"/>
    <tag k="holding_position:type" v="ILS"/>
  </node>
  <node id="12572259968" lat="48.3647063" lon="11.7975274"/>
  <node id="12581941308" lat="48.3599862" lon="11.7638881"/>
  <node id="12581941309" lat="48.3598701" lon="11.7637394"/>
  <node id="12581941310" lat="48.3597329" lon="11.7636753"/>
  <node id="12581941311" lat="48.3589546" lon="11.7638134"/>
  <node id="12581941312" lat="48.3588319" lon="11.7639388"/>
  <node id="12581941313" lat="48.3587523" lon="11.7641270"/>
  <node id="12581941314" lat="48.3587214" lon="11.7643399"/>
  <node id="12581941315" lat="48.3604832" lon="11.7665190"/>
  <node id="12581941316" lat="48.3605561" lon="11.7664891"/>
  <node id="12581941317" lat="48.3605936" lon="11.7664623"/>
  <node id="12581941318" lat="48.3606414" lon="11.7664235"/>
  <node id="12581941319" lat="48.3606809" lon="11.7663685"/>
  <node id="12581941320" lat="48.3607221" lon="11.7662995"/>
  <node id="12581941321" lat="48.3607559" lon="11.7662163"/>
  <node id="12581941322" lat="48.3607718" lon="11.7661571"/>
  <node id="12581941323" lat="48.3607849" lon="11.7660806"/>
  <node id="12581941324" lat="48.3607891" lon="11.7659996"/>
  <node id="12581941325" lat="48.3607875" lon="11.7659365"/>
  <node id="12581941326" lat="48.3607762" lon="11.7658435"/>
  <node id="12581941327" lat="48.3607582" lon="11.7657646"/>
  <node id="12581941328" lat="48.3609504" lon="11.7664436"/>
  <node id="12581941329" lat="48.3611729" lon="11.7664817"/>
  <node id="12581941330" lat="48.3613578" lon="11.7665768"/>
  <node id="12581941331" lat="48.3608357" lon="11.7658699"/>
  <node id="13110024794" lat="48.3455050" lon="11.7799037"/>
  <way id="3688327">
    <nd ref="1401257655"/>
    <nd ref="3632268798"/>
    <nd ref="3632268795"/>
    <nd ref="3632268794"/>
    <nd ref="3632268797"/>
    <nd ref="3632268796"/>
    <nd ref="2234853964"/>
    <nd ref="3632268792"/>
    <nd ref="3632268793"/>
    <nd ref="2234853963"/>
    <nd ref="27690552"/>
    <nd ref="3632268820"/>
    <nd ref="213958370"/>
    <nd ref="3632268848"/>
    <nd ref="2367319740"/>
    <nd ref="2367319743"/>
    <nd ref="2367319746"/>
    <nd ref="2234853965"/>
    <nd ref="12569738014"/>
    <nd ref="3632700802"/>
    <nd ref="18283992"/>
    <nd ref="3632700820"/>
    <nd ref="12569738013"/>
    <nd ref="3632700819"/>
    <nd ref="18283994"/>
    <nd ref="12569738004"/>
    <nd ref="3719941601"/>
    <nd ref="18283993"/>
    <nd ref="3719941616"/>
    <nd ref="12569738006"/>
    <nd ref="3719942825"/>
    <nd ref="18283988"/>
    <nd ref="3719942862"/>
    <nd ref="3719942863"/>
    <nd ref="18283986"/>
    <nd ref="3719942879"/>
    <nd ref="213950303"/>
    <nd ref="3719942889"/>
    <nd ref="3719942902"/>
    <nd ref="12569734294"/>
    <nd ref="18283985"/>
    <nd ref="3719942912"/>
    <nd ref="12569734295"/>
    <nd ref="3719942911"/>
    <nd ref="3719942935"/>
    <nd ref="12569734283"/>
    <nd ref="9489450"/>
    <nd ref="12569734280"/>
    <nd ref="3719942942"/>
    <nd ref="3719942955"/>
    <nd ref="12569734275"/>
    <nd ref="3719942975"/>
    <nd ref="18283974"/>
    <nd ref="3719942985"/>
    <nd ref="12569734273"/>
    <nd ref="3719942964"/>
    <nd ref="2367301149"/>
    <nd ref="2367301148"/>
    <nd ref="3632268849"/>
    <nd ref="2367301147"/>
    <nd ref="2367301146"/>
    <nd ref="2367301145"/>
    <nd ref="2367301144"/>
    <nd ref="246265137"/>
    <nd ref="3632268867"/>
    <nd ref="3632268879"/>
    <nd ref="12569734268"/>
    <nd ref="3632268880"/>
    <nd ref="3632268881"/>
    <nd ref="18283976"/>
    <nd ref="3632268995"/>
    <nd ref="3632269020"/>
    <nd ref="2367301151"/>
    <nd ref="18283979"/>
    <nd ref="2367301153"/>
    <nd ref="213958383"/>
    <tag k="aeroway" v="taxiway"/>
    <tag k="ref" v="M"/>
  </way>
  <way id="3688328">
    <nd ref="18283982"/>
    <nd ref="2367301135"/>
    <nd ref="2234853973"/>
    <nd ref="2367301137"/>
    <nd ref="1380644035"/>
    <nd ref="12569734270"/>
    <nd ref="2367301140"/>
    <nd ref="18283976"/>
    <nd ref="3632268994"/>
    <nd ref="12569738022"/>
    <nd ref="246265133"/>
    <nd ref="4100096505"/>
    <nd ref="4100096503"/>
    <nd ref="2364708968"/>
    <nd ref="1736760030"/>
    <nd ref="1736760032"/>
    <nd ref="1736760035"/>
    <nd ref="1736760037"/>
    <nd ref="2364708970"/>
    <nd ref="1736760040"/>
    <nd ref="1736760042"/>
    <tag k="aeroway" v="taxiway"/>
    <tag k="ref" v="A14"/>
  </way>
  <way id="3688329">
    <nd ref="18283984"/>
    <nd ref="2367301136"/>
    <nd ref="2234853974"/>
    <nd ref="2367301139"/>
    <nd ref="1380644042"/>
    <nd ref="2367301142"/>
    <nd ref="12569734269"/>
    <nd ref="2234853976"/>
    <nd ref="2367301150"/>
    <nd ref="18283979"/>
    <nd ref="3632269006"/>
    <nd ref="18283978"/>
    <nd ref="2367319785"/>
    <nd ref="2367319789"/>
    <nd ref="2367319791"/>
    <nd ref="2367319793"/>
    <nd ref="4100096504"/>
    <nd ref="1736760033"/>
    <nd ref="1736760036"/>
    <nd ref="1736760039"/>
    <nd ref="1736760043"/>
    <nd ref="18283977"/>
    <tag k="aeroway" v="taxiway"/>
    <tag k="ref" v="A15"/>
  </way>
  <way id="3688331">
    <nd ref="3719942995"/>
    <nd ref="3719942994"/>
    <nd ref="3719942993"/>
    <nd ref="3719942992"/>
    <nd ref="3719942991"/>
    <nd ref="3719942990"/>
    <nd ref="3719942989"/>
    <nd ref="3719942988"/>
    <nd ref="3719942987"/>
    <nd ref="3719942986"/>
    <nd ref="12569734277"/>
    <nd ref="3719942965"/>
    <nd ref="18283974"/>
    <nd ref="3719942956"/>
    <nd ref="1380644044"/>
    <nd ref="3719942957"/>
    <nd ref="2367319777"/>
    <nd ref="3719942958"/>
    <nd ref="246265142"/>
    <nd ref="12569734272"/>
    <nd ref="4100096501"/>
    <nd ref="1736760027"/>
    <nd ref="2367319787"/>
    <nd ref="1736760028"/>
    <nd ref="1736760029"/>
    <nd ref="18283981"/>
    <tag k="aeroway" v="taxiway"/>
    <tag k="ref" v="A12"/>
  </way>
  <way id="3688332">
    <nd ref="3719943005"/>
    <nd ref="3719943004"/>
    <nd ref="3719943003"/>
    <nd ref="3719943002"/>
    <nd ref="3719943001"/>
    <nd ref="3719943000"/>
    <nd ref="3719942999"/>
    <nd ref="3719942998"/>
    <nd ref="3719942997"/>
    <nd ref="3719942996"/>
    <nd ref="12569734284"/>
    <nd ref="9489450"/>
    <nd ref="2367319771"/>
    <nd ref="1380644030"/>
    <nd ref="2367319773"/>
    <nd ref="9489448"/>
    <nd ref="12569734281"/>
    <nd ref="4100096500"/>
    <nd ref="1736760023"/>
    <nd ref="1736760025"/>
    <nd ref="1736760026"/>
    <nd ref="2367319780"/>
    <nd ref="2367319782"/>
    <tag k="aeroway" v="taxiway"/>
    <tag k="ref" v="A10"/>
  </way>
  <way id="3688333">
    <nd ref="3719943014"/>
    <nd ref="3719943013"/>
    <nd ref="3719943012"/>
    <nd ref="3719943011"/>
    <nd ref="3719943010"/>
    <nd ref="3719943009"/>
    <nd ref="3719943008"/>
    <nd ref="3719943007"/>
    <nd ref="3719943006"/>
    <nd ref="12569734292"/>
    <nd ref="3719942924"/>
    <nd ref="18283985"/>
    <nd ref="2368279514"/>
    <nd ref="2234853971"/>
    <nd ref="2368279515"/>
    <nd ref="246265143"/>
    <nd ref="11593848520"/>
    <nd ref="2364708966"/>
    <nd ref="1736760017"/>
    <nd ref="9489443"/>
    <nd ref="1736760019"/>
    <nd ref="2368279516"/>
    <nd ref="1736760021"/>
    <tag k="aeroway" v="taxiway"/>
    <tag k="ref" v="A8"/>
  </way>
  <way id="3688334">
    <nd ref="18283988"/>
    <nd ref="3719942852"/>
    <nd ref="3719942851"/>
    <nd ref="3719942850"/>
    <nd ref="213950271"/>
    <tag k="aeroway" v="taxiway"/>
  </way>
  <way id="3688337">
    <nd ref="18284003"/>
    <nd ref="12581941314"/>
    <nd ref="1495882755"/>
    <nd ref="12581941313"/>
    <nd ref="213964245"/>
    <nd ref="12581941312"/>
    <nd ref="2367319714"/>
    <nd ref="12581941311"/>
    <nd ref="2367319721"/>
    <nd ref="213964251"/>
    <nd ref="12581941310"/>
    <nd ref="1495882713"/>
    <nd ref="12581941309"/>
    <nd ref="2367319738"/>
    <nd ref="12581941308"/>
    <nd ref="18284001"/>
    <nd ref="213964247"/>
    <nd ref="2367319749"/>
    <nd ref="12581941331"/>
    <nd ref="2367319754"/>
    <nd ref="257729292"/>
    <nd ref="18284000"/>
    <tag k="aeroway" v="taxiway"/>
  </way>
  <way id="3688339">
    <nd ref="18284007"/>
    <nd ref="2367319719"/>
    <nd ref="2234853958"/>
    <nd ref="213958348"/>
    <nd ref="2234853962"/>
    <nd ref="1401257655"/>
    <nd ref="12569738020"/>
    <nd ref="12581941315"/>
    <nd ref="2367319751"/>
    <nd ref="12581941328"/>
    <nd ref="2367319757"/>
    <nd ref="12581941329"/>
    <nd ref="2367319760"/>
    <nd ref="12581941330"/>
    <nd ref="18284000"/>
    <nd ref="4100096489"/>
    <nd ref="213964264"/>
    <nd ref="1736760003"/>
    <nd ref="1736760006"/>
    <nd ref="2367319763"/>
    <nd ref="1736760010"/>
    <tag k="aeroway" v="taxiway"/>
    <tag k="ref" v="A1"/>
  </way>
  <way id="3688615">
    <nd ref="18284810"/>
    <nd ref="1736746771"/>
    <nd ref="1736746784"/>
    <nd ref="2316493457"/>
    <nd ref="1736746791"/>
    <nd ref="12569497298"/>
    <nd ref="18284808"/>
    <nd ref="3632268749"/>
    <nd ref="12569497299"/>
    <nd ref="3632268768"/>
    <nd ref="18284812"/>
    <nd ref="1736746842"/>
    <nd ref="12569497300"/>
    <nd ref="2368322731"/>
    <nd ref="1736746827"/>
    <nd ref="1736746825"/>
    <nd ref="1736746824"/>
    <nd ref="3632767066"/>
    <nd ref="3632767065"/>
    <nd ref="18284804"/>
    <nd ref="3632767052"/>
    <nd ref="12569497285"/>
    <nd ref="3632767083"/>
    <nd ref="3632765476"/>
    <nd ref="12569497279"/>
    <nd ref="3632766921"/>
    <nd ref="18284806"/>
    <nd ref="3632766893"/>
    <nd ref="12569497273"/>
    <nd ref="3632765492"/>
    <nd ref="18284800"/>
    <nd ref="27690587"/>
    <nd ref="3632766999"/>
    <nd ref="3632766998"/>
    <nd ref="12569497258"/>
    <nd ref="3632700666"/>
    <nd ref="18284795"/>
    <nd ref="12569497247"/>
    <nd ref="2234359289"/>
    <nd ref="3632700694"/>
    <nd ref="12569497239"/>
    <nd ref="1736747218"/>
    <nd ref="12569497240"/>
    <nd ref="18284796"/>
    <nd ref="2368292723"/>
    <nd ref="2368292725"/>
    <nd ref="2368292735"/>
    <nd ref="12569497221"/>
    <nd ref="2368292736"/>
    <nd ref="18284791"/>
    <nd ref="2368292738"/>
    <nd ref="12569497213"/>
    <nd ref="18284792"/>
    <nd ref="3632700846"/>
    <nd ref="2368292747"/>
    <nd ref="18284788"/>
    <nd ref="2368292750"/>
    <nd ref="12569497202"/>
    <nd ref="1736747422"/>
    <nd ref="2368292755"/>
    <nd ref="12569483695"/>
    <nd ref="1736747478"/>
    <nd ref="12569483689"/>
    <nd ref="2367268002"/>
    <nd ref="2367268004"/>
    <nd ref="2316493494"/>
    <nd ref="12569483688"/>
    <nd ref="2367268005"/>
    <nd ref="18284783"/>
    <nd ref="3632268641"/>
    <nd ref="18284777"/>
    <nd ref="3632268655"/>
    <nd ref="2316493504"/>
    <nd ref="2367268019"/>
    <nd ref="18284776"/>
    <nd ref="1736747531"/>
    <nd ref="18284778"/>
    <tag k="aeroway" v="taxiway"/>
    <tag k="ref" v="T"/>
    <tag k="source" v="Landsat"/>
  </way>
  <way id="3688617">
    <nd ref="4423020575"/>
    <nd ref="2367267992"/>
    <nd ref="246265147"/>
    <nd ref="2367267995"/>
    <nd ref="2316493468"/>
    <nd ref="4100077257"/>
    <nd ref="1736747331"/>
    <nd ref="257697464"/>
    <nd ref="2367267996"/>
    <nd ref="1736747384"/>
    <nd ref="12569483685"/>
    <nd ref="1736747446"/>
    <nd ref="18284776"/>
    <nd ref="2367268030"/>
    <nd ref="214111850"/>
    <nd ref="2367268058"/>
    <nd ref="214111855"/>
    <nd ref="2367268072"/>
    <nd ref="12569483679"/>
    <nd ref="1736747621"/>
    <nd ref="2367268076"/>
    <nd ref="1736747639"/>
    <nd ref="12569483680"/>
    <nd ref="2367268088"/>
    <nd ref="18284782"/>
    <tag k="aeroway" v="taxiway"/>
    <tag k="ref" v="B15"/>
  </way>
  <way id="3688619">
    <nd ref="18284784"/>
    <nd ref="2316493526"/>
    <nd ref="2367268068"/>
    <nd ref="12569483677"/>
    <nd ref="214111845"/>
    <nd ref="2367268013"/>
    <nd ref="2367268008"/>
    <nd ref="18284783"/>
    <nd ref="3632268714"/>
    <nd ref="12569483686"/>
    <nd ref="4100077255"/>
    <nd ref="1736747099"/>
    <nd ref="2367267993"/>
    <nd ref="1736747076"/>
    <nd ref="1736747048"/>
    <nd ref="1736747024"/>
    <nd ref="246265145"/>
    <tag k="aeroway" v="taxiway"/>
    <tag k="ref" v="B13"/>
  </way>
  <way id="3688622">
    <nd ref="3632767309"/>
    <nd ref="3632767308"/>
    <nd ref="3632767307"/>
    <nd ref="3632767306"/>
    <nd ref="3632767305"/>
    <nd ref="3632767304"/>
    <nd ref="3632767303"/>
    <nd ref="3632767302"/>
    <nd ref="1736747036"/>
    <nd ref="12569497206"/>
    <nd ref="3632700830"/>
    <nd ref="214111864"/>
    <nd ref="12569497203"/>
    <nd ref="1736747422"/>
    <nd ref="2367267998"/>
    <nd ref="1736747453"/>
    <nd ref="12569483692"/>
    <nd ref="1736747469"/>
    <nd ref="2367268003"/>
    <nd ref="1736747488"/>
    <nd ref="12569483690"/>
    <nd ref="2367268009"/>
    <nd ref="18284786"/>
    <tag k="aeroway" v="taxiway"/>
    <tag k="ref" v="B12"/>
  </way>
  <way id="3688623">
    <nd ref="3632767091"/>
    <nd ref="3632767090"/>
    <nd ref="3632767085"/>
    <nd ref="3632767089"/>
    <nd ref="3632767088"/>
    <nd ref="3632767087"/>
    <nd ref="3632767086"/>
    <nd ref="1736746813"/>
    <nd ref="214111879"/>
    <nd ref="4100077254"/>
    <nd ref="12569497224"/>
    <nd ref="2368292716"/>
    <nd ref="1646354653"/>
    <nd ref="12569497212"/>
    <nd ref="12569497208"/>
    <nd ref="12569497211"/>
    <nd ref="12569497209"/>
    <nd ref="12569497210"/>
    <nd ref="18284792"/>
    <tag k="aeroway" v="taxiway"/>
    <tag k="ref" v="B10"/>
  </way>
  <way id="3688624">
    <nd ref="3719950784"/>
    <nd ref="12569483658"/>
    <nd ref="2368292746"/>
    <nd ref="18284791"/>
    <nd ref="2368292733"/>
    <nd ref="1646354655"/>
    <nd ref="2368292720"/>
    <nd ref="1646354653"/>
    <tag k="aeroway" v="taxiway"/>
    <tag k="ref" v="B10"/>
  </way>
  <way id="3688625">
    <nd ref="214111882"/>
    <nd ref="3632700686"/>
    <nd ref="2316493467"/>
    <nd ref="12569497225"/>
    <nd ref="2232518217"/>
    <nd ref="12569497226"/>
    <nd ref="12569497227"/>
    <nd ref="18284796"/>
    <nd ref="1736747309"/>
    <tag k="aeroway" v="taxiway"/>
  </way>
  <way id="3688626">
    <nd ref="1380644027"/>
    <nd ref="3632766984"/>
    <nd ref="2316493464"/>
    <nd ref="2316493465"/>
    <nd ref="27690587"/>
    <tag k="aeroway" v="taxiway"/>
    <tag k="ref" v="B8"/>
  </way>
  <way id="3688627">
    <nd ref="3632767318"/>
    <nd ref="3632767317"/>
    <nd ref="3632767316"/>
    <nd ref="3632767315"/>
    <nd ref="3632767314"/>
    <nd ref="3632767313"/>
    <nd ref="3632767312"/>
    <nd ref="3632767311"/>
    <nd ref="1736746702"/>
    <nd ref="214111892"/>
    <nd ref="12569497260"/>
    <nd ref="12569497259"/>
    <nd ref="3632700678"/>
    <nd ref="214111897"/>
    <nd ref="3632700685"/>
    <nd ref="12569497256"/>
    <nd ref="2234359287"/>
    <nd ref="12569497244"/>
    <nd ref="1736747218"/>
    <nd ref="12569497235"/>
    <nd ref="12569497236"/>
    <nd ref="1736747272"/>
    <nd ref="12569497234"/>
    <nd ref="1736747291"/>
    <nd ref="2368292731"/>
    <nd ref="1736747309"/>
    <nd ref="3632700715"/>
    <nd ref="18284797"/>
    <tag k="aeroway" v="taxiway"/>
    <tag k="ref" v="B7"/>
  </way>
  <way id="3688629">
    <nd ref="1736766247"/>
    <nd ref="1736766246"/>
    <nd ref="1736766244"/>
    <nd ref="1736766239"/>
    <tag k="aeroway" v="taxiway"/>
  </way>
  <way id="3688630">
    <nd ref="1736747403"/>
    <nd ref="12569483640"/>
    <nd ref="1736747398"/>
    <nd ref="12569483639"/>
    <nd ref="1736747393"/>
    <nd ref="12569483638"/>
    <nd ref="1736747383"/>
    <nd ref="1736747364"/>
    <nd ref="12569483637"/>
    <nd ref="1736747352"/>
    <tag k="aeroway" v="taxiway"/>
  </way>
  <way id="3688631">
    <nd ref="18284811"/>
    <nd ref="1736746972"/>
    <nd ref="1736746948"/>
    <nd ref="1736746902"/>
    <nd ref="1736746863"/>
    <nd ref="12569497297"/>
    <nd ref="1736746831"/>
    <nd ref="1736746787"/>
    <nd ref="18284810"/>
    <tag k="aeroway" v="taxiway"/>
    <tag k="ref" v="B1"/>
  </way>
  <way id="4447253">
    <nd ref="1396532431"/>
    <nd ref="257728946"/>
    <nd ref="12569734287"/>
    <nd ref="3719943025"/>
    <nd ref="3719943015"/>
    <nd ref="18284006"/>
    <tag k="aeroway" v="taxiway"/>
    <tag k="ref" v="N4"/>
  </way>
  <way id="4447254">
    <nd ref="1396532435"/>
    <nd ref="27309032"/>
    <nd ref="12569738001"/>
    <nd ref="3719943081"/>
    <nd ref="3719943080"/>
    <nd ref="18284005"/>
    <tag k="aeroway" v="taxiway"/>
    <tag k="ref" v="N3"/>
  </way>
  <way id="4447257">
    <nd ref="1396532428"/>
    <nd ref="257728947"/>
    <nd ref="12569738011"/>
    <nd ref="3632700765"/>
    <nd ref="18283995"/>
    <tag k="aeroway" v="taxiway"/>
    <tag k="ref" v="N1"/>
  </way>
  <way id="4447258">
    <nd ref="3632700784"/>
    <nd ref="3632700783"/>
    <nd ref="3632700782"/>
    <nd ref="3632700781"/>
    <nd ref="3632700780"/>
    <nd ref="3632700779"/>
    <nd ref="3632700778"/>
    <nd ref="3632700777"/>
    <nd ref="3632700776"/>
    <nd ref="12569738010"/>
    <nd ref="257728948"/>
    <nd ref="1396532434"/>
    <tag k="aeroway" v="taxiway"/>
    <tag k="ref" v="N2"/>
  </way>
  <way id="4447262">
    <nd ref="27309051"/>
    <nd ref="1396540249"/>
    <tag k="aeroway" v="taxiway"/>
    <tag k="ref" v="S6"/>
  </way>
  <way id="4447263">
    <nd ref="27309049"/>
    <nd ref="12569483651"/>
    <nd ref="3632700626"/>
    <nd ref="18284798"/>
    <tag k="aeroway" v="taxiway"/>
    <tag k="ref" v="S5"/>
  </way>
  <way id="4447264">
    <nd ref="27309049"/>
    <nd ref="1396540251"/>
    <tag k="aeroway" v="taxiway"/>
    <tag k="ref" v="S5"/>
  </way>
  <way id="20226560">
    <nd ref="9489440"/>
    <nd ref="3719942826"/>
    <nd ref="3719941608"/>
    <nd ref="3719941607"/>
    <nd ref="18283993"/>
    <nd ref="2367301129"/>
    <nd ref="2367301131"/>
    <nd ref="213949938"/>
    <nd ref="12569738007"/>
    <nd ref="4100096499"/>
    <nd ref="213958343"/>
    <nd ref="1736760016"/>
    <nd ref="1736760018"/>
    <nd ref="2368279517"/>
    <tag k="aeroway" v="taxiway"/>
    <tag k="ref" v="A6"/>
  </way>
  <way id="20226574">
    <nd ref="18283994"/>
    <nd ref="3719941600"/>
    <nd ref="3719941599"/>
    <nd ref="3719941598"/>
    <nd ref="3719941597"/>
    <nd ref="12569738005"/>
    <nd ref="213949938"/>
    <tag k="aeroway" v="taxiway"/>
  </way>
  <way id="20226597">
    <nd ref="18284006"/>
    <nd ref="3719943046"/>
    <nd ref="12569734288"/>
    <nd ref="3719942880"/>
    <nd ref="2234853966"/>
    <nd ref="2367301130"/>
    <nd ref="2234853967"/>
    <nd ref="213950303"/>
    <nd ref="12569734299"/>
    <nd ref="2234853969"/>
    <nd ref="213950271"/>
    <nd ref="3719942849"/>
    <nd ref="3719942853"/>
    <nd ref="12569734298"/>
    <nd ref="11593848522"/>
    <nd ref="213958343"/>
    <nd ref="1736760012"/>
    <nd ref="1736760014"/>
    <nd ref="1736760015"/>
    <nd ref="213950097"/>
    <tag k="aeroway" v="taxiway"/>
    <tag k="ref" v="A5"/>
  </way>
  <way id="20227062">
    <nd ref="18284003"/>
    <nd ref="12569738019"/>
    <nd ref="18284007"/>
    <nd ref="12569738018"/>
    <nd ref="18283998"/>
    <nd ref="1401190150"/>
    <nd ref="12569738016"/>
    <nd ref="12569738015"/>
    <nd ref="3632700754"/>
    <nd ref="3632700755"/>
    <nd ref="18283995"/>
    <nd ref="3632700744"/>
    <nd ref="3632700734"/>
    <nd ref="12569738009"/>
    <nd ref="3632700793"/>
    <nd ref="3632700784"/>
    <nd ref="12569738002"/>
    <nd ref="3719942834"/>
    <nd ref="3719943100"/>
    <nd ref="3719942842"/>
    <nd ref="12569738003"/>
    <nd ref="3719943070"/>
    <nd ref="3719943059"/>
    <nd ref="18284005"/>
    <nd ref="3719943090"/>
    <nd ref="12569734286"/>
    <nd ref="3719943035"/>
    <nd ref="18284006"/>
    <nd ref="3719943024"/>
    <nd ref="3719943058"/>
    <nd ref="12569734289"/>
    <nd ref="12569734291"/>
    <nd ref="3719943014"/>
    <nd ref="18284004"/>
    <nd ref="12569734290"/>
    <nd ref="12569734285"/>
    <nd ref="3719943005"/>
    <nd ref="9489451"/>
    <nd ref="12569734278"/>
    <nd ref="3719942995"/>
    <nd ref="18283975"/>
    <nd ref="12569734276"/>
    <nd ref="12569734266"/>
    <nd ref="246265135"/>
    <nd ref="18283982"/>
    <nd ref="18283984"/>
    <nd ref="12569734267"/>
    <nd ref="213958403"/>
    <tag k="aeroway" v="taxiway"/>
    <tag k="ref" v="N"/>
    <tag k="source" v="Landsat"/>
  </way>
  <way id="20227357">
    <nd ref="18283998"/>
    <nd ref="2367319723"/>
    <nd ref="2367319725"/>
    <nd ref="2367319729"/>
    <nd ref="3632268810"/>
    <nd ref="2234853961"/>
    <nd ref="3632268809"/>
    <nd ref="2367319733"/>
    <nd ref="2367319734"/>
    <nd ref="27690552"/>
    <nd ref="3632268839"/>
    <nd ref="1736759994"/>
    <nd ref="1736759996"/>
    <nd ref="4100096490"/>
    <nd ref="213958365"/>
    <nd ref="4100096491"/>
    <nd ref="1736759998"/>
    <nd ref="1736759999"/>
    <nd ref="1736760001"/>
    <nd ref="1736760004"/>
    <nd ref="1736760008"/>
    <nd ref="213964269"/>
    <tag k="aeroway" v="taxiway"/>
    <tag k="ref" v="A2"/>
  </way>
  <way id="20237970">
    <nd ref="18284808"/>
    <nd ref="3632268791"/>
    <nd ref="12569497303"/>
    <nd ref="1736746619"/>
    <nd ref="12569497302"/>
    <nd ref="214111916"/>
    <nd ref="1736746593"/>
    <nd ref="4100077251"/>
    <nd ref="4100077243"/>
    <nd ref="1736746578"/>
    <nd ref="1736746564"/>
    <nd ref="1736746555"/>
    <nd ref="4100077244"/>
    <nd ref="1736746551"/>
    <nd ref="4100077245"/>
    <nd ref="4100077246"/>
    <nd ref="214111925"/>
    <tag k="aeroway" v="taxiway"/>
    <tag k="ref" v="B2"/>
  </way>
  <way id="22891104">
    <nd ref="246265135"/>
    <nd ref="2367301133"/>
    <nd ref="2367301134"/>
    <nd ref="1380644032"/>
    <nd ref="12569734271"/>
    <nd ref="2234853975"/>
    <nd ref="2367301143"/>
    <nd ref="246265137"/>
    <nd ref="2367319775"/>
    <nd ref="3632268862"/>
    <nd ref="12569738023"/>
    <nd ref="4100096502"/>
    <nd ref="1736760031"/>
    <nd ref="4100096506"/>
    <nd ref="1736760034"/>
    <nd ref="2364708969"/>
    <nd ref="1736760038"/>
    <nd ref="1736760041"/>
    <nd ref="246265139"/>
    <tag k="aeroway" v="taxiway"/>
    <tag k="ref" v="A13"/>
  </way>
  <way id="22891105">
    <nd ref="1736747015"/>
    <nd ref="1736747052"/>
    <nd ref="1736747116"/>
    <nd ref="1736747189"/>
    <nd ref="1736747261"/>
    <nd ref="4100077256"/>
    <nd ref="1736747310"/>
    <nd ref="12569483687"/>
    <nd ref="3632268656"/>
    <nd ref="18284777"/>
    <nd ref="2367268032"/>
    <nd ref="246265149"/>
    <nd ref="3632268647"/>
    <nd ref="12569483678"/>
    <nd ref="1736747581"/>
    <nd ref="1736747600"/>
    <nd ref="3632268628"/>
    <nd ref="1736747616"/>
    <nd ref="1736747622"/>
    <nd ref="246265150"/>
    <tag k="aeroway" v="taxiway"/>
    <tag k="ref" v="B14"/>
  </way>
  <way id="24264894">
    <nd ref="4793874339"/>
    <nd ref="4793874340"/>
    <nd ref="4793874341"/>
    <nd ref="4793874342"/>
    <nd ref="4793874343"/>
    <nd ref="4793874344"/>
    <nd ref="4793874346"/>
    <nd ref="5001571686"/>
    <nd ref="5001571667"/>
    <nd ref="5001571687"/>
    <nd ref="5001571688"/>
    <nd ref="4795525419"/>
    <nd ref="5001571689"/>
    <nd ref="5001571690"/>
    <nd ref="4795525420"/>
    <nd ref="5001571691"/>
    <nd ref="5001571692"/>
    <nd ref="4795526221"/>
    <nd ref="5001571693"/>
    <nd ref="5001571694"/>
    <nd ref="5001571666"/>
    <nd ref="5001571695"/>
    <nd ref="5001571675"/>
    <nd ref="5001571664"/>
    <nd ref="5001571674"/>
    <nd ref="5001571670"/>
    <nd ref="5001571665"/>
    <nd ref="5001571668"/>
    <nd ref="12569497266"/>
    <nd ref="1736766231"/>
    <nd ref="1736747403"/>
    <nd ref="12569497267"/>
    <nd ref="1736747432"/>
    <nd ref="3719424343"/>
    <nd ref="1646372272"/>
    <nd ref="1646372279"/>
    <nd ref="1646372285"/>
    <nd ref="12569497268"/>
    <nd ref="1736766242"/>
    <nd ref="3718207825"/>
    <nd ref="1736766247"/>
    <nd ref="12569483646"/>
    <nd ref="3718207839"/>
    <nd ref="3718207827"/>
    <nd ref="3718207841"/>
    <nd ref="3718207829"/>
    <nd ref="4795526229"/>
    <nd ref="3718207831"/>
    <nd ref="4795526230"/>
    <nd ref="4795526231"/>
    <nd ref="4795526232"/>
    <nd ref="3718207847"/>
    <nd ref="3718207836"/>
    <nd ref="3718207849"/>
    <nd ref="1736747572"/>
    <tag k="aeroway" v="taxiway"/>
    <tag k="ref" v="R"/>
  </way>
  <way id="43855471">
    <nd ref="27309035"/>
    <nd ref="4881728360"/>
    <nd ref="2367215665"/>
    <nd ref="2234359327"/>
    <nd ref="2367215663"/>
    <nd ref="556715449"/>
    <tag k="aeroway" v="taxiway"/>
  </way>
  <way id="43855472">
    <nd ref="4791786474"/>
    <nd ref="4791786475"/>
    <nd ref="4898081900"/>
    <tag k="aeroway" v="taxiway"/>
  </way>
  <way id="43855473">
    <nd ref="556715326"/>
    <nd ref="3658983939"/>
    <nd ref="3658983931"/>
    <nd ref="3658979923"/>
    <nd ref="3658979915"/>
    <nd ref="556715233"/>
    <nd ref="4802042464"/>
    <nd ref="4802042463"/>
    <nd ref="4802042465"/>
    <nd ref="4802042459"/>
    <nd ref="4802042461"/>
    <nd ref="4802042460"/>
    <nd ref="4802042462"/>
    <nd ref="2316493566"/>
    <nd ref="12569483643"/>
    <nd ref="2368279478"/>
    <nd ref="2316493568"/>
    <tag k="aeroway" v="taxiway"/>
    <tag k="ref" v="D5"/>
  </way>
  <way id="43855474">
    <nd ref="556715276"/>
    <nd ref="4802042099"/>
    <nd ref="4802042103"/>
    <nd ref="4802042100"/>
    <nd ref="2367197197"/>
    <nd ref="556715257"/>
    <tag k="aeroway" v="taxiway"/>
    <tag k="ref" v="D4"/>
  </way>
  <way id="43855475">
    <nd ref="556715255"/>
    <nd ref="4802042109"/>
    <nd ref="4802042107"/>
    <nd ref="4802042108"/>
    <nd ref="4802042104"/>
    <nd ref="4802042110"/>
    <nd ref="4802042106"/>
    <nd ref="4802042111"/>
    <nd ref="556715254"/>
    <tag k="aeroway" v="taxiway"/>
    <tag k="ref" v="D4"/>
  </way>
  <way id="43855476">
    <nd ref="556715276"/>
    <nd ref="4898081908"/>
    <nd ref="2367215614"/>
    <nd ref="4898109268"/>
    <tag k="aeroway" v="taxiway"/>
    <tag k="ref" v="Center 2"/>
  </way>
  <way id="43855484">
    <nd ref="556715270"/>
    <nd ref="2367215607"/>
    <nd ref="556715291"/>
    <nd ref="4898025147"/>
    <tag k="aeroway" v="taxiway"/>
    <tag k="ref" v="D3"/>
  </way>
  <way id="43855485">
    <nd ref="556715272"/>
    <nd ref="4898082728"/>
    <nd ref="4898082729"/>
    <nd ref="4898082725"/>
    <nd ref="4898082727"/>
    <nd ref="4898082726"/>
    <nd ref="556715291"/>
    <nd ref="4898081917"/>
    <nd ref="4898081916"/>
    <nd ref="4898081915"/>
    <nd ref="4898081918"/>
    <nd ref="4898081919"/>
    <nd ref="556715273"/>
    <tag k="aeroway" v="taxiway"/>
  </way>
  <way id="43855487">
    <nd ref="556715369"/>
    <nd ref="556715371"/>
    <nd ref="2234359300"/>
    <nd ref="2367197240"/>
    <nd ref="3632700583"/>
    <nd ref="556715376"/>
    <nd ref="3632700574"/>
    <nd ref="556715382"/>
    <nd ref="556715408"/>
    <nd ref="2234359302"/>
    <nd ref="556715401"/>
    <tag k="aeroway" v="taxiway"/>
    <tag k="ref" v="D2"/>
  </way>
  <way id="43855488">
    <nd ref="556715384"/>
    <nd ref="2234359297"/>
    <nd ref="556715389"/>
    <nd ref="2367197237"/>
    <nd ref="3632700601"/>
    <nd ref="556715376"/>
    <nd ref="3632700564"/>
    <nd ref="2367197266"/>
    <nd ref="556715411"/>
    <nd ref="2367197269"/>
    <nd ref="3632268525"/>
    <tag k="aeroway" v="taxiway"/>
    <tag k="ref" v="D2"/>
  </way>
  <way id="43855496">
    <nd ref="4898299479"/>
    <nd ref="4898299486"/>
    <nd ref="4898299485"/>
    <nd ref="4898299482"/>
    <nd ref="4898299483"/>
    <nd ref="4898299484"/>
    <nd ref="4898025138"/>
    <nd ref="4915159552"/>
    <nd ref="4898021407"/>
    <nd ref="4915159549"/>
    <nd ref="4898025131"/>
    <tag k="aeroway" v="taxiway"/>
  </way>
  <way id="123937973">
    <nd ref="27690586"/>
    <nd ref="1736766253"/>
    <nd ref="1736766256"/>
    <nd ref="1736766257"/>
    <nd ref="1736747572"/>
    <tag k="aeroway" v="taxiway"/>
  </way>
  <way id="123937975">
    <nd ref="214111920"/>
    <nd ref="12569497306"/>
    <nd ref="1736746611"/>
    <nd ref="4100077236"/>
    <nd ref="1736746582"/>
    <nd ref="4100077250"/>
    <nd ref="1736746558"/>
    <nd ref="4100077249"/>
    <nd ref="1736746552"/>
    <nd ref="4100077247"/>
    <nd ref="1736746550"/>
    <nd ref="4100077248"/>
    <nd ref="18284807"/>
    <tag k="aeroway" v="taxiway"/>
    <tag k="ref" v="B1"/>
  </way>
  <way id="123937978">
    <nd ref="214111911"/>
    <nd ref="4100077253"/>
    <nd ref="1736746661"/>
    <nd ref="3632767310"/>
    <nd ref="3632767319"/>
    <nd ref="3632767320"/>
    <nd ref="3632767315"/>
    <nd ref="3632767321"/>
    <nd ref="3632767322"/>
    <nd ref="3632767323"/>
    <tag k="aeroway" v="taxiway"/>
    <tag k="ref" v="B6"/>
  </way>
  <way id="123937983">
    <nd ref="18283995"/>
    <nd ref="3632700735"/>
    <nd ref="3632700745"/>
    <nd ref="12569738012"/>
    <nd ref="3632700794"/>
    <nd ref="3632700829"/>
    <nd ref="18283992"/>
    <nd ref="3632700803"/>
    <nd ref="5083852401"/>
    <nd ref="3632700804"/>
    <nd ref="2367301128"/>
    <nd ref="18283991"/>
    <nd ref="12569738008"/>
    <nd ref="4100096498"/>
    <nd ref="1736760011"/>
    <nd ref="2364708965"/>
    <nd ref="2364708967"/>
    <nd ref="18283990"/>
    <tag k="aeroway" v="taxiway"/>
    <tag k="ref" v="A4"/>
  </way>
  <way id="123937985">
    <nd ref="214111882"/>
    <nd ref="12569497232"/>
    <nd ref="12569497207"/>
    <nd ref="214111879"/>
    <nd ref="3632767295"/>
    <nd ref="3632767296"/>
    <nd ref="3632767297"/>
    <nd ref="3632767298"/>
    <nd ref="3632767299"/>
    <nd ref="3632767300"/>
    <nd ref="3632767301"/>
    <tag k="aeroway" v="taxiway"/>
    <tag k="ref" v="B11"/>
  </way>
  <way id="123937986">
    <nd ref="18284787"/>
    <nd ref="2367268011"/>
    <nd ref="2316493497"/>
    <nd ref="12569483691"/>
    <nd ref="2368292768"/>
    <nd ref="18284788"/>
    <nd ref="12569497204"/>
    <nd ref="1736747392"/>
    <nd ref="214111868"/>
    <nd ref="1736747341"/>
    <nd ref="214111864"/>
    <tag k="aeroway" v="taxiway"/>
    <tag k="ref" v="B12 west"/>
  </way>
  <way id="123937988">
    <nd ref="18284804"/>
    <nd ref="1736746865"/>
    <nd ref="12569497287"/>
    <nd ref="1736746844"/>
    <nd ref="1380644025"/>
    <nd ref="3632767074"/>
    <nd ref="12569497288"/>
    <nd ref="4100077252"/>
    <nd ref="1736746625"/>
    <nd ref="1736746616"/>
    <nd ref="3632767294"/>
    <nd ref="3632767293"/>
    <nd ref="18284805"/>
    <tag k="aeroway" v="taxiway"/>
    <tag k="ref" v="B4"/>
  </way>
  <way id="123937989">
    <nd ref="18284781"/>
    <nd ref="2367268096"/>
    <nd ref="1736747664"/>
    <nd ref="2367268094"/>
    <nd ref="1736747659"/>
    <nd ref="12569483682"/>
    <nd ref="2367268091"/>
    <nd ref="12569483681"/>
    <nd ref="18284780"/>
    <nd ref="2367268065"/>
    <nd ref="18284779"/>
    <nd ref="2367268045"/>
    <nd ref="1736747567"/>
    <nd ref="2367268026"/>
    <nd ref="18284778"/>
    <tag k="aeroway" v="taxiway"/>
    <tag k="ref" v="S"/>
    <tag k="source" v="Landsat"/>
  </way>
  <way id="123937991">
    <nd ref="1380644027"/>
    <nd ref="3632766985"/>
    <nd ref="12569497261"/>
    <nd ref="214111892"/>
    <nd ref="3632700668"/>
    <nd ref="214111885"/>
    <nd ref="3632767084"/>
    <nd ref="3632767085"/>
    <nd ref="1380644021"/>
    <tag k="aeroway" v="taxiway"/>
    <tag k="ref" v="B8"/>
  </way>
  <way id="123937993">
    <nd ref="213958383"/>
    <nd ref="2367301155"/>
    <nd ref="2367301154"/>
    <nd ref="213958388"/>
    <nd ref="2367301152"/>
    <nd ref="1380644046"/>
    <nd ref="213958393"/>
    <nd ref="2367301141"/>
    <nd ref="213958398"/>
    <nd ref="2367301138"/>
    <nd ref="213958403"/>
    <tag k="aeroway" v="taxiway"/>
  </way>
  <way id="125826546">
    <nd ref="1396532434"/>
    <nd ref="27309047"/>
    <tag k="aeroway" v="taxiway"/>
    <tag k="bridge" v="yes"/>
    <tag k="layer" v="1"/>
    <tag k="ref" v="N2"/>
    <tag k="surface" v="asphalt"/>
  </way>
  <way id="125826547">
    <nd ref="1396532435"/>
    <nd ref="27309035"/>
    <tag k="aeroway" v="taxiway"/>
    <tag k="bridge" v="yes"/>
    <tag k="layer" v="1"/>
    <tag k="ref" v="N3"/>
    <tag k="surface" v="asphalt"/>
  </way>
  <way id="125826548">
    <nd ref="1396532428"/>
    <nd ref="27309048"/>
    <tag k="aeroway" v="taxiway"/>
    <tag k="bridge" v="yes"/>
    <tag k="layer" v="1"/>
    <tag k="ref" v="N1"/>
    <tag k="surface" v="asphalt"/>
  </way>
  <way id="125826550">
    <nd ref="1396532431"/>
    <nd ref="27309034"/>
    <tag k="aeroway" v="taxiway"/>
    <tag k="bridge" v="yes"/>
    <tag k="layer" v="1"/>
    <tag k="ref" v="N4"/>
    <tag k="surface" v="asphalt"/>
  </way>
  <way id="125827174">
    <nd ref="1396540251"/>
    <nd ref="1396540245"/>
    <tag k="aeroway" v="taxiway"/>
    <tag k="bridge" v="yes"/>
    <tag k="layer" v="1"/>
    <tag k="ref" v="S5"/>
    <tag k="surface" v="asphalt"/>
  </way>
  <way id="125827178">
    <nd ref="1396540249"/>
    <nd ref="1396540247"/>
    <tag k="aeroway" v="taxiway"/>
    <tag k="bridge" v="yes"/>
    <tag k="layer" v="1"/>
    <tag k="ref" v="S6"/>
    <tag k="surface" v="asphalt"/>
  </way>
  <way id="125827181">
    <nd ref="1396540247"/>
    <nd ref="1736747612"/>
    <tag k="aeroway" v="taxiway"/>
    <tag k="ref" v="S6"/>
  </way>
  <way id="126388061">
    <nd ref="1401190150"/>
    <nd ref="2367319727"/>
    <nd ref="2367319731"/>
    <nd ref="12569738017"/>
    <nd ref="3632268830"/>
    <nd ref="1401190153"/>
    <nd ref="2367319736"/>
    <nd ref="213958370"/>
    <nd ref="3632268840"/>
    <nd ref="12569738021"/>
    <nd ref="4100096492"/>
    <nd ref="1736760000"/>
    <nd ref="4100096495"/>
    <nd ref="1736760002"/>
    <nd ref="4100096494"/>
    <nd ref="4100096493"/>
    <nd ref="1736760005"/>
    <nd ref="1736760007"/>
    <nd ref="4100096496"/>
    <nd ref="2367319769"/>
    <nd ref="4100096497"/>
    <nd ref="213958374"/>
    <tag k="aeroway" v="taxiway"/>
    <tag k="ref" v="A3"/>
  </way>
  <way id="126388063">
    <nd ref="1401190146"/>
    <nd ref="5052033810"/>
    <tag k="aeroway" v="taxiway"/>
    <tag k="covered" v="yes"/>
    <tag k="source" v="Bing"/>
  </way>
  <way id="126388064">
    <nd ref="18284808"/>
    <nd ref="1401190148"/>
    <nd ref="1736766206"/>
    <nd ref="1736766209"/>
    <nd ref="1736766214"/>
    <nd ref="1736766217"/>
    <nd ref="1401190151"/>
    <tag k="aeroway" v="taxiway"/>
    <tag k="ref" v="B2"/>
  </way>
  <way id="159529728">
    <nd ref="27309048"/>
    <nd ref="1736766307"/>
    <nd ref="4756690722"/>
    <nd ref="4775621744"/>
    <nd ref="4955113467"/>
    <nd ref="1736766284"/>
    <tag k="aeroway" v="taxiway"/>
  </way>
  <way id="161720069">
    <nd ref="1736747592"/>
    <nd ref="4756690793"/>
    <nd ref="4756690789"/>
    <nd ref="4756690790"/>
    <nd ref="4756690787"/>
    <nd ref="4756690791"/>
    <nd ref="4756690788"/>
    <nd ref="4756690792"/>
    <nd ref="1736766268"/>
    <tag k="aeroway" v="taxiway"/>
  </way>
  <way id="161720070">
    <nd ref="1736766207"/>
    <nd ref="4793874374"/>
    <nd ref="4793874375"/>
    <nd ref="4793874370"/>
    <nd ref="4793874373"/>
    <nd ref="4793874371"/>
    <nd ref="4793874372"/>
    <nd ref="1736746998"/>
    <tag k="aeroway" v="taxiway"/>
    <tag k="ref" v="S1"/>
  </way>
  <way id="161720071">
    <nd ref="1401190148"/>
    <nd ref="1736766205"/>
    <nd ref="1736766208"/>
    <nd ref="1736766211"/>
    <nd ref="1736766216"/>
    <nd ref="18284811"/>
    <tag k="aeroway" v="taxiway"/>
  </way>
  <way id="161720072">
    <nd ref="1736747352"/>
    <nd ref="1736766226"/>
    <nd ref="1736766227"/>
    <nd ref="1736766228"/>
    <nd ref="1736766229"/>
    <nd ref="1736766230"/>
    <nd ref="12569483641"/>
    <nd ref="1736766231"/>
    <tag k="aeroway" v="taxiway"/>
  </way>
  <way id="161720073">
    <nd ref="1736766268"/>
    <nd ref="4756690799"/>
    <nd ref="4756690798"/>
    <nd ref="4756690800"/>
    <nd ref="4775620870"/>
    <nd ref="4756690794"/>
    <nd ref="4756690797"/>
    <nd ref="4756690795"/>
    <nd ref="4756690796"/>
    <nd ref="1736766281"/>
    <tag k="aeroway" v="taxiway"/>
  </way>
  <way id="161720074">
    <nd ref="4793874345"/>
    <nd ref="4793874354"/>
    <nd ref="4793874349"/>
    <nd ref="12569497263"/>
    <nd ref="4793874353"/>
    <nd ref="4793874348"/>
    <nd ref="4793874352"/>
    <nd ref="4793874350"/>
    <nd ref="4793874351"/>
    <nd ref="4793874344"/>
    <tag k="aeroway" v="taxiway"/>
    <tag k="ref" v="S1"/>
  </way>
  <way id="161720076">
    <nd ref="1736766292"/>
    <nd ref="4756685804"/>
    <nd ref="4756685792"/>
    <nd ref="4756685795"/>
    <nd ref="4775621745"/>
    <nd ref="4756685791"/>
    <nd ref="4756685794"/>
    <nd ref="4756685793"/>
    <nd ref="4756685796"/>
    <nd ref="1736766284"/>
    <tag k="aeroway" v="taxiway"/>
  </way>
  <way id="161720077">
    <nd ref="1736747612"/>
    <nd ref="4756690808"/>
    <nd ref="4756690806"/>
    <nd ref="4756690807"/>
    <nd ref="4756690802"/>
    <nd ref="4756690805"/>
    <nd ref="4756690803"/>
    <nd ref="4756690804"/>
    <nd ref="4756690801"/>
    <tag k="aeroway" v="taxiway"/>
  </way>
  <way id="161720078">
    <nd ref="1736766312"/>
    <nd ref="27309047"/>
    <tag k="aeroway" v="taxiway"/>
  </way>
  <way id="161720079">
    <nd ref="1736747462"/>
    <nd ref="1736766232"/>
    <nd ref="1736766234"/>
    <nd ref="1736766236"/>
    <nd ref="1736766238"/>
    <nd ref="1736766240"/>
    <nd ref="1736766241"/>
    <nd ref="1736766242"/>
    <tag k="aeroway" v="taxiway"/>
  </way>
  <way id="213208907">
    <nd ref="4791786475"/>
    <nd ref="4802042423"/>
    <nd ref="4802042421"/>
    <nd ref="4802042422"/>
    <nd ref="556715257"/>
    <nd ref="4802042119"/>
    <nd ref="4802042458"/>
    <nd ref="4802042118"/>
    <nd ref="4802042120"/>
    <nd ref="556715255"/>
    <nd ref="4802042429"/>
    <nd ref="4802042428"/>
    <nd ref="556715252"/>
    <nd ref="4802042443"/>
    <tag k="aeroway" v="taxiway"/>
    <tag k="ref" v="D4"/>
  </way>
  <way id="213574141">
    <nd ref="18284802"/>
    <nd ref="3632766932"/>
    <nd ref="12569497272"/>
    <nd ref="3632766905"/>
    <nd ref="18284806"/>
    <tag k="aeroway" v="taxiway"/>
    <tag k="ref" v="B6"/>
  </way>
  <way id="213574142">
    <nd ref="18284806"/>
    <nd ref="12569497274"/>
    <nd ref="1736746988"/>
    <nd ref="12569497275"/>
    <nd ref="1736746967"/>
    <nd ref="12569497276"/>
    <nd ref="1736746936"/>
    <nd ref="12569497277"/>
    <nd ref="214111911"/>
    <tag k="aeroway" v="taxiway"/>
    <tag k="ref" v="B6"/>
  </way>
  <way id="213574143">
    <nd ref="27690587"/>
    <nd ref="3632767008"/>
    <nd ref="3632766982"/>
    <nd ref="4775194337"/>
    <nd ref="18284799"/>
    <tag k="aeroway" v="taxiway"/>
    <tag k="ref" v="B8"/>
  </way>
  <way id="213574144">
    <nd ref="1401190145"/>
    <nd ref="4793874369"/>
    <nd ref="4793874364"/>
    <nd ref="4793874368"/>
    <nd ref="4793874363"/>
    <nd ref="4793874367"/>
    <nd ref="4793874365"/>
    <nd ref="4793874366"/>
    <nd ref="1736746998"/>
    <nd ref="4793874347"/>
    <tag k="aeroway" v="taxiway"/>
    <tag k="ref" v="S1"/>
  </way>
  <way id="213574145">
    <nd ref="1736747352"/>
    <nd ref="3719894466"/>
    <nd ref="3719894472"/>
    <nd ref="12569497289"/>
    <nd ref="3632767009"/>
    <nd ref="18284803"/>
    <tag k="aeroway" v="taxiway"/>
    <tag k="ref" v="S2"/>
  </way>
  <way id="213574146">
    <nd ref="1736747462"/>
    <nd ref="12569497269"/>
    <nd ref="3632766933"/>
    <nd ref="18284802"/>
    <tag k="aeroway" v="taxiway"/>
    <tag k="ref" v="S3"/>
  </way>
  <way id="213574147">
    <nd ref="18284799"/>
    <nd ref="3632766957"/>
    <nd ref="12569483650"/>
    <nd ref="1646349799"/>
    <nd ref="1646349855"/>
    <tag k="aeroway" v="taxiway"/>
    <tag k="ref" v="S4"/>
  </way>
  <way id="213574148">
    <nd ref="1736747592"/>
    <nd ref="1396540245"/>
    <tag k="aeroway" v="taxiway"/>
    <tag k="ref" v="S5"/>
  </way>
  <way id="213574149">
    <nd ref="18284797"/>
    <nd ref="3632700695"/>
    <nd ref="12569483654"/>
    <nd ref="27309051"/>
    <tag k="aeroway" v="taxiway"/>
    <tag k="ref" v="S6"/>
  </way>
  <way id="213574151">
    <nd ref="18284803"/>
    <nd ref="3632767045"/>
    <nd ref="3632767035"/>
    <nd ref="12569497292"/>
    <nd ref="3632767053"/>
    <nd ref="3632767046"/>
    <nd ref="1736746935"/>
    <nd ref="18284804"/>
    <tag k="aeroway" v="taxiway"/>
    <tag k="ref" v="B4"/>
  </way>
  <way id="213574153">
    <nd ref="18284798"/>
    <nd ref="3632700647"/>
    <nd ref="12569497255"/>
    <nd ref="2234359295"/>
    <nd ref="18284795"/>
    <tag k="aeroway" v="taxiway"/>
    <tag k="ref" v="B11"/>
  </way>
  <way id="213574154">
    <nd ref="1736747612"/>
    <nd ref="4756690815"/>
    <nd ref="4756690813"/>
    <nd ref="4756690814"/>
    <nd ref="4756690809"/>
    <nd ref="4756690812"/>
    <nd ref="4756690810"/>
    <nd ref="4756690811"/>
    <nd ref="1736766275"/>
    <tag k="aeroway" v="taxiway"/>
  </way>
  <way id="213574155">
    <nd ref="4793874345"/>
    <nd ref="4793874358"/>
    <nd ref="4793874356"/>
    <nd ref="12569497264"/>
    <nd ref="4793874357"/>
    <nd ref="4793874355"/>
    <nd ref="12569497265"/>
    <nd ref="4793874360"/>
    <nd ref="4793874359"/>
    <nd ref="4793874361"/>
    <nd ref="4793874346"/>
    <tag k="aeroway" v="taxiway"/>
    <tag k="ref" v="S1"/>
  </way>
  <way id="213576350">
    <nd ref="1736766281"/>
    <nd ref="3632648981"/>
    <nd ref="3632654926"/>
    <nd ref="3632654928"/>
    <nd ref="4775620869"/>
    <nd ref="4756557786"/>
    <nd ref="1736747592"/>
    <tag k="aeroway" v="taxiway"/>
  </way>
  <way id="213577682">
    <nd ref="2232530862"/>
    <nd ref="4756690855"/>
    <nd ref="4756690853"/>
    <nd ref="4756690854"/>
    <nd ref="4775620911"/>
    <nd ref="4756690849"/>
    <nd ref="4756690852"/>
    <nd ref="4756690850"/>
    <nd ref="4756690851"/>
    <nd ref="2232530867"/>
    <tag k="aeroway" v="taxiway"/>
  </way>
  <way id="213577684">
    <nd ref="2232530851"/>
    <nd ref="4756690862"/>
    <nd ref="4756690857"/>
    <nd ref="4756690861"/>
    <nd ref="4756690856"/>
    <nd ref="4775620913"/>
    <nd ref="4756690860"/>
    <nd ref="4756690858"/>
    <nd ref="4756690859"/>
    <nd ref="2232530862"/>
    <tag k="aeroway" v="taxiway"/>
  </way>
  <way id="213577686">
    <nd ref="2232530853"/>
    <nd ref="4756690754"/>
    <nd ref="4756690753"/>
    <nd ref="4775621762"/>
    <nd ref="4756690755"/>
    <nd ref="4756690752"/>
    <nd ref="4756690758"/>
    <nd ref="4756690756"/>
    <nd ref="4756690757"/>
    <nd ref="2232530845"/>
    <tag k="aeroway" v="taxiway"/>
  </way>
  <way id="213799214">
    <nd ref="18284810"/>
    <nd ref="12569497304"/>
    <nd ref="1736746646"/>
    <nd ref="12569497305"/>
    <nd ref="214111920"/>
    <tag k="aeroway" v="taxiway"/>
    <tag k="ref" v="B1"/>
  </way>
  <way id="213799216">
    <nd ref="214111882"/>
    <nd ref="2234359287"/>
    <nd ref="12569497257"/>
    <nd ref="13110024794"/>
    <nd ref="12569497245"/>
    <nd ref="2234359289"/>
    <nd ref="2234359291"/>
    <nd ref="3632700688"/>
    <nd ref="2234359292"/>
    <nd ref="12569497249"/>
    <nd ref="2234359293"/>
    <nd ref="2234359295"/>
    <tag k="aeroway" v="taxiway"/>
    <tag k="ref" v="B11"/>
  </way>
  <way id="213799217">
    <nd ref="18284795"/>
    <nd ref="214111897"/>
    <nd ref="3632700679"/>
    <nd ref="3632700667"/>
    <nd ref="214111885"/>
    <nd ref="18284794"/>
    <tag k="aeroway" v="taxiway"/>
    <tag k="ref" v="B9"/>
  </way>
  <way id="213799218">
    <nd ref="1736766268"/>
    <nd ref="4756557791"/>
    <tag k="aeroway" v="taxiway"/>
    <tag k="ref" v="C5"/>
  </way>
  <way id="213851679">
    <nd ref="18283986"/>
    <nd ref="213950271"/>
    <nd ref="11593848521"/>
    <nd ref="1736760013"/>
    <nd ref="9489443"/>
    <nd ref="1736760022"/>
    <tag k="aeroway" v="taxiway"/>
    <tag k="ref" v="A7"/>
  </way>
  <way id="213851682">
    <nd ref="18284005"/>
    <nd ref="3719943069"/>
    <nd ref="12569734300"/>
    <nd ref="3719942870"/>
    <nd ref="18283986"/>
    <nd ref="2367301132"/>
    <nd ref="2234853968"/>
    <nd ref="2234853969"/>
    <nd ref="2234853970"/>
    <nd ref="2234853972"/>
    <nd ref="12569734297"/>
    <nd ref="2364708966"/>
    <nd ref="1736760020"/>
    <nd ref="12572259968"/>
    <nd ref="1736760024"/>
    <nd ref="2367319779"/>
    <nd ref="2367319784"/>
    <nd ref="9489444"/>
    <tag k="aeroway" v="taxiway"/>
    <tag k="ref" v="A9"/>
  </way>
  <way id="213851684">
    <nd ref="213950271"/>
    <nd ref="2234853972"/>
    <tag k="aeroway" v="taxiway"/>
  </way>
  <way id="222708298">
    <nd ref="556715255"/>
    <nd ref="4802042117"/>
    <nd ref="4802042115"/>
    <nd ref="4802042116"/>
    <nd ref="4802042105"/>
    <nd ref="4802042114"/>
    <nd ref="4802042112"/>
    <nd ref="4802042113"/>
    <nd ref="4898081900"/>
    <tag k="aeroway" v="taxiway"/>
    <tag k="ref" v="D4"/>
  </way>
  <way id="222708299">
    <nd ref="18284800"/>
    <nd ref="3632766983"/>
    <nd ref="2316493466"/>
    <nd ref="1380644027"/>
    <tag k="aeroway" v="taxiway"/>
  </way>
  <way id="222708301">
    <nd ref="27309031"/>
    <nd ref="4802042426"/>
    <nd ref="4802042424"/>
    <nd ref="4802042427"/>
    <nd ref="4802042425"/>
    <nd ref="3632700610"/>
    <nd ref="4802042436"/>
    <nd ref="2367197200"/>
    <nd ref="4802042101"/>
    <nd ref="4802042102"/>
    <nd ref="2367197203"/>
    <nd ref="556715276"/>
    <tag k="aeroway" v="taxiway"/>
    <tag k="ref" v="D4"/>
  </way>
  <way id="222708303">
    <nd ref="2316510630"/>
    <nd ref="4100077242"/>
    <nd ref="4100077241"/>
    <nd ref="4100077240"/>
    <nd ref="2316510632"/>
    <nd ref="4100077239"/>
    <nd ref="2316510626"/>
    <nd ref="4100077238"/>
    <nd ref="2316510628"/>
    <nd ref="4100077237"/>
    <nd ref="12569497301"/>
    <nd ref="3632268767"/>
    <nd ref="18284812"/>
    <nd ref="12569497296"/>
    <nd ref="2316493458"/>
    <nd ref="2316493459"/>
    <nd ref="2316493460"/>
    <nd ref="12569497294"/>
    <nd ref="2316493461"/>
    <nd ref="12569497295"/>
    <nd ref="2316493462"/>
    <nd ref="2316493463"/>
    <tag k="aeroway" v="taxiway"/>
    <tag k="ref" v="B3"/>
  </way>
  <way id="228073016">
    <nd ref="2367197237"/>
    <nd ref="2367197242"/>
    <nd ref="2367197248"/>
    <nd ref="2367197251"/>
    <nd ref="2367197245"/>
    <nd ref="2367197240"/>
    <tag k="aeroway" v="taxiway"/>
    <tag k="ref" v="D2"/>
  </way>
  <way id="228073017">
    <nd ref="556715382"/>
    <nd ref="2367197257"/>
    <nd ref="2367197254"/>
    <nd ref="2367197260"/>
    <nd ref="2367197263"/>
    <nd ref="2367197266"/>
    <tag k="aeroway" v="taxiway"/>
    <tag k="ref" v="D2"/>
  </way>
  <way id="228075673">
    <nd ref="556715267"/>
    <nd ref="4898081877"/>
    <nd ref="4898081876"/>
    <nd ref="4898081873"/>
    <nd ref="4898081874"/>
    <nd ref="4898081875"/>
    <nd ref="556715270"/>
    <nd ref="4898081870"/>
    <nd ref="4898081869"/>
    <nd ref="4898081868"/>
    <nd ref="4898081871"/>
    <nd ref="4898081872"/>
    <nd ref="556715237"/>
    <tag k="aeroway" v="taxiway"/>
  </way>
  <way id="228075674">
    <nd ref="2367215607"/>
    <nd ref="2367215608"/>
    <nd ref="2367215609"/>
    <nd ref="2367215610"/>
    <nd ref="2367215611"/>
    <nd ref="2367215612"/>
    <nd ref="2367215613"/>
    <nd ref="2367215614"/>
    <tag k="aeroway" v="taxiway"/>
  </way>
  <way id="228078124">
    <nd ref="2367268057"/>
    <nd ref="2367268055"/>
    <nd ref="2367268062"/>
    <nd ref="2367268070"/>
    <nd ref="2367268075"/>
    <tag k="aeroway" v="taxiway"/>
    <tag k="source" v="bing"/>
  </way>
  <way id="228078125">
    <nd ref="2367268009"/>
    <nd ref="2367268024"/>
    <nd ref="2367268039"/>
    <nd ref="2367268050"/>
    <nd ref="2367268057"/>
    <tag k="aeroway" v="taxiway"/>
    <tag k="source" v="bing"/>
  </way>
  <way id="228078126">
    <nd ref="2367268047"/>
    <nd ref="2367268053"/>
    <nd ref="2367268063"/>
    <nd ref="2367268073"/>
    <nd ref="2367268075"/>
    <tag k="aeroway" v="taxiway"/>
    <tag k="source" v="bing"/>
  </way>
  <way id="228078127">
    <nd ref="4802042444"/>
    <nd ref="4802042443"/>
    <nd ref="4802042446"/>
    <nd ref="4802042447"/>
    <nd ref="4802042445"/>
    <nd ref="4802042449"/>
    <nd ref="4802042448"/>
    <nd ref="4802042450"/>
    <nd ref="2367197187"/>
    <tag k="aeroway" v="taxiway"/>
  </way>
  <way id="228078128">
    <nd ref="2367268011"/>
    <nd ref="2367268017"/>
    <nd ref="12569483670"/>
    <nd ref="2367268027"/>
    <nd ref="12569483671"/>
    <nd ref="2367268037"/>
    <nd ref="12569483672"/>
    <nd ref="2367268042"/>
    <tag k="aeroway" v="taxiway"/>
    <tag k="source" v="bing"/>
  </way>
  <way id="228078129">
    <nd ref="2367268047"/>
    <nd ref="2367268040"/>
    <nd ref="2367268034"/>
    <nd ref="2367268022"/>
    <nd ref="2367268016"/>
    <nd ref="2367268009"/>
    <tag k="aeroway" v="taxiway"/>
    <tag k="source" v="bing"/>
  </way>
  <way id="228078130">
    <nd ref="2367268035"/>
    <nd ref="2367268029"/>
    <nd ref="12569483668"/>
    <nd ref="2367268021"/>
    <nd ref="12569483669"/>
    <nd ref="2367268014"/>
    <nd ref="2367268006"/>
    <nd ref="2316493497"/>
    <tag k="aeroway" v="taxiway"/>
    <tag k="source" v="bing"/>
  </way>
  <way id="228078131">
    <nd ref="27309028"/>
    <nd ref="2367268066"/>
    <nd ref="12569483675"/>
    <nd ref="2367268060"/>
    <nd ref="12569483674"/>
    <nd ref="2367268052"/>
    <nd ref="12569483673"/>
    <nd ref="2367268048"/>
    <nd ref="2367268043"/>
    <tag k="aeroway" v="taxiway"/>
    <tag k="source" v="bing"/>
  </way>
  <way id="228195836">
    <nd ref="2368292736"/>
    <nd ref="2368292737"/>
    <nd ref="12569497220"/>
    <nd ref="2368292740"/>
    <nd ref="12569497219"/>
    <nd ref="2368292742"/>
    <nd ref="2368292745"/>
    <nd ref="12569497218"/>
    <nd ref="2368292746"/>
    <nd ref="12569497217"/>
    <nd ref="2368292744"/>
    <nd ref="12569497214"/>
    <nd ref="2368292743"/>
    <nd ref="2368292741"/>
    <nd ref="12569497215"/>
    <nd ref="2368292739"/>
    <nd ref="12569497216"/>
    <nd ref="2368292738"/>
    <tag k="aeroway" v="taxiway"/>
  </way>
  <way id="228195840">
    <nd ref="2368292769"/>
    <nd ref="12569483662"/>
    <nd ref="2368292767"/>
    <nd ref="12569483661"/>
    <nd ref="2368292765"/>
    <nd ref="12569483660"/>
    <nd ref="2368292760"/>
    <nd ref="12569483659"/>
    <nd ref="3719950784"/>
    <tag k="aeroway" v="taxiway"/>
    <tag k="ref" v="B10"/>
  </way>
  <way id="228195841">
    <nd ref="2368292772"/>
    <nd ref="12569483666"/>
    <nd ref="2368292770"/>
    <nd ref="12569483665"/>
    <nd ref="2368292764"/>
    <nd ref="12569483664"/>
    <nd ref="2368292759"/>
    <nd ref="3719950784"/>
    <tag k="aeroway" v="taxiway"/>
    <tag k="ref" v="B10"/>
  </way>
  <way id="228195842">
    <nd ref="1736747309"/>
    <nd ref="2368292730"/>
    <nd ref="12569497250"/>
    <nd ref="2368292728"/>
    <nd ref="12569497251"/>
    <nd ref="2368292727"/>
    <nd ref="12569497252"/>
    <nd ref="2368292724"/>
    <nd ref="2368292723"/>
    <tag k="aeroway" v="taxiway"/>
  </way>
  <way id="228195843">
    <nd ref="2368292747"/>
    <nd ref="2368292748"/>
    <nd ref="12569497205"/>
    <nd ref="2368292749"/>
    <nd ref="2368292752"/>
    <nd ref="12569483696"/>
    <nd ref="2368292758"/>
    <nd ref="12569483697"/>
    <nd ref="2368292768"/>
    <tag k="aeroway" v="taxiway"/>
  </way>
  <way id="228195844">
    <nd ref="2368292750"/>
    <nd ref="12569497201"/>
    <nd ref="2368292751"/>
    <nd ref="12569483700"/>
    <nd ref="2368292753"/>
    <nd ref="12569483699"/>
    <nd ref="2368292756"/>
    <nd ref="2368292762"/>
    <nd ref="12569483698"/>
    <nd ref="2368292768"/>
    <tag k="aeroway" v="taxiway"/>
  </way>
  <way id="228195845">
    <nd ref="2368292725"/>
    <nd ref="12569497253"/>
    <nd ref="2368292722"/>
    <nd ref="12569497254"/>
    <nd ref="2368292719"/>
    <nd ref="12569497228"/>
    <nd ref="2368292717"/>
    <nd ref="12569497229"/>
    <nd ref="2368292715"/>
    <nd ref="12569497230"/>
    <nd ref="2368292714"/>
    <nd ref="12569497231"/>
    <nd ref="3632700687"/>
    <nd ref="214111882"/>
    <tag k="aeroway" v="taxiway"/>
  </way>
  <way id="228195846">
    <nd ref="1736747488"/>
    <nd ref="2368292771"/>
    <nd ref="2368292766"/>
    <nd ref="2368292763"/>
    <nd ref="2368292761"/>
    <nd ref="12569483693"/>
    <nd ref="2368292757"/>
    <nd ref="12569483694"/>
    <nd ref="2368292755"/>
    <tag k="aeroway" v="taxiway"/>
  </way>
  <way id="228195847">
    <nd ref="2368292735"/>
    <nd ref="12569497223"/>
    <nd ref="12569497222"/>
    <nd ref="2368292734"/>
    <nd ref="2368292732"/>
    <nd ref="2368292729"/>
    <nd ref="2368292726"/>
    <nd ref="2368292721"/>
    <nd ref="2368292718"/>
    <nd ref="2368292716"/>
    <tag k="aeroway" v="taxiway"/>
  </way>
  <way id="347468713">
    <nd ref="18284786"/>
    <nd ref="2367268075"/>
    <nd ref="4791786476"/>
    <tag k="aeroway" v="taxiway"/>
  </way>
  <way id="358280636">
    <nd ref="3632268512"/>
    <nd ref="4988193652"/>
    <tag k="aeroway" v="taxiway"/>
  </way>
  <way id="358280637">
    <nd ref="3632268514"/>
    <nd ref="4988193653"/>
    <tag k="aeroway" v="taxiway"/>
  </way>
  <way id="358280638">
    <nd ref="3632268516"/>
    <nd ref="4988193654"/>
    <tag k="aeroway" v="taxiway"/>
  </way>
  <way id="358280639">
    <nd ref="3632268517"/>
    <nd ref="4988193655"/>
    <tag k="aeroway" v="taxiway"/>
  </way>
  <way id="358280640">
    <nd ref="3632268519"/>
    <nd ref="4988193656"/>
    <tag k="aeroway" v="taxiway"/>
  </way>
  <way id="358280641">
    <nd ref="3632268521"/>
    <nd ref="4988193657"/>
    <tag k="aeroway" v="taxiway"/>
  </way>
  <way id="358280642">
    <nd ref="3632268523"/>
    <nd ref="4988193658"/>
    <tag k="aeroway" v="taxiway"/>
  </way>
  <way id="358280643">
    <nd ref="3632268525"/>
    <nd ref="4988193659"/>
    <tag k="aeroway" v="taxiway"/>
  </way>
  <way id="358280645">
    <nd ref="3632268529"/>
    <nd ref="4988193660"/>
    <tag k="aeroway" v="taxiway"/>
  </way>
  <way id="358280647">
    <nd ref="3632268533"/>
    <nd ref="4988193661"/>
    <tag k="aeroway" v="taxiway"/>
  </way>
  <way id="358280648">
    <nd ref="3632268535"/>
    <nd ref="4988193662"/>
    <tag k="aeroway" v="taxiway"/>
  </way>
  <way id="358280649">
    <nd ref="3632268537"/>
    <nd ref="4988193663"/>
    <tag k="aeroway" v="taxiway"/>
  </way>
  <way id="358280650">
    <nd ref="3632268539"/>
    <nd ref="4988193664"/>
    <tag k="aeroway" v="taxiway"/>
  </way>
  <way id="358280651">
    <nd ref="3632268541"/>
    <nd ref="4988193666"/>
    <tag k="aeroway" v="taxiway"/>
  </way>
  <way id="358280652">
    <nd ref="3632268543"/>
    <nd ref="4988193665"/>
    <tag k="aeroway" v="taxiway"/>
  </way>
  <way id="358280653">
    <nd ref="3632268545"/>
    <nd ref="4988193667"/>
    <tag k="aeroway" v="taxiway"/>
  </way>
  <way id="358280654">
    <nd ref="3632268547"/>
    <nd ref="4988193651"/>
    <tag k="aeroway" v="taxiway"/>
  </way>
  <way id="358280658">
    <nd ref="5003340221"/>
    <nd ref="5003376024"/>
    <tag k="aeroway" v="taxiway"/>
  </way>
  <way id="358280683">
    <nd ref="3632268592"/>
    <nd ref="5003376049"/>
    <tag k="aeroway" v="taxiway"/>
  </way>
  <way id="358280705">
    <nd ref="3632268628"/>
    <nd ref="3632268629"/>
    <nd ref="3632268630"/>
    <nd ref="3632268631"/>
    <nd ref="3632268632"/>
    <nd ref="3632268633"/>
    <nd ref="3632268634"/>
    <nd ref="3632268635"/>
    <nd ref="3632268636"/>
    <nd ref="3632268637"/>
    <nd ref="3632268638"/>
    <nd ref="3632268639"/>
    <nd ref="3632268640"/>
    <nd ref="3632268641"/>
    <nd ref="3632268642"/>
    <nd ref="3632268643"/>
    <nd ref="3632268644"/>
    <nd ref="3632268645"/>
    <nd ref="3632268646"/>
    <nd ref="214111845"/>
    <tag k="aeroway" v="taxiway"/>
  </way>
  <way id="358280706">
    <nd ref="3632268647"/>
    <nd ref="3632268648"/>
    <nd ref="3632268649"/>
    <nd ref="3632268650"/>
    <nd ref="3632268651"/>
    <nd ref="3632268652"/>
    <nd ref="3632268653"/>
    <nd ref="3632268654"/>
    <nd ref="3632268655"/>
    <tag k="aeroway" v="taxiway"/>
  </way>
  <way id="358280707">
    <nd ref="3632268656"/>
    <nd ref="3632268657"/>
    <nd ref="3632268658"/>
    <nd ref="3632268659"/>
    <nd ref="3632268660"/>
    <nd ref="3632268661"/>
    <nd ref="3632268662"/>
    <nd ref="3632268663"/>
    <nd ref="3632268664"/>
    <nd ref="3632268665"/>
    <nd ref="3632268655"/>
    <tag k="aeroway" v="taxiway"/>
  </way>
  <way id="358280708">
    <nd ref="3632268655"/>
    <nd ref="3632268666"/>
    <nd ref="3632268667"/>
    <nd ref="3632268668"/>
    <nd ref="3632268669"/>
    <nd ref="3632268670"/>
    <nd ref="3632268671"/>
    <nd ref="3632268672"/>
    <nd ref="3632268673"/>
    <nd ref="3632268674"/>
    <nd ref="3632268675"/>
    <nd ref="3632268676"/>
    <nd ref="1736747446"/>
    <tag k="aeroway" v="taxiway"/>
  </way>
  <way id="358280709">
    <nd ref="1736747446"/>
    <nd ref="3632268677"/>
    <nd ref="3632268678"/>
    <nd ref="3632268679"/>
    <nd ref="3632268680"/>
    <nd ref="3632268681"/>
    <nd ref="3632268682"/>
    <nd ref="3632268683"/>
    <nd ref="3632268684"/>
    <nd ref="3632268685"/>
    <nd ref="3632268686"/>
    <nd ref="3632268687"/>
    <nd ref="1736747531"/>
    <tag k="aeroway" v="taxiway"/>
  </way>
  <way id="358280710">
    <nd ref="3632268656"/>
    <nd ref="3632268688"/>
    <nd ref="3632268689"/>
    <nd ref="3632268690"/>
    <nd ref="3632268691"/>
    <nd ref="3632268692"/>
    <nd ref="3632268693"/>
    <nd ref="3632268694"/>
    <nd ref="3632268695"/>
    <nd ref="3632268696"/>
    <nd ref="3632268697"/>
    <nd ref="3632268641"/>
    <tag k="aeroway" v="taxiway"/>
  </way>
  <way id="358280711">
    <nd ref="3632268641"/>
    <nd ref="3632268698"/>
    <nd ref="3632268699"/>
    <nd ref="3632268700"/>
    <nd ref="3632268701"/>
    <nd ref="3632268702"/>
    <nd ref="3632268703"/>
    <nd ref="3632268704"/>
    <nd ref="3632268705"/>
    <nd ref="3632268706"/>
    <nd ref="3632268707"/>
    <nd ref="3632268708"/>
    <nd ref="3632268709"/>
    <nd ref="3632268710"/>
    <nd ref="3632268711"/>
    <nd ref="3632268712"/>
    <nd ref="3632268713"/>
    <nd ref="3632268714"/>
    <tag k="aeroway" v="taxiway"/>
  </way>
  <way id="358280712">
    <nd ref="2367268005"/>
    <nd ref="3632268715"/>
    <nd ref="3632268716"/>
    <nd ref="3632268717"/>
    <nd ref="3632268718"/>
    <nd ref="3632268719"/>
    <nd ref="3632268720"/>
    <nd ref="3632268721"/>
    <nd ref="3632268722"/>
    <nd ref="3632268723"/>
    <nd ref="3632268724"/>
    <nd ref="3632268725"/>
    <nd ref="3632268726"/>
    <nd ref="3632268727"/>
    <nd ref="3632268728"/>
    <nd ref="3632268729"/>
    <nd ref="3632268730"/>
    <nd ref="3632268731"/>
    <nd ref="3632268714"/>
    <tag k="aeroway" v="taxiway"/>
  </way>
  <way id="358280713">
    <nd ref="2316493458"/>
    <nd ref="3632268732"/>
    <nd ref="3632268733"/>
    <nd ref="3632268734"/>
    <nd ref="3632268735"/>
    <nd ref="3632268736"/>
    <nd ref="3632268737"/>
    <nd ref="3632268738"/>
    <nd ref="3632268739"/>
    <nd ref="3632268740"/>
    <nd ref="1401190151"/>
    <tag k="aeroway" v="taxiway"/>
  </way>
  <way id="358280714">
    <nd ref="1401190148"/>
    <nd ref="3632268741"/>
    <nd ref="3632268742"/>
    <nd ref="3632268743"/>
    <nd ref="3632268744"/>
    <nd ref="3632268745"/>
    <nd ref="3632268746"/>
    <nd ref="3632268747"/>
    <nd ref="3632268748"/>
    <nd ref="3632268749"/>
    <tag k="aeroway" v="taxiway"/>
  </way>
  <way id="358280715">
    <nd ref="1736746825"/>
    <nd ref="3632268750"/>
    <nd ref="3632268751"/>
    <nd ref="3632268752"/>
    <nd ref="3632268753"/>
    <nd ref="3632268754"/>
    <nd ref="3632268755"/>
    <nd ref="3632268756"/>
    <nd ref="3632268757"/>
    <nd ref="3632268758"/>
    <nd ref="3632268759"/>
    <nd ref="3632268760"/>
    <nd ref="3632268761"/>
    <nd ref="3632268762"/>
    <nd ref="3632268763"/>
    <nd ref="3632268764"/>
    <nd ref="3632268765"/>
    <nd ref="3632268766"/>
    <nd ref="3632268767"/>
    <tag k="aeroway" v="taxiway"/>
  </way>
  <way id="358280716">
    <nd ref="3632268768"/>
    <nd ref="3632268769"/>
    <nd ref="3632268770"/>
    <nd ref="3632268771"/>
    <nd ref="3632268772"/>
    <nd ref="3632268773"/>
    <nd ref="3632268774"/>
    <nd ref="3632268775"/>
    <nd ref="3632268776"/>
    <nd ref="3632268777"/>
    <nd ref="3632268778"/>
    <nd ref="3632268779"/>
    <nd ref="3632268767"/>
    <tag k="aeroway" v="taxiway"/>
  </way>
  <way id="358280717">
    <nd ref="3632268749"/>
    <nd ref="3632268780"/>
    <nd ref="3632268781"/>
    <nd ref="3632268782"/>
    <nd ref="3632268783"/>
    <nd ref="3632268784"/>
    <nd ref="3632268785"/>
    <nd ref="3632268786"/>
    <nd ref="3632268787"/>
    <nd ref="3632268788"/>
    <nd ref="3632268789"/>
    <nd ref="3632268790"/>
    <nd ref="3632268791"/>
    <tag k="aeroway" v="taxiway"/>
  </way>
  <way id="358280718">
    <nd ref="2234853963"/>
    <nd ref="3632268799"/>
    <nd ref="3632268800"/>
    <nd ref="3632268801"/>
    <nd ref="3632268802"/>
    <nd ref="3632268803"/>
    <nd ref="3632268804"/>
    <nd ref="3632268805"/>
    <nd ref="3632268806"/>
    <nd ref="3632268807"/>
    <nd ref="3632268808"/>
    <nd ref="3632268809"/>
    <tag k="aeroway" v="taxiway"/>
  </way>
  <way id="358280719">
    <nd ref="3632268810"/>
    <nd ref="3632268811"/>
    <nd ref="3632268812"/>
    <nd ref="3632268813"/>
    <nd ref="3632268814"/>
    <nd ref="3632268815"/>
    <nd ref="3632268816"/>
    <nd ref="3632268817"/>
    <nd ref="3632268818"/>
    <nd ref="3632268819"/>
    <nd ref="3632268820"/>
    <tag k="aeroway" v="taxiway"/>
  </way>
  <way id="358280720">
    <nd ref="3632268820"/>
    <nd ref="3632268821"/>
    <nd ref="3632268822"/>
    <nd ref="3632268823"/>
    <nd ref="3632268824"/>
    <nd ref="3632268825"/>
    <nd ref="3632268826"/>
    <nd ref="3632268827"/>
    <nd ref="3632268828"/>
    <nd ref="3632268829"/>
    <nd ref="3632268830"/>
    <tag k="aeroway" v="taxiway"/>
  </way>
  <way id="358280721">
    <nd ref="3632268820"/>
    <nd ref="3632268831"/>
    <nd ref="3632268832"/>
    <nd ref="3632268833"/>
    <nd ref="3632268834"/>
    <nd ref="3632268835"/>
    <nd ref="3632268836"/>
    <nd ref="3632268837"/>
    <nd ref="3632268838"/>
    <nd ref="3632268839"/>
    <tag k="aeroway" v="taxiway"/>
  </way>
  <way id="358280722">
    <nd ref="3632268840"/>
    <nd ref="3632268841"/>
    <nd ref="3632268842"/>
    <nd ref="3632268843"/>
    <nd ref="3632268844"/>
    <nd ref="3632268845"/>
    <nd ref="3632268846"/>
    <nd ref="3632268847"/>
    <nd ref="3632268848"/>
    <tag k="aeroway" v="taxiway"/>
  </way>
  <way id="358280723">
    <nd ref="3632268849"/>
    <nd ref="3632268850"/>
    <nd ref="3632268851"/>
    <nd ref="3632268852"/>
    <nd ref="3632268853"/>
    <nd ref="3632268854"/>
    <nd ref="3632268855"/>
    <nd ref="3632268856"/>
    <nd ref="3632268857"/>
    <nd ref="3632268858"/>
    <nd ref="3632268859"/>
    <nd ref="3632268860"/>
    <nd ref="3632268861"/>
    <nd ref="3632268862"/>
    <tag k="aeroway" v="taxiway"/>
  </way>
  <way id="358280724">
    <nd ref="2234853975"/>
    <nd ref="3632268863"/>
    <nd ref="3632268864"/>
    <nd ref="3632268865"/>
    <nd ref="3632268866"/>
    <nd ref="3632268867"/>
    <tag k="aeroway" v="taxiway"/>
  </way>
  <way id="358280725">
    <nd ref="3632268862"/>
    <nd ref="3632268868"/>
    <nd ref="3632268869"/>
    <nd ref="3632268870"/>
    <nd ref="3632268871"/>
    <nd ref="3632268872"/>
    <nd ref="3632268873"/>
    <nd ref="3632268874"/>
    <nd ref="3632268875"/>
    <nd ref="3632268876"/>
    <nd ref="3632268877"/>
    <nd ref="3632268878"/>
    <nd ref="3632268879"/>
    <tag k="aeroway" v="taxiway"/>
  </way>
  <way id="358280726">
    <nd ref="3632268880"/>
    <nd ref="3632268882"/>
    <nd ref="3632268883"/>
    <nd ref="3632268884"/>
    <nd ref="3632268885"/>
    <nd ref="3632268886"/>
    <nd ref="3632268887"/>
    <nd ref="3632268888"/>
    <nd ref="3632268889"/>
    <nd ref="3632268890"/>
    <nd ref="3632268891"/>
    <nd ref="3632268892"/>
    <nd ref="3632268993"/>
    <nd ref="3632268994"/>
    <tag k="aeroway" v="taxiway"/>
  </way>
  <way id="358280727">
    <nd ref="3632268995"/>
    <nd ref="3632268996"/>
    <nd ref="3632268997"/>
    <nd ref="3632268998"/>
    <nd ref="3632268999"/>
    <nd ref="3632269000"/>
    <nd ref="3632269001"/>
    <nd ref="3632269002"/>
    <nd ref="3632269003"/>
    <nd ref="3632269004"/>
    <nd ref="3632269005"/>
    <nd ref="3632268994"/>
    <tag k="aeroway" v="taxiway"/>
  </way>
  <way id="358280728">
    <nd ref="3632269006"/>
    <nd ref="3632269007"/>
    <nd ref="3632269008"/>
    <nd ref="3632269009"/>
    <nd ref="3632269010"/>
    <nd ref="3632269011"/>
    <nd ref="3632269012"/>
    <nd ref="3632269013"/>
    <nd ref="3632269014"/>
    <nd ref="3632269015"/>
    <nd ref="3632269016"/>
    <nd ref="3632269017"/>
    <nd ref="3632269018"/>
    <nd ref="3632269019"/>
    <nd ref="3632269020"/>
    <tag k="aeroway" v="taxiway"/>
  </way>
  <way id="358280729">
    <nd ref="2367301153"/>
    <nd ref="3632269021"/>
    <nd ref="3632269022"/>
    <nd ref="3632269023"/>
    <nd ref="3632269024"/>
    <nd ref="3632269025"/>
    <nd ref="3632269026"/>
    <nd ref="3632269027"/>
    <nd ref="3632269028"/>
    <nd ref="3632269029"/>
    <nd ref="3632269030"/>
    <nd ref="3632269031"/>
    <nd ref="3632269032"/>
    <nd ref="3632269033"/>
    <nd ref="3632269034"/>
    <nd ref="3632269006"/>
    <tag k="aeroway" v="taxiway"/>
  </way>
  <way id="358280730">
    <nd ref="3632268880"/>
    <nd ref="3632269035"/>
    <nd ref="3632269036"/>
    <nd ref="3632269037"/>
    <nd ref="3632269038"/>
    <nd ref="3632269039"/>
    <nd ref="3632269040"/>
    <nd ref="3632269041"/>
    <nd ref="3632269042"/>
    <nd ref="3632269043"/>
    <nd ref="3632269044"/>
    <nd ref="3632269045"/>
    <nd ref="3632269046"/>
    <nd ref="2367301140"/>
    <tag k="aeroway" v="taxiway"/>
  </way>
  <way id="358280731">
    <nd ref="3632268995"/>
    <nd ref="3632269047"/>
    <nd ref="3632269048"/>
    <nd ref="3632269049"/>
    <nd ref="3632269050"/>
    <nd ref="3632269051"/>
    <nd ref="3632269052"/>
    <nd ref="3632269053"/>
    <nd ref="3632269054"/>
    <nd ref="3632269055"/>
    <nd ref="3632269056"/>
    <nd ref="3632269057"/>
    <nd ref="3632269058"/>
    <nd ref="3632269059"/>
    <nd ref="3632269060"/>
    <nd ref="2367301140"/>
    <tag k="aeroway" v="taxiway"/>
  </way>
  <way id="358328149">
    <nd ref="3632648930"/>
    <nd ref="4881728339"/>
    <nd ref="4881727915"/>
    <nd ref="4801827875"/>
    <tag k="aeroway" v="taxiway"/>
  </way>
  <way id="358328155">
    <nd ref="3632648942"/>
    <nd ref="4881728336"/>
    <nd ref="4881727912"/>
    <nd ref="4801827859"/>
    <tag k="aeroway" v="taxiway"/>
  </way>
  <way id="358328164">
    <nd ref="3632648961"/>
    <nd ref="4881728324"/>
    <nd ref="4801827897"/>
    <tag k="aeroway" v="taxiway"/>
  </way>
  <way id="358328169">
    <nd ref="3632648971"/>
    <nd ref="4881727899"/>
    <nd ref="4795526247"/>
    <tag k="aeroway" v="taxiway"/>
    <tag k="description" v="Einrolllinie für Parkposition 155"/>
  </way>
  <way id="358328171">
    <nd ref="3632648975"/>
    <nd ref="4881727901"/>
    <nd ref="4795526249"/>
    <tag k="aeroway" v="taxiway"/>
    <tag k="description" v="Einrolllinie für Parkposition 162"/>
  </way>
  <way id="358328173">
    <nd ref="3632648979"/>
    <nd ref="4881727903"/>
    <nd ref="4795526251"/>
    <tag k="aeroway" v="taxiway"/>
    <tag k="description" v="Einrolllinie für Parkposition 164"/>
  </way>
  <way id="358328174">
    <nd ref="3632648981"/>
    <nd ref="4881727904"/>
    <nd ref="4795526252"/>
    <tag k="aeroway" v="taxiway"/>
    <tag k="description" v="Einrolllinie für Parkposition 164Y"/>
  </way>
  <way id="358328179">
    <nd ref="4955113467"/>
    <nd ref="4795526233"/>
    <tag k="aeroway" v="taxiway"/>
    <tag k="description" v="Einrolllinie für Parkposition 171"/>
  </way>
  <way id="358328180">
    <nd ref="3632654893"/>
    <nd ref="4795526234"/>
    <nd ref="4795526238"/>
    <tag k="aeroway" v="taxiway"/>
    <tag k="description" v="Einrolllinie für Parkposition 172"/>
  </way>
  <way id="358328181">
    <nd ref="4955113466"/>
    <nd ref="4795526237"/>
    <nd ref="4795526240"/>
    <tag k="aeroway" v="taxiway"/>
    <tag k="description" v="Einrolllinie für Parkposition 173"/>
  </way>
  <way id="358328182">
    <nd ref="3632654897"/>
    <nd ref="4795526259"/>
    <nd ref="4795526260"/>
    <tag k="aeroway" v="taxiway"/>
    <tag k="description" v="Einrolllinie für Parkposition 174"/>
  </way>
  <way id="358328183">
    <nd ref="3632654899"/>
    <nd ref="4795526262"/>
    <nd ref="4795526261"/>
    <tag k="aeroway" v="taxiway"/>
    <tag k="description" v="Einrolllinie für Parkposition 175"/>
  </way>
  <way id="358328184">
    <nd ref="3632654901"/>
    <nd ref="4795526263"/>
    <nd ref="4795526264"/>
    <tag k="aeroway" v="taxiway"/>
    <tag k="description" v="Einrolllinie für Parkposition 181"/>
  </way>
  <way id="358328185">
    <nd ref="3632654903"/>
    <nd ref="4795526266"/>
    <nd ref="4795526265"/>
    <tag k="aeroway" v="taxiway"/>
    <tag k="description" v="Einrolllinie für Parkposition 182"/>
  </way>
  <way id="358328187">
    <nd ref="3632648965"/>
    <nd ref="4881727881"/>
    <nd ref="4795526268"/>
    <tag k="aeroway" v="taxiway"/>
    <tag k="description" v="Einrolllinie für Parkposition 184"/>
  </way>
  <way id="358328188">
    <nd ref="3632648967"/>
    <nd ref="4881727882"/>
    <nd ref="4795526269"/>
    <tag k="aeroway" v="taxiway"/>
    <tag k="description" v="Einrolllinie für Parkposition 185"/>
  </way>
  <way id="358332821">
    <nd ref="3632700564"/>
    <nd ref="3632700565"/>
    <nd ref="3632700566"/>
    <nd ref="3632700567"/>
    <nd ref="3632700568"/>
    <nd ref="3632700569"/>
    <nd ref="3632700570"/>
    <nd ref="3632700571"/>
    <nd ref="3632700572"/>
    <nd ref="3632700573"/>
    <tag k="aeroway" v="taxiway"/>
  </way>
  <way id="358332822">
    <nd ref="3632700574"/>
    <nd ref="3632700575"/>
    <nd ref="3632700576"/>
    <nd ref="3632700577"/>
    <nd ref="3632700578"/>
    <nd ref="3632700579"/>
    <nd ref="3632700580"/>
    <nd ref="3632700581"/>
    <nd ref="3632700582"/>
    <nd ref="3632700573"/>
    <tag k="aeroway" v="taxiway"/>
  </way>
  <way id="358332823">
    <nd ref="3632700583"/>
    <nd ref="3632700584"/>
    <nd ref="3632700585"/>
    <nd ref="3632700586"/>
    <nd ref="3632700587"/>
    <nd ref="3632700588"/>
    <nd ref="3632700589"/>
    <nd ref="3632700590"/>
    <nd ref="3632700591"/>
    <nd ref="3632700592"/>
    <tag k="aeroway" v="taxiway"/>
  </way>
  <way id="358332824">
    <nd ref="3632700592"/>
    <nd ref="3632700593"/>
    <nd ref="3632700594"/>
    <nd ref="3632700595"/>
    <nd ref="3632700596"/>
    <nd ref="3632700597"/>
    <nd ref="3632700598"/>
    <nd ref="3632700599"/>
    <nd ref="3632700600"/>
    <nd ref="3632700601"/>
    <tag k="aeroway" v="taxiway"/>
  </way>
  <way id="358332827">
    <nd ref="3632700616"/>
    <nd ref="3632700617"/>
    <nd ref="3632700618"/>
    <nd ref="3632700619"/>
    <nd ref="3632700620"/>
    <nd ref="3632700621"/>
    <nd ref="3632700622"/>
    <nd ref="3632700623"/>
    <nd ref="3632700624"/>
    <nd ref="3632700625"/>
    <nd ref="3632700626"/>
    <tag k="aeroway" v="taxiway"/>
  </way>
  <way id="358332828">
    <nd ref="3632700626"/>
    <nd ref="3632700627"/>
    <nd ref="3632700628"/>
    <nd ref="3632700629"/>
    <nd ref="3632700630"/>
    <nd ref="3632700631"/>
    <nd ref="3632700632"/>
    <nd ref="3632700633"/>
    <nd ref="3632700634"/>
    <nd ref="3632700635"/>
    <tag k="aeroway" v="taxiway"/>
  </way>
  <way id="358332829">
    <nd ref="3632700635"/>
    <nd ref="3632700636"/>
    <nd ref="3632700637"/>
    <nd ref="3632700638"/>
    <nd ref="3632700639"/>
    <nd ref="3632700640"/>
    <nd ref="3632700641"/>
    <nd ref="3632700642"/>
    <nd ref="3632700643"/>
    <nd ref="3632700644"/>
    <nd ref="3632700645"/>
    <nd ref="3632700646"/>
    <nd ref="3632700647"/>
    <tag k="aeroway" v="taxiway"/>
  </way>
  <way id="358332830">
    <nd ref="3632700616"/>
    <nd ref="3632700648"/>
    <nd ref="3632700649"/>
    <nd ref="3632700650"/>
    <nd ref="3632700651"/>
    <nd ref="3632700652"/>
    <nd ref="3632700653"/>
    <nd ref="3632700654"/>
    <nd ref="3632700655"/>
    <nd ref="3632700656"/>
    <nd ref="3632700657"/>
    <nd ref="3632700658"/>
    <nd ref="3632700647"/>
    <tag k="aeroway" v="taxiway"/>
  </way>
  <way id="358332831">
    <nd ref="2234359295"/>
    <nd ref="3632700659"/>
    <nd ref="3632700660"/>
    <nd ref="12569497248"/>
    <nd ref="3632700661"/>
    <nd ref="3632700662"/>
    <nd ref="3632700663"/>
    <nd ref="3632700664"/>
    <nd ref="3632700665"/>
    <nd ref="3632700666"/>
    <tag k="aeroway" v="taxiway"/>
  </way>
  <way id="358332832">
    <nd ref="18284795"/>
    <nd ref="3632700669"/>
    <nd ref="3632700670"/>
    <nd ref="3632700671"/>
    <nd ref="3632700672"/>
    <nd ref="3632700673"/>
    <nd ref="12569497233"/>
    <nd ref="3632700674"/>
    <nd ref="3632700675"/>
    <nd ref="3632700676"/>
    <nd ref="3632700677"/>
    <nd ref="3632700678"/>
    <tag k="aeroway" v="taxiway"/>
  </way>
  <way id="358332833">
    <nd ref="3632700679"/>
    <nd ref="3632700680"/>
    <nd ref="3632700681"/>
    <nd ref="3632700682"/>
    <nd ref="3632700683"/>
    <nd ref="3632700684"/>
    <nd ref="3632700685"/>
    <tag k="aeroway" v="taxiway"/>
  </way>
  <way id="358332834">
    <nd ref="3632700688"/>
    <nd ref="3632700689"/>
    <nd ref="3632700690"/>
    <nd ref="3632700691"/>
    <nd ref="3632700692"/>
    <nd ref="3632700693"/>
    <nd ref="3632700694"/>
    <tag k="aeroway" v="taxiway"/>
  </way>
  <way id="358332835">
    <nd ref="3632700695"/>
    <nd ref="3632700696"/>
    <nd ref="3632700697"/>
    <nd ref="3632700698"/>
    <nd ref="3632700699"/>
    <nd ref="3632700700"/>
    <nd ref="3632700701"/>
    <nd ref="3632700702"/>
    <nd ref="3632700703"/>
    <nd ref="3632700704"/>
    <nd ref="3632700705"/>
    <tag k="aeroway" v="taxiway"/>
  </way>
  <way id="358332836">
    <nd ref="3632700705"/>
    <nd ref="3632700706"/>
    <nd ref="3632700707"/>
    <nd ref="3632700708"/>
    <nd ref="3632700709"/>
    <nd ref="3632700710"/>
    <nd ref="3632700711"/>
    <nd ref="3632700712"/>
    <nd ref="3632700713"/>
    <nd ref="3632700714"/>
    <nd ref="3632700715"/>
    <tag k="aeroway" v="taxiway"/>
  </way>
  <way id="358332837">
    <nd ref="3632700715"/>
    <nd ref="3632700716"/>
    <nd ref="3632700717"/>
    <nd ref="3632700718"/>
    <nd ref="3632700719"/>
    <nd ref="3632700720"/>
    <nd ref="3632700721"/>
    <nd ref="3632700722"/>
    <nd ref="3632700723"/>
    <nd ref="3632700724"/>
    <nd ref="3632700725"/>
    <nd ref="3632700726"/>
    <tag k="aeroway" v="taxiway"/>
  </way>
  <way id="358332838">
    <nd ref="3632700726"/>
    <nd ref="3632700727"/>
    <nd ref="3632700728"/>
    <nd ref="3632700729"/>
    <nd ref="3632700730"/>
    <nd ref="12569483656"/>
    <nd ref="3632700731"/>
    <nd ref="12569483655"/>
    <nd ref="3632700732"/>
    <nd ref="3632700733"/>
    <nd ref="3632700695"/>
    <tag k="aeroway" v="taxiway"/>
  </way>
  <way id="358332839">
    <nd ref="3632700735"/>
    <nd ref="3632700736"/>
    <nd ref="3632700737"/>
    <nd ref="3632700738"/>
    <nd ref="3632700739"/>
    <nd ref="3632700740"/>
    <nd ref="3632700741"/>
    <nd ref="3632700742"/>
    <nd ref="3632700743"/>
    <nd ref="3632700744"/>
    <tag k="aeroway" v="taxiway"/>
  </way>
  <way id="358332840">
    <nd ref="3632700745"/>
    <nd ref="3632700746"/>
    <nd ref="3632700747"/>
    <nd ref="3632700748"/>
    <nd ref="3632700749"/>
    <nd ref="3632700750"/>
    <nd ref="3632700751"/>
    <nd ref="3632700752"/>
    <nd ref="3632700753"/>
    <nd ref="3632700754"/>
    <tag k="aeroway" v="taxiway"/>
  </way>
  <way id="358332841">
    <nd ref="3632700755"/>
    <nd ref="3632700756"/>
    <nd ref="3632700757"/>
    <nd ref="3632700758"/>
    <nd ref="3632700759"/>
    <nd ref="3632700760"/>
    <nd ref="3632700761"/>
    <nd ref="3632700762"/>
    <nd ref="3632700763"/>
    <nd ref="3632700764"/>
    <tag k="aeroway" v="taxiway"/>
  </way>
  <way id="358332842">
    <nd ref="3632700765"/>
    <nd ref="3632700766"/>
    <nd ref="3632700767"/>
    <nd ref="3632700768"/>
    <nd ref="3632700769"/>
    <nd ref="3632700770"/>
    <nd ref="3632700771"/>
    <nd ref="3632700772"/>
    <nd ref="3632700773"/>
    <nd ref="3632700774"/>
    <nd ref="3632700734"/>
    <tag k="aeroway" v="taxiway"/>
  </way>
  <way id="358332843">
    <nd ref="3632700776"/>
    <nd ref="3632700785"/>
    <nd ref="3632700786"/>
    <nd ref="3632700787"/>
    <nd ref="3632700788"/>
    <nd ref="3632700789"/>
    <nd ref="3632700790"/>
    <nd ref="3632700791"/>
    <nd ref="3632700792"/>
    <nd ref="3632700793"/>
    <tag k="aeroway" v="taxiway"/>
    <tag k="ref" v="N2"/>
  </way>
  <way id="358332844">
    <nd ref="3632700794"/>
    <nd ref="3632700795"/>
    <nd ref="3632700796"/>
    <nd ref="3632700797"/>
    <nd ref="3632700798"/>
    <nd ref="3632700799"/>
    <nd ref="3632700800"/>
    <nd ref="3632700801"/>
    <nd ref="3632700802"/>
    <tag k="aeroway" v="taxiway"/>
  </way>
  <way id="358332845">
    <nd ref="18283991"/>
    <nd ref="3632700806"/>
    <nd ref="3632700807"/>
    <nd ref="3632700808"/>
    <nd ref="3632700809"/>
    <nd ref="3632700810"/>
    <nd ref="3632700811"/>
    <nd ref="3632700812"/>
    <nd ref="3632700813"/>
    <nd ref="3632700814"/>
    <nd ref="3632700815"/>
    <nd ref="3632700816"/>
    <nd ref="3632700817"/>
    <nd ref="3632700818"/>
    <nd ref="3632700819"/>
    <tag k="aeroway" v="taxiway"/>
  </way>
  <way id="358332846">
    <nd ref="3632700820"/>
    <nd ref="3632700821"/>
    <nd ref="3632700822"/>
    <nd ref="3632700823"/>
    <nd ref="3632700824"/>
    <nd ref="3632700825"/>
    <nd ref="3632700826"/>
    <nd ref="3632700827"/>
    <nd ref="3632700828"/>
    <nd ref="3632700829"/>
    <tag k="aeroway" v="taxiway"/>
  </way>
  <way id="358332847">
    <nd ref="3632700830"/>
    <nd ref="3632700831"/>
    <nd ref="3632700832"/>
    <nd ref="3632700833"/>
    <nd ref="3632700834"/>
    <nd ref="3632700835"/>
    <nd ref="3632700836"/>
    <nd ref="3632700837"/>
    <nd ref="3632700838"/>
    <nd ref="3632700839"/>
    <nd ref="3632700840"/>
    <nd ref="3632700841"/>
    <nd ref="3632700842"/>
    <nd ref="3632700843"/>
    <nd ref="3632700844"/>
    <nd ref="3632700845"/>
    <nd ref="3632700846"/>
    <tag k="aeroway" v="taxiway"/>
  </way>
  <way id="358332848">
    <nd ref="3632700847"/>
    <nd ref="3632700848"/>
    <nd ref="3632700849"/>
    <nd ref="3632700854"/>
    <nd ref="3632700850"/>
    <nd ref="3632700851"/>
    <nd ref="3632700852"/>
    <nd ref="3632700853"/>
    <nd ref="2367268035"/>
    <tag k="aeroway" v="taxiway"/>
  </way>
  <way id="358341507">
    <nd ref="214111911"/>
    <nd ref="12569497278"/>
    <nd ref="3632765471"/>
    <nd ref="3632765472"/>
    <nd ref="3632765473"/>
    <nd ref="3632765474"/>
    <nd ref="3632765475"/>
    <nd ref="3632765476"/>
    <tag k="aeroway" v="taxiway"/>
  </way>
  <way id="358341508">
    <nd ref="214111911"/>
    <nd ref="3632765477"/>
    <nd ref="3632765478"/>
    <nd ref="3632765479"/>
    <nd ref="3632765480"/>
    <nd ref="3632765481"/>
    <nd ref="3632765482"/>
    <nd ref="3632765483"/>
    <nd ref="3632765484"/>
    <nd ref="3632765485"/>
    <nd ref="3632765486"/>
    <nd ref="3632765487"/>
    <nd ref="3632765488"/>
    <nd ref="3632765489"/>
    <nd ref="3632765490"/>
    <nd ref="3632765491"/>
    <nd ref="3632765492"/>
    <tag k="aeroway" v="taxiway"/>
  </way>
  <way id="358341509">
    <nd ref="3632766893"/>
    <nd ref="3632766894"/>
    <nd ref="3632766895"/>
    <nd ref="3632766896"/>
    <nd ref="3632766897"/>
    <nd ref="3632766898"/>
    <nd ref="3632766899"/>
    <nd ref="3632766900"/>
    <nd ref="3632766901"/>
    <nd ref="3632766902"/>
    <nd ref="3632766903"/>
    <nd ref="3632766904"/>
    <nd ref="3632766905"/>
    <tag k="aeroway" v="taxiway"/>
  </way>
  <way id="358341510">
    <nd ref="3632766905"/>
    <nd ref="3632766906"/>
    <nd ref="3632766907"/>
    <nd ref="3632766908"/>
    <nd ref="3632766909"/>
    <nd ref="3632766910"/>
    <nd ref="3632766911"/>
    <nd ref="3632766912"/>
    <nd ref="3632766913"/>
    <nd ref="3632766914"/>
    <nd ref="3632766915"/>
    <nd ref="3632766916"/>
    <nd ref="3632766917"/>
    <nd ref="3632766918"/>
    <nd ref="3632766919"/>
    <nd ref="3632766920"/>
    <nd ref="3632766921"/>
    <tag k="aeroway" v="taxiway"/>
  </way>
  <way id="358341511">
    <nd ref="3632766923"/>
    <nd ref="3632766924"/>
    <nd ref="3632766925"/>
    <nd ref="3632766926"/>
    <nd ref="3632766927"/>
    <nd ref="3632766928"/>
    <nd ref="3632766929"/>
    <nd ref="3632766930"/>
    <nd ref="3632766931"/>
    <nd ref="3632766932"/>
    <tag k="aeroway" v="taxiway"/>
  </way>
  <way id="358341512">
    <nd ref="3632766933"/>
    <nd ref="3632766934"/>
    <nd ref="3632766935"/>
    <nd ref="3632766936"/>
    <nd ref="3632766937"/>
    <nd ref="3632766938"/>
    <nd ref="3632766939"/>
    <nd ref="3632766940"/>
    <nd ref="3632766941"/>
    <nd ref="3632766942"/>
    <nd ref="3632766943"/>
    <nd ref="3632766944"/>
    <nd ref="3632766945"/>
    <tag k="aeroway" v="taxiway"/>
  </way>
  <way id="358341514">
    <nd ref="3632766933"/>
    <nd ref="3632766946"/>
    <nd ref="3632766947"/>
    <nd ref="3632766948"/>
    <nd ref="3632766949"/>
    <nd ref="3632766950"/>
    <nd ref="3632766951"/>
    <nd ref="3632766952"/>
    <nd ref="3632766953"/>
    <nd ref="3632766954"/>
    <nd ref="3632766955"/>
    <nd ref="3632766956"/>
    <tag k="aeroway" v="taxiway"/>
  </way>
  <way id="358341515">
    <nd ref="3632766957"/>
    <nd ref="4775194347"/>
    <nd ref="4775194330"/>
    <nd ref="12569483649"/>
    <nd ref="4775194345"/>
    <nd ref="4775194328"/>
    <nd ref="4775194346"/>
    <nd ref="4775194329"/>
    <nd ref="4775194348"/>
    <nd ref="3632766966"/>
    <tag k="aeroway" v="taxiway"/>
  </way>
  <way id="358341516">
    <nd ref="3632766957"/>
    <nd ref="4775194342"/>
    <nd ref="4775194327"/>
    <nd ref="4775194341"/>
    <nd ref="4775194325"/>
    <nd ref="4775194343"/>
    <nd ref="4775194326"/>
    <nd ref="4775194344"/>
    <nd ref="3632766975"/>
    <tag k="aeroway" v="taxiway"/>
  </way>
  <way id="358341518">
    <nd ref="4775194340"/>
    <nd ref="4775194335"/>
    <nd ref="4775194339"/>
    <nd ref="4775194334"/>
    <nd ref="12569483648"/>
    <nd ref="4775194338"/>
    <nd ref="4775194336"/>
    <nd ref="12569483647"/>
    <nd ref="4775194337"/>
    <tag k="aeroway" v="taxiway"/>
  </way>
  <way id="358341520">
    <nd ref="3632766985"/>
    <nd ref="3632766986"/>
    <nd ref="3632766987"/>
    <nd ref="3632766988"/>
    <nd ref="3632766989"/>
    <nd ref="3632766990"/>
    <nd ref="3632766991"/>
    <nd ref="3632766992"/>
    <nd ref="3632766993"/>
    <nd ref="3632766994"/>
    <nd ref="3632766995"/>
    <nd ref="3632766996"/>
    <nd ref="3632766997"/>
    <nd ref="3632766998"/>
    <tag k="aeroway" v="taxiway"/>
  </way>
  <way id="358341523">
    <nd ref="3632766999"/>
    <nd ref="3632767000"/>
    <nd ref="3632767001"/>
    <nd ref="3632767002"/>
    <nd ref="3632767003"/>
    <nd ref="3632767004"/>
    <nd ref="3632767005"/>
    <nd ref="3632767006"/>
    <nd ref="3632767007"/>
    <nd ref="3632767008"/>
    <tag k="aeroway" v="taxiway"/>
  </way>
  <way id="358341525">
    <nd ref="3632767009"/>
    <nd ref="3632767010"/>
    <nd ref="3632767011"/>
    <nd ref="3632767012"/>
    <nd ref="3632767013"/>
    <nd ref="3632767014"/>
    <nd ref="3632767015"/>
    <nd ref="3632767016"/>
    <nd ref="3632767017"/>
    <nd ref="3632767018"/>
    <tag k="aeroway" v="taxiway"/>
  </way>
  <way id="358341526">
    <nd ref="3632767009"/>
    <nd ref="3632767019"/>
    <nd ref="3632767020"/>
    <nd ref="3632767021"/>
    <nd ref="3632767022"/>
    <nd ref="3632767023"/>
    <nd ref="3632767024"/>
    <nd ref="3632767025"/>
    <nd ref="3632767026"/>
    <tag k="aeroway" v="taxiway"/>
  </way>
  <way id="358341527">
    <nd ref="3632767027"/>
    <nd ref="3632767028"/>
    <nd ref="3632767029"/>
    <nd ref="3632767030"/>
    <nd ref="3632767031"/>
    <nd ref="12569497293"/>
    <nd ref="3632767032"/>
    <nd ref="3632767033"/>
    <nd ref="3632767034"/>
    <nd ref="3632767035"/>
    <tag k="aeroway" v="taxiway"/>
  </way>
  <way id="358341528">
    <nd ref="3632767036"/>
    <nd ref="3632767037"/>
    <nd ref="3632767038"/>
    <nd ref="3632767039"/>
    <nd ref="3632767040"/>
    <nd ref="3632767041"/>
    <nd ref="3632767042"/>
    <nd ref="3632767043"/>
    <nd ref="3632767044"/>
    <nd ref="3632767045"/>
    <tag k="aeroway" v="taxiway"/>
  </way>
  <way id="358341529">
    <nd ref="3632767046"/>
    <nd ref="3632767047"/>
    <nd ref="3632767048"/>
    <nd ref="3632767049"/>
    <nd ref="3632767050"/>
    <nd ref="12569497286"/>
    <nd ref="3632767051"/>
    <nd ref="3632767052"/>
    <tag k="aeroway" v="taxiway"/>
  </way>
  <way id="358341530">
    <nd ref="3632767053"/>
    <nd ref="3632767054"/>
    <nd ref="3632767055"/>
    <nd ref="3632767056"/>
    <nd ref="3632767057"/>
    <nd ref="3632767058"/>
    <nd ref="3632767059"/>
    <nd ref="3632767060"/>
    <nd ref="3632767061"/>
    <nd ref="3632767062"/>
    <nd ref="3632767063"/>
    <nd ref="3632767064"/>
    <nd ref="3632767065"/>
    <tag k="aeroway" v="taxiway"/>
  </way>
  <way id="358341531">
    <nd ref="3632767066"/>
    <nd ref="3632767067"/>
    <nd ref="3632767068"/>
    <nd ref="3632767069"/>
    <nd ref="3632767070"/>
    <nd ref="3632767071"/>
    <nd ref="3632767072"/>
    <nd ref="3632767073"/>
    <nd ref="1380644025"/>
    <tag k="aeroway" v="taxiway"/>
  </way>
  <way id="358341532">
    <nd ref="3632767074"/>
    <nd ref="12569497280"/>
    <nd ref="3632767075"/>
    <nd ref="3632767076"/>
    <nd ref="12569497281"/>
    <nd ref="3632767077"/>
    <nd ref="12569497282"/>
    <nd ref="3632767078"/>
    <nd ref="12569497283"/>
    <nd ref="3632767079"/>
    <nd ref="3632767080"/>
    <nd ref="3632767081"/>
    <nd ref="12569497284"/>
    <nd ref="3632767082"/>
    <nd ref="3632767083"/>
    <tag k="aeroway" v="taxiway"/>
  </way>
  <way id="361423065">
    <nd ref="3658979915"/>
    <nd ref="4988220958"/>
    <nd ref="4988220956"/>
    <nd ref="4988220957"/>
    <nd ref="4988220954"/>
    <nd ref="4988220959"/>
    <nd ref="4988220955"/>
    <nd ref="4988220960"/>
    <nd ref="3658979920"/>
    <nd ref="3658979921"/>
    <tag k="aeroway" v="taxiway"/>
  </way>
  <way id="361423066">
    <nd ref="3658979923"/>
    <nd ref="4988220964"/>
    <nd ref="4988220962"/>
    <nd ref="4988220965"/>
    <nd ref="4988220961"/>
    <nd ref="4988220966"/>
    <nd ref="4988220963"/>
    <nd ref="4988220967"/>
    <nd ref="3658983929"/>
    <nd ref="4988211796"/>
    <tag k="aeroway" v="taxiway"/>
  </way>
  <way id="361423067">
    <nd ref="3658983931"/>
    <nd ref="4988220973"/>
    <nd ref="4988220969"/>
    <nd ref="4988220972"/>
    <nd ref="4988220968"/>
    <nd ref="4988220971"/>
    <nd ref="4988220970"/>
    <nd ref="4988220974"/>
    <nd ref="3658983937"/>
    <nd ref="4988211797"/>
    <tag k="aeroway" v="taxiway"/>
  </way>
  <way id="361423068">
    <nd ref="3658983939"/>
    <nd ref="4988220981"/>
    <nd ref="4988220976"/>
    <nd ref="4988220980"/>
    <nd ref="4988220975"/>
    <nd ref="4988220979"/>
    <nd ref="4988220977"/>
    <nd ref="4988220978"/>
    <nd ref="4988220953"/>
    <nd ref="4988220952"/>
    <tag k="aeroway" v="taxiway"/>
  </way>
  <way id="367805466">
    <nd ref="4985391297"/>
    <nd ref="4897483392"/>
    <tag k="aeroway" v="taxiway"/>
  </way>
  <way id="367805467">
    <nd ref="4985391298"/>
    <nd ref="4897483391"/>
    <tag k="aeroway" v="taxiway"/>
  </way>
  <way id="367805468">
    <nd ref="4985391299"/>
    <nd ref="4897483390"/>
    <tag k="aeroway" v="taxiway"/>
  </way>
  <way id="367805469">
    <nd ref="4985391300"/>
    <nd ref="4897483389"/>
    <tag k="aeroway" v="taxiway"/>
  </way>
  <way id="367805470">
    <nd ref="4985391301"/>
    <nd ref="4897483388"/>
    <tag k="aeroway" v="taxiway"/>
  </way>
  <way id="367805472">
    <nd ref="4898021405"/>
    <nd ref="4897483387"/>
    <tag k="aeroway" v="taxiway"/>
  </way>
  <way id="367805473">
    <nd ref="4898021406"/>
    <nd ref="4897483386"/>
    <tag k="aeroway" v="taxiway"/>
  </way>
  <way id="367933504">
    <nd ref="2367215640"/>
    <nd ref="2234359304"/>
    <nd ref="8960459678"/>
    <nd ref="4955030097"/>
    <nd ref="2367215633"/>
    <nd ref="12569734247"/>
    <nd ref="8960459661"/>
    <nd ref="2367215641"/>
    <nd ref="8960459660"/>
    <nd ref="8960459659"/>
    <nd ref="556715566"/>
    <tag k="aeroway" v="taxiway"/>
    <tag k="colour" v="orange"/>
    <tag k="ref" v="D6"/>
  </way>
  <way id="367955486">
    <nd ref="3718207829"/>
    <nd ref="4795535560"/>
    <tag k="aeroway" v="taxiway"/>
    <tag k="description" v="Einrolllinie für Parkposition 905"/>
  </way>
  <way id="367955487">
    <nd ref="3718207831"/>
    <nd ref="4795535561"/>
    <tag k="aeroway" v="taxiway"/>
    <tag k="description" v="Einrolllinie für Parkposition 904"/>
  </way>
  <way id="367955490">
    <nd ref="3718207836"/>
    <nd ref="4795535564"/>
    <tag k="aeroway" v="taxiway"/>
    <tag k="description" v="Einrolllinie für Parkposition 901"/>
  </way>
  <way id="368080874">
    <nd ref="3719424343"/>
    <nd ref="3719424344"/>
    <tag k="aeroway" v="taxiway"/>
  </way>
  <way id="368137314">
    <nd ref="3719941601"/>
    <nd ref="3719941602"/>
    <nd ref="3719941603"/>
    <nd ref="3719941604"/>
    <nd ref="3719941605"/>
    <nd ref="3719941606"/>
    <nd ref="3719941607"/>
    <tag k="aeroway" v="taxiway"/>
  </way>
  <way id="368137315">
    <nd ref="3719941608"/>
    <nd ref="3719941609"/>
    <nd ref="3719941610"/>
    <nd ref="3719941611"/>
    <nd ref="3719941612"/>
    <nd ref="3719941613"/>
    <nd ref="3719941614"/>
    <nd ref="3719941615"/>
    <nd ref="3719941616"/>
    <tag k="aeroway" v="taxiway"/>
  </way>
  <way id="368137316">
    <nd ref="213949938"/>
    <nd ref="3719941617"/>
    <nd ref="3719941618"/>
    <nd ref="3719941619"/>
    <nd ref="3719941620"/>
    <nd ref="3719941621"/>
    <nd ref="3719941622"/>
    <nd ref="3719941623"/>
    <nd ref="3719941624"/>
    <nd ref="3719942825"/>
    <tag k="aeroway" v="taxiway"/>
  </way>
  <way id="368137317">
    <nd ref="3719942826"/>
    <nd ref="3719942827"/>
    <nd ref="3719942828"/>
    <nd ref="3719942829"/>
    <nd ref="3719942830"/>
    <nd ref="3719942831"/>
    <nd ref="3719942832"/>
    <nd ref="3719942833"/>
    <nd ref="3719942834"/>
    <tag k="aeroway" v="taxiway"/>
  </way>
  <way id="368137318">
    <nd ref="9489440"/>
    <nd ref="3719942835"/>
    <nd ref="3719942836"/>
    <nd ref="3719942837"/>
    <nd ref="3719942838"/>
    <nd ref="3719942839"/>
    <nd ref="3719942840"/>
    <nd ref="3719942841"/>
    <nd ref="3719942842"/>
    <tag k="aeroway" v="taxiway"/>
  </way>
  <way id="368137319">
    <nd ref="18283986"/>
    <nd ref="3719942843"/>
    <nd ref="3719942844"/>
    <nd ref="3719942845"/>
    <nd ref="3719942846"/>
    <nd ref="3719942847"/>
    <nd ref="3719942848"/>
    <nd ref="3719942849"/>
    <tag k="aeroway" v="taxiway"/>
  </way>
  <way id="368137320">
    <nd ref="3719942853"/>
    <nd ref="3719942854"/>
    <nd ref="3719942855"/>
    <nd ref="3719942856"/>
    <nd ref="3719942857"/>
    <nd ref="3719942858"/>
    <nd ref="3719942859"/>
    <nd ref="3719942860"/>
    <nd ref="3719942861"/>
    <nd ref="3719942862"/>
    <tag k="aeroway" v="taxiway"/>
  </way>
  <way id="368137321">
    <nd ref="3719942863"/>
    <nd ref="3719942864"/>
    <nd ref="3719942865"/>
    <nd ref="3719942866"/>
    <nd ref="3719942867"/>
    <nd ref="3719942868"/>
    <nd ref="3719942869"/>
    <nd ref="3719942870"/>
    <tag k="aeroway" v="taxiway"/>
  </way>
  <way id="368137322">
    <nd ref="3719942870"/>
    <nd ref="3719942871"/>
    <nd ref="3719942872"/>
    <nd ref="3719942873"/>
    <nd ref="3719942874"/>
    <nd ref="3719942875"/>
    <nd ref="3719942876"/>
    <nd ref="3719942877"/>
    <nd ref="3719942878"/>
    <nd ref="3719942879"/>
    <tag k="aeroway" v="taxiway"/>
  </way>
  <way id="368137323">
    <nd ref="3719942880"/>
    <nd ref="3719942881"/>
    <nd ref="3719942882"/>
    <nd ref="3719942883"/>
    <nd ref="3719942884"/>
    <nd ref="3719942885"/>
    <nd ref="3719942886"/>
    <nd ref="3719942887"/>
    <nd ref="3719942888"/>
    <nd ref="3719942889"/>
    <tag k="aeroway" v="taxiway"/>
  </way>
  <way id="368137324">
    <nd ref="246265143"/>
    <nd ref="3719942890"/>
    <nd ref="3719942891"/>
    <nd ref="3719942892"/>
    <nd ref="3719942893"/>
    <nd ref="3719942894"/>
    <nd ref="3719942895"/>
    <nd ref="3719942896"/>
    <nd ref="3719942897"/>
    <nd ref="3719942898"/>
    <nd ref="12569734293"/>
    <nd ref="3719942899"/>
    <nd ref="3719942900"/>
    <nd ref="3719942901"/>
    <nd ref="3719942902"/>
    <tag k="aeroway" v="taxiway"/>
  </way>
  <way id="368137325">
    <nd ref="246265143"/>
    <nd ref="3719942903"/>
    <nd ref="12569734296"/>
    <nd ref="3719942904"/>
    <nd ref="3719942905"/>
    <nd ref="3719942906"/>
    <nd ref="3719942907"/>
    <nd ref="3719942908"/>
    <nd ref="3719942909"/>
    <nd ref="3719942910"/>
    <nd ref="3719942911"/>
    <tag k="aeroway" v="taxiway"/>
  </way>
  <way id="368137326">
    <nd ref="3719942912"/>
    <nd ref="3719942913"/>
    <nd ref="3719942914"/>
    <nd ref="3719942915"/>
    <nd ref="3719942916"/>
    <nd ref="3719942917"/>
    <nd ref="3719942918"/>
    <nd ref="3719942919"/>
    <nd ref="3719942920"/>
    <nd ref="3719942921"/>
    <nd ref="3719942922"/>
    <nd ref="3719942923"/>
    <nd ref="3719942924"/>
    <tag k="aeroway" v="taxiway"/>
  </way>
  <way id="368137327">
    <nd ref="9489448"/>
    <nd ref="3719942925"/>
    <nd ref="3719942926"/>
    <nd ref="3719942927"/>
    <nd ref="3719942928"/>
    <nd ref="3719942929"/>
    <nd ref="3719942930"/>
    <nd ref="3719942931"/>
    <nd ref="3719942932"/>
    <nd ref="12569734282"/>
    <nd ref="3719942933"/>
    <nd ref="3719942934"/>
    <nd ref="3719942935"/>
    <tag k="aeroway" v="taxiway"/>
  </way>
  <way id="368137328">
    <nd ref="9489448"/>
    <nd ref="12569734279"/>
    <nd ref="3719942936"/>
    <nd ref="3719942937"/>
    <nd ref="3719942938"/>
    <nd ref="3719942939"/>
    <nd ref="3719942940"/>
    <nd ref="3719942941"/>
    <nd ref="3719942942"/>
    <tag k="aeroway" v="taxiway"/>
  </way>
  <way id="368137329">
    <nd ref="246265142"/>
    <nd ref="3719942943"/>
    <nd ref="3719942944"/>
    <nd ref="3719942945"/>
    <nd ref="3719942946"/>
    <nd ref="3719942947"/>
    <nd ref="3719942948"/>
    <nd ref="3719942949"/>
    <nd ref="3719942950"/>
    <nd ref="3719942951"/>
    <nd ref="3719942952"/>
    <nd ref="12569734274"/>
    <nd ref="3719942953"/>
    <nd ref="3719942954"/>
    <nd ref="3719942955"/>
    <tag k="aeroway" v="taxiway"/>
  </way>
  <way id="368137330">
    <nd ref="246265142"/>
    <nd ref="3719942959"/>
    <nd ref="3719942960"/>
    <nd ref="3719942961"/>
    <nd ref="3719942962"/>
    <nd ref="3719942963"/>
    <nd ref="3719942964"/>
    <tag k="aeroway" v="taxiway"/>
  </way>
  <way id="368137331">
    <nd ref="3719942965"/>
    <nd ref="3719942966"/>
    <nd ref="3719942967"/>
    <nd ref="3719942968"/>
    <nd ref="3719942969"/>
    <nd ref="3719942970"/>
    <nd ref="3719942971"/>
    <nd ref="3719942972"/>
    <nd ref="3719942973"/>
    <nd ref="3719942974"/>
    <nd ref="3719942975"/>
    <tag k="aeroway" v="taxiway"/>
  </way>
  <way id="368137332">
    <nd ref="3719942965"/>
    <nd ref="3719942976"/>
    <nd ref="3719942977"/>
    <nd ref="3719942978"/>
    <nd ref="3719942979"/>
    <nd ref="3719942980"/>
    <nd ref="3719942981"/>
    <nd ref="3719942982"/>
    <nd ref="3719942983"/>
    <nd ref="3719942984"/>
    <nd ref="3719942985"/>
    <tag k="aeroway" v="taxiway"/>
  </way>
  <way id="368137333">
    <nd ref="3719943015"/>
    <nd ref="3719943016"/>
    <nd ref="3719943017"/>
    <nd ref="3719943018"/>
    <nd ref="3719943019"/>
    <nd ref="3719943020"/>
    <nd ref="3719943021"/>
    <nd ref="3719943022"/>
    <nd ref="3719943023"/>
    <nd ref="3719943024"/>
    <tag k="aeroway" v="taxiway"/>
  </way>
  <way id="368137334">
    <nd ref="3719943025"/>
    <nd ref="3719943026"/>
    <nd ref="3719943027"/>
    <nd ref="3719943028"/>
    <nd ref="3719943029"/>
    <nd ref="3719943030"/>
    <nd ref="3719943031"/>
    <nd ref="3719943032"/>
    <nd ref="3719943033"/>
    <nd ref="3719943034"/>
    <nd ref="3719943035"/>
    <tag k="aeroway" v="taxiway"/>
  </way>
  <way id="368137335">
    <nd ref="3719943035"/>
    <nd ref="3719943036"/>
    <nd ref="3719943037"/>
    <nd ref="3719943038"/>
    <nd ref="3719943039"/>
    <nd ref="3719943040"/>
    <nd ref="3719943041"/>
    <nd ref="3719943042"/>
    <nd ref="3719943043"/>
    <nd ref="3719943044"/>
    <nd ref="3719943045"/>
    <nd ref="3719943046"/>
    <tag k="aeroway" v="taxiway"/>
  </way>
  <way id="368137336">
    <nd ref="3719943046"/>
    <nd ref="3719943047"/>
    <nd ref="3719943048"/>
    <nd ref="3719943049"/>
    <nd ref="3719943050"/>
    <nd ref="3719943051"/>
    <nd ref="3719943052"/>
    <nd ref="3719943053"/>
    <nd ref="3719943054"/>
    <nd ref="3719943055"/>
    <nd ref="3719943056"/>
    <nd ref="3719943057"/>
    <nd ref="3719943058"/>
    <tag k="aeroway" v="taxiway"/>
  </way>
  <way id="368137337">
    <nd ref="3719943059"/>
    <nd ref="3719943060"/>
    <nd ref="3719943061"/>
    <nd ref="3719943062"/>
    <nd ref="3719943063"/>
    <nd ref="3719943064"/>
    <nd ref="3719943065"/>
    <nd ref="3719943066"/>
    <nd ref="3719943067"/>
    <nd ref="3719943068"/>
    <nd ref="3719943069"/>
    <tag k="aeroway" v="taxiway"/>
  </way>
  <way id="368137338">
    <nd ref="3719943070"/>
    <nd ref="3719943071"/>
    <nd ref="3719943072"/>
    <nd ref="3719943073"/>
    <nd ref="3719943074"/>
    <nd ref="3719943075"/>
    <nd ref="3719943076"/>
    <nd ref="3719943077"/>
    <nd ref="3719943078"/>
    <nd ref="3719943079"/>
    <nd ref="3719943080"/>
    <tag k="aeroway" v="taxiway"/>
  </way>
  <way id="368137339">
    <nd ref="3719943081"/>
    <nd ref="3719943082"/>
    <nd ref="3719943083"/>
    <nd ref="3719943084"/>
    <nd ref="3719943085"/>
    <nd ref="3719943086"/>
    <nd ref="3719943087"/>
    <nd ref="3719943088"/>
    <nd ref="3719943089"/>
    <nd ref="3719943090"/>
    <tag k="aeroway" v="taxiway"/>
  </way>
  <way id="368137340">
    <nd ref="3719943069"/>
    <nd ref="3719943091"/>
    <nd ref="3719943092"/>
    <nd ref="3719943093"/>
    <nd ref="3719943094"/>
    <nd ref="3719943095"/>
    <nd ref="3719943096"/>
    <nd ref="3719943097"/>
    <nd ref="3719943098"/>
    <nd ref="3719943099"/>
    <nd ref="3719943090"/>
    <tag k="aeroway" v="taxiway"/>
  </way>
  <way id="482785854">
    <nd ref="4795526232"/>
    <nd ref="4795535563"/>
    <tag k="aeroway" v="taxiway"/>
    <tag k="description" v="Einrolllinie für Parkposition 902"/>
  </way>
  <way id="482785855">
    <nd ref="4795526231"/>
    <nd ref="4795535562"/>
    <tag k="aeroway" v="taxiway"/>
    <tag k="description" v="Einrolllinie für Parkposition 903"/>
  </way>
  <way id="482785858">
    <nd ref="3718207827"/>
    <nd ref="4795535559"/>
    <tag k="aeroway" v="taxiway"/>
    <tag k="description" v="Einrolllinie für Parkposition 906"/>
  </way>
  <way id="482785859">
    <nd ref="3718207825"/>
    <nd ref="4795535558"/>
    <tag k="aeroway" v="taxiway"/>
    <tag k="description" v="Einrolllinie für Parkposition 907"/>
  </way>
  <way id="482786803">
    <nd ref="3632648973"/>
    <nd ref="4881727900"/>
    <nd ref="4795526248"/>
    <tag k="aeroway" v="taxiway"/>
    <tag k="description" v="Einrolllinie für Parkposition 161"/>
  </way>
  <way id="482786805">
    <nd ref="3632648977"/>
    <nd ref="4881727902"/>
    <nd ref="4795526250"/>
    <tag k="aeroway" v="taxiway"/>
    <tag k="description" v="Einrolllinie für Parkposition 163"/>
  </way>
  <way id="482786808">
    <nd ref="3632654926"/>
    <nd ref="4881727891"/>
    <nd ref="4795526281"/>
    <tag k="aeroway" v="taxiway"/>
    <tag k="description" v="Einrolllinie für Parkposition 196"/>
  </way>
  <way id="482786809">
    <nd ref="3632654924"/>
    <nd ref="4881727892"/>
    <nd ref="4795526280"/>
    <tag k="aeroway" v="taxiway"/>
    <tag k="description" v="Einrolllinie für Parkposition 195"/>
  </way>
  <way id="482786810">
    <nd ref="3632654922"/>
    <nd ref="4881727890"/>
    <nd ref="4795526279"/>
    <tag k="aeroway" v="taxiway"/>
    <tag k="description" v="Einrolllinie für Parkposition 194"/>
  </way>
  <way id="482786811">
    <nd ref="3632654920"/>
    <nd ref="4881727889"/>
    <nd ref="4795526278"/>
    <tag k="aeroway" v="taxiway"/>
    <tag k="description" v="Einrolllinie für Parkposition 193"/>
  </way>
  <way id="482786812">
    <nd ref="3632654918"/>
    <nd ref="4881727888"/>
    <nd ref="4795526277"/>
    <tag k="aeroway" v="taxiway"/>
    <tag k="description" v="Einrolllinie für Parkposition 192"/>
  </way>
  <way id="482786813">
    <nd ref="3632654916"/>
    <nd ref="4881727887"/>
    <nd ref="4795526276"/>
    <tag k="aeroway" v="taxiway"/>
    <tag k="description" v="Einrolllinie für Parkposition 191"/>
  </way>
  <way id="482786814">
    <nd ref="3632654914"/>
    <nd ref="4881727886"/>
    <nd ref="4795526275"/>
    <tag k="aeroway" v="taxiway"/>
    <tag k="description" v="Einrolllinie für Parkposition 189"/>
  </way>
  <way id="482786816">
    <nd ref="3632654910"/>
    <nd ref="4881727884"/>
    <nd ref="4795526271"/>
    <tag k="aeroway" v="taxiway"/>
    <tag k="description" v="Einrolllinie für Parkposition 187"/>
  </way>
  <way id="482786817">
    <nd ref="3632648969"/>
    <nd ref="4881727883"/>
    <nd ref="4795526270"/>
    <tag k="aeroway" v="taxiway"/>
    <tag k="description" v="Einrolllinie für Parkposition 186"/>
  </way>
  <way id="482786820">
    <nd ref="3632654905"/>
    <nd ref="4881727880"/>
    <nd ref="4795526267"/>
    <tag k="aeroway" v="taxiway"/>
    <tag k="description" v="Einrolllinie für Parkposition 183"/>
  </way>
  <way id="482871324">
    <nd ref="4756690840"/>
    <nd ref="4881727905"/>
    <nd ref="4756690823"/>
    <nd ref="4881727906"/>
    <nd ref="4801827857"/>
    <tag k="aeroway" v="taxiway"/>
  </way>
  <way id="482871325">
    <nd ref="1736766283"/>
    <nd ref="4881728330"/>
    <nd ref="4881727907"/>
    <nd ref="4801827856"/>
    <tag k="aeroway" v="taxiway"/>
  </way>
  <way id="482871326">
    <nd ref="3632648944"/>
    <nd ref="4881728337"/>
    <nd ref="4881727913"/>
    <nd ref="4801827858"/>
    <tag k="aeroway" v="taxiway"/>
  </way>
  <way id="482871328">
    <nd ref="3632648940"/>
    <nd ref="4881728335"/>
    <nd ref="4881727911"/>
    <nd ref="4801827860"/>
    <tag k="aeroway" v="taxiway"/>
  </way>
  <way id="482871329">
    <nd ref="3632648938"/>
    <nd ref="4881728334"/>
    <nd ref="4881727910"/>
    <nd ref="4801827861"/>
    <tag k="aeroway" v="taxiway"/>
  </way>
  <way id="482871330">
    <nd ref="3632648936"/>
    <nd ref="4881728333"/>
    <nd ref="4881727909"/>
    <nd ref="4801827863"/>
    <tag k="aeroway" v="taxiway"/>
  </way>
  <way id="482871331">
    <nd ref="3632648934"/>
    <nd ref="4881728332"/>
    <nd ref="4881727908"/>
    <nd ref="4801827862"/>
    <tag k="aeroway" v="taxiway"/>
  </way>
  <way id="482871332">
    <nd ref="3632648932"/>
    <nd ref="4881728338"/>
    <nd ref="4881727914"/>
    <nd ref="4801827876"/>
    <tag k="aeroway" v="taxiway"/>
  </way>
  <way id="482871334">
    <nd ref="3632648928"/>
    <nd ref="4881728340"/>
    <nd ref="4881727916"/>
    <nd ref="4801827874"/>
    <tag k="aeroway" v="taxiway"/>
  </way>
  <way id="482871335">
    <nd ref="3632648926"/>
    <nd ref="4881728341"/>
    <nd ref="4881727917"/>
    <nd ref="4801827873"/>
    <tag k="aeroway" v="taxiway"/>
  </way>
  <way id="482871336">
    <nd ref="3632648924"/>
    <nd ref="4881728342"/>
    <nd ref="4881727918"/>
    <nd ref="4801827872"/>
    <tag k="aeroway" v="taxiway"/>
  </way>
  <way id="482871337">
    <nd ref="3632648922"/>
    <nd ref="4881728344"/>
    <nd ref="4881727920"/>
    <nd ref="4801827871"/>
    <tag k="aeroway" v="taxiway"/>
  </way>
  <way id="482871338">
    <nd ref="3632648920"/>
    <nd ref="4881728343"/>
    <nd ref="4881727919"/>
    <nd ref="4801827870"/>
    <tag k="aeroway" v="taxiway"/>
  </way>
  <way id="482876223">
    <nd ref="1736766268"/>
    <nd ref="4756690780"/>
    <nd ref="4756690782"/>
    <nd ref="4775620871"/>
    <nd ref="4756690785"/>
    <nd ref="4756690781"/>
    <nd ref="4775620869"/>
    <nd ref="4756690784"/>
    <nd ref="4756690783"/>
    <nd ref="4756690786"/>
    <nd ref="4756557781"/>
    <nd ref="4881727891"/>
    <nd ref="4756557782"/>
    <nd ref="4756557783"/>
    <nd ref="4756557784"/>
    <tag k="aeroway" v="taxiway"/>
  </way>
  <way id="482876224">
    <nd ref="4756557781"/>
    <nd ref="4756557785"/>
    <nd ref="4756557786"/>
    <tag k="aeroway" v="taxiway"/>
  </way>
  <way id="482876225">
    <nd ref="1736747592"/>
    <nd ref="4775620871"/>
    <nd ref="4775620870"/>
    <nd ref="4756557787"/>
    <nd ref="4756557788"/>
    <nd ref="4756557789"/>
    <nd ref="4756557790"/>
    <tag k="aeroway" v="taxiway"/>
  </way>
  <way id="482876226">
    <nd ref="4756557791"/>
    <nd ref="4756690821"/>
    <nd ref="4756690820"/>
    <nd ref="4756690822"/>
    <nd ref="4756690816"/>
    <nd ref="4756690819"/>
    <nd ref="4756690817"/>
    <nd ref="4756690818"/>
    <nd ref="4756557789"/>
    <tag k="aeroway" v="taxiway"/>
  </way>
  <way id="482877713">
    <nd ref="2232530853"/>
    <nd ref="4775621761"/>
    <nd ref="4756570151"/>
    <tag k="aeroway" v="taxiway"/>
  </way>
  <way id="482877714">
    <nd ref="4756570151"/>
    <nd ref="4756690748"/>
    <nd ref="4756690746"/>
    <nd ref="4775621765"/>
    <nd ref="4756690749"/>
    <nd ref="4756690745"/>
    <nd ref="4756690750"/>
    <nd ref="4756690747"/>
    <nd ref="4795526274"/>
    <nd ref="4756690751"/>
    <nd ref="4756570156"/>
    <tag k="aeroway" v="taxiway"/>
  </way>
  <way id="482877715">
    <nd ref="4756570160"/>
    <nd ref="4756690778"/>
    <nd ref="12569734244"/>
    <nd ref="4756690777"/>
    <nd ref="4756690779"/>
    <nd ref="4756690773"/>
    <nd ref="4756690776"/>
    <nd ref="4756690774"/>
    <nd ref="4756690775"/>
    <nd ref="4756570161"/>
    <tag k="aeroway" v="taxiway"/>
  </way>
  <way id="482877716">
    <nd ref="4756570160"/>
    <nd ref="4756690762"/>
    <nd ref="12569734245"/>
    <nd ref="4756690760"/>
    <nd ref="4756690761"/>
    <nd ref="4756690759"/>
    <nd ref="4756690764"/>
    <nd ref="4756690763"/>
    <nd ref="4756690765"/>
    <nd ref="4756570165"/>
    <tag k="aeroway" v="taxiway"/>
  </way>
  <way id="482890544">
    <nd ref="4756557798"/>
    <nd ref="12569734242"/>
    <nd ref="4795526234"/>
    <nd ref="4795526237"/>
    <nd ref="4795526259"/>
    <nd ref="4795526262"/>
    <nd ref="4756685758"/>
    <nd ref="4795526263"/>
    <nd ref="4795526266"/>
    <nd ref="4756685766"/>
    <nd ref="4881727880"/>
    <nd ref="4881727881"/>
    <nd ref="4881727882"/>
    <nd ref="4881727883"/>
    <nd ref="4881727884"/>
    <nd ref="4756570152"/>
    <nd ref="4881727885"/>
    <nd ref="4881727886"/>
    <nd ref="4756570156"/>
    <nd ref="4775620873"/>
    <nd ref="4881727887"/>
    <nd ref="4881727888"/>
    <nd ref="4881727889"/>
    <nd ref="4881727890"/>
    <nd ref="4881727892"/>
    <nd ref="4756557784"/>
    <tag k="aeroway" v="taxiway"/>
    <tag k="colour" v="blue"/>
    <tag k="ref" v="W1"/>
  </way>
  <way id="482890548">
    <nd ref="1736766284"/>
    <nd ref="3632648983"/>
    <nd ref="3632654893"/>
    <nd ref="4955113466"/>
    <nd ref="3632648985"/>
    <nd ref="3632654897"/>
    <nd ref="3632648987"/>
    <nd ref="3632648989"/>
    <nd ref="3632654899"/>
    <nd ref="2232530895"/>
    <nd ref="3632654901"/>
    <nd ref="4775621772"/>
    <nd ref="3632654903"/>
    <nd ref="2232530877"/>
    <nd ref="3632654905"/>
    <nd ref="3632648963"/>
    <nd ref="3632648965"/>
    <nd ref="3632648967"/>
    <nd ref="3632648969"/>
    <nd ref="3632648971"/>
    <nd ref="3632654910"/>
    <nd ref="2232530863"/>
    <nd ref="3632654912"/>
    <nd ref="4775621764"/>
    <nd ref="4775621765"/>
    <nd ref="9498578454"/>
    <nd ref="3632654914"/>
    <nd ref="2232530845"/>
    <nd ref="4775620874"/>
    <nd ref="3632648973"/>
    <nd ref="3632654916"/>
    <nd ref="3632654918"/>
    <nd ref="3632648975"/>
    <nd ref="3632654920"/>
    <nd ref="3632648977"/>
    <nd ref="9498578450"/>
    <nd ref="3632654922"/>
    <nd ref="3632648979"/>
    <nd ref="3632654924"/>
    <nd ref="9498578445"/>
    <nd ref="4955072797"/>
    <nd ref="12569483642"/>
    <nd ref="1736766281"/>
    <tag k="aeroway" v="taxiway"/>
    <tag k="ref" v="W1"/>
  </way>
  <way id="482890549">
    <nd ref="4756557799"/>
    <nd ref="12569734243"/>
    <nd ref="4795526235"/>
    <nd ref="4881727894"/>
    <nd ref="4881727893"/>
    <nd ref="4881727896"/>
    <nd ref="4756685774"/>
    <nd ref="4775621751"/>
    <nd ref="4775621752"/>
    <nd ref="4775621753"/>
    <nd ref="4756685777"/>
    <nd ref="4881727897"/>
    <nd ref="4881727898"/>
    <nd ref="4881727899"/>
    <nd ref="4756570161"/>
    <nd ref="4775621760"/>
    <nd ref="4775621761"/>
    <nd ref="4775621762"/>
    <nd ref="4756570165"/>
    <nd ref="4775620872"/>
    <nd ref="4881727900"/>
    <nd ref="4881727901"/>
    <nd ref="4881727902"/>
    <nd ref="9498578451"/>
    <nd ref="4881727903"/>
    <nd ref="4881727904"/>
    <nd ref="4756557790"/>
    <tag k="aeroway" v="taxiway"/>
    <tag k="colour" v="orange"/>
    <tag k="ref" v="W1"/>
  </way>
  <way id="482890550">
    <nd ref="4756557799"/>
    <nd ref="4775621745"/>
    <nd ref="4775621746"/>
    <nd ref="4756685800"/>
    <tag k="aeroway" v="taxiway"/>
  </way>
  <way id="482890551">
    <nd ref="4756685805"/>
    <nd ref="4756685811"/>
    <nd ref="4756685807"/>
    <nd ref="4756685810"/>
    <nd ref="4756685806"/>
    <nd ref="4756685809"/>
    <nd ref="4756685808"/>
    <nd ref="4756685812"/>
    <nd ref="4756557799"/>
    <tag k="aeroway" v="taxiway"/>
  </way>
  <way id="482890552">
    <nd ref="1736766292"/>
    <nd ref="4756685813"/>
    <nd ref="4756685816"/>
    <nd ref="4775621746"/>
    <nd ref="4756685815"/>
    <nd ref="4756685817"/>
    <nd ref="4775621744"/>
    <nd ref="4756685814"/>
    <nd ref="4756685820"/>
    <nd ref="4756685818"/>
    <nd ref="4756685819"/>
    <nd ref="4756557798"/>
    <tag k="aeroway" v="taxiway"/>
  </way>
  <way id="482890553">
    <nd ref="4756685818"/>
    <nd ref="4756690721"/>
    <nd ref="4756690722"/>
    <tag k="aeroway" v="taxiway"/>
  </way>
  <way id="482890554">
    <nd ref="1736766312"/>
    <nd ref="4756690733"/>
    <nd ref="4756690732"/>
    <nd ref="4756690734"/>
    <nd ref="4756690731"/>
    <nd ref="4756690736"/>
    <nd ref="4756690735"/>
    <nd ref="4756690737"/>
    <nd ref="4756685805"/>
    <tag k="aeroway" v="taxiway"/>
  </way>
  <way id="482890556">
    <nd ref="4756570151"/>
    <nd ref="4756690741"/>
    <nd ref="4756690740"/>
    <nd ref="4775621764"/>
    <nd ref="4756690742"/>
    <nd ref="4756690738"/>
    <nd ref="4756690743"/>
    <nd ref="4756690739"/>
    <nd ref="4756690744"/>
    <nd ref="4756570152"/>
    <tag k="aeroway" v="taxiway"/>
  </way>
  <way id="482890557">
    <nd ref="3632654912"/>
    <nd ref="4881727885"/>
    <nd ref="4795526272"/>
    <tag k="aeroway" v="taxiway"/>
    <tag k="description" v="Einrolllinie für Parkposition 188"/>
  </way>
  <way id="482890558">
    <nd ref="4756557791"/>
    <nd ref="4756690801"/>
    <nd ref="1736766275"/>
    <nd ref="1736766277"/>
    <tag k="aeroway" v="taxiway"/>
    <tag k="ref" v="C5"/>
  </way>
  <way id="482890559">
    <nd ref="1736766277"/>
    <nd ref="4756690826"/>
    <nd ref="4756690825"/>
    <nd ref="4756690827"/>
    <nd ref="4881727873"/>
    <nd ref="4801827840"/>
    <nd ref="3632648950"/>
    <nd ref="4756690824"/>
    <nd ref="4756690840"/>
    <nd ref="4756690830"/>
    <nd ref="4756690828"/>
    <nd ref="4756690829"/>
    <nd ref="2367268099"/>
    <tag k="aeroway" v="taxiway"/>
  </way>
  <way id="482890560">
    <nd ref="4756690831"/>
    <nd ref="4756690835"/>
    <nd ref="4756690834"/>
    <nd ref="4756690836"/>
    <nd ref="4756690833"/>
    <nd ref="4881727905"/>
    <nd ref="4775621742"/>
    <nd ref="4881727872"/>
    <nd ref="4756690832"/>
    <nd ref="1736766277"/>
    <tag k="aeroway" v="taxiway"/>
  </way>
  <way id="482890562">
    <nd ref="2232530853"/>
    <nd ref="4756690771"/>
    <nd ref="4756690770"/>
    <nd ref="4775621760"/>
    <nd ref="4756690772"/>
    <nd ref="4756690766"/>
    <nd ref="4756690769"/>
    <nd ref="4756690767"/>
    <nd ref="4756690768"/>
    <nd ref="2232530863"/>
    <tag k="aeroway" v="taxiway"/>
  </way>
  <way id="482890563">
    <nd ref="2232530862"/>
    <nd ref="4775620865"/>
    <nd ref="4756570160"/>
    <nd ref="2232530853"/>
    <tag k="aeroway" v="taxiway"/>
    <tag k="ref" v="C4"/>
  </way>
  <way id="482890569">
    <nd ref="1736766292"/>
    <nd ref="4756685803"/>
    <nd ref="4756685798"/>
    <nd ref="4756685802"/>
    <nd ref="4756685797"/>
    <nd ref="4756685801"/>
    <nd ref="4756685799"/>
    <nd ref="4756685800"/>
    <nd ref="1736766307"/>
    <tag k="aeroway" v="taxiway"/>
  </way>
  <way id="482891780">
    <nd ref="2232530862"/>
    <nd ref="4756702336"/>
    <nd ref="4756702334"/>
    <nd ref="4756702335"/>
    <nd ref="4756702330"/>
    <nd ref="4756702332"/>
    <nd ref="4756702331"/>
    <nd ref="4756702333"/>
    <nd ref="4756702329"/>
    <tag k="aeroway" v="taxiway"/>
  </way>
  <way id="482891781">
    <nd ref="4756702337"/>
    <nd ref="4756702340"/>
    <nd ref="4756702339"/>
    <nd ref="4756702341"/>
    <nd ref="4756702338"/>
    <nd ref="4756702344"/>
    <nd ref="4756702342"/>
    <nd ref="4756702343"/>
    <nd ref="2232530862"/>
    <tag k="aeroway" v="taxiway"/>
  </way>
  <way id="482891782">
    <nd ref="2232530862"/>
    <nd ref="4775620912"/>
    <nd ref="4756702345"/>
    <nd ref="4756702353"/>
    <nd ref="4775620915"/>
    <nd ref="4756702351"/>
    <nd ref="4756702352"/>
    <nd ref="4756702347"/>
    <nd ref="4756702349"/>
    <nd ref="4756702348"/>
    <nd ref="4756702350"/>
    <nd ref="4756702346"/>
    <tag k="aeroway" v="taxiway"/>
  </way>
  <way id="482891783">
    <nd ref="4756702354"/>
    <nd ref="4756702357"/>
    <nd ref="4756702356"/>
    <nd ref="4756702358"/>
    <nd ref="4756702355"/>
    <nd ref="4756702360"/>
    <nd ref="4756702359"/>
    <nd ref="4775620917"/>
    <nd ref="4756702361"/>
    <nd ref="4756702345"/>
    <tag k="aeroway" v="taxiway"/>
  </way>
  <way id="482891789">
    <nd ref="2367268099"/>
    <nd ref="1736766283"/>
    <nd ref="3632648944"/>
    <nd ref="3632648942"/>
    <nd ref="3632648940"/>
    <nd ref="3632648938"/>
    <nd ref="3632648936"/>
    <nd ref="3632648934"/>
    <nd ref="2232530851"/>
    <nd ref="4775620915"/>
    <nd ref="4775620917"/>
    <nd ref="3632648932"/>
    <nd ref="3632648930"/>
    <nd ref="3632648928"/>
    <nd ref="2232530867"/>
    <nd ref="4801827896"/>
    <nd ref="3632648926"/>
    <nd ref="3632648961"/>
    <nd ref="3632648924"/>
    <nd ref="3632648959"/>
    <nd ref="3632648922"/>
    <nd ref="3632648957"/>
    <nd ref="3632648920"/>
    <nd ref="3632648955"/>
    <tag k="aeroway" v="taxiway"/>
    <tag k="ref" v="E1"/>
  </way>
  <way id="482891790">
    <nd ref="4756690831"/>
    <nd ref="4881728330"/>
    <nd ref="4881728337"/>
    <nd ref="4881728336"/>
    <nd ref="4881728335"/>
    <nd ref="4881728334"/>
    <nd ref="4881728333"/>
    <nd ref="4881728332"/>
    <nd ref="4881728331"/>
    <nd ref="4756702346"/>
    <nd ref="4881728338"/>
    <nd ref="4881728339"/>
    <nd ref="4881728340"/>
    <nd ref="4756702354"/>
    <nd ref="4881728341"/>
    <nd ref="4881728342"/>
    <nd ref="4881728344"/>
    <nd ref="4881728343"/>
    <nd ref="4881728346"/>
    <tag k="aeroway" v="taxiway"/>
    <tag k="colour" v="orange"/>
    <tag k="ref" v="E1"/>
  </way>
  <way id="482891791">
    <nd ref="4756690841"/>
    <nd ref="4881728323"/>
    <nd ref="4756702329"/>
    <nd ref="4775620913"/>
    <nd ref="4775620912"/>
    <nd ref="4775620911"/>
    <nd ref="4756702337"/>
    <nd ref="4881728324"/>
    <nd ref="4881728325"/>
    <tag k="aeroway" v="taxiway"/>
    <tag k="colour" v="blue"/>
    <tag k="ref" v="E1"/>
  </way>
  <way id="484768494">
    <nd ref="1736766239"/>
    <nd ref="4775193956"/>
    <nd ref="1736766235"/>
    <nd ref="1736766233"/>
    <nd ref="1736747462"/>
    <tag k="aeroway" v="taxiway"/>
  </way>
  <way id="484768495">
    <nd ref="1646349855"/>
    <nd ref="1736766251"/>
    <nd ref="27690586"/>
    <tag k="aeroway" v="taxiway"/>
  </way>
  <way id="484768508">
    <nd ref="3632766966"/>
    <nd ref="4775194352"/>
    <nd ref="4775194332"/>
    <nd ref="4775194349"/>
    <nd ref="4775194331"/>
    <nd ref="4775194350"/>
    <nd ref="4775194333"/>
    <nd ref="4775194351"/>
    <nd ref="3632766982"/>
    <tag k="aeroway" v="taxiway"/>
  </way>
  <way id="486334133">
    <nd ref="4789654838"/>
    <nd ref="4802042094"/>
    <tag k="aeroway" v="taxiway"/>
    <tag k="ref" v="S7"/>
  </way>
  <way id="486334134">
    <nd ref="27309028"/>
    <nd ref="2368313741"/>
    <nd ref="3632700847"/>
    <nd ref="18284787"/>
    <tag k="aeroway" v="taxiway"/>
  </way>
  <way id="486590893">
    <nd ref="4791786476"/>
    <nd ref="1646349874"/>
    <nd ref="4802042097"/>
    <tag k="aeroway" v="taxiway"/>
    <tag k="ref" v="S8"/>
  </way>
  <way id="486838184">
    <nd ref="4793874347"/>
    <nd ref="4793874345"/>
    <tag k="aeroway" v="taxiway"/>
    <tag k="ref" v="S1"/>
  </way>
  <way id="486838185">
    <nd ref="1401190145"/>
    <nd ref="18284811"/>
    <nd ref="1401190151"/>
    <nd ref="2316493463"/>
    <nd ref="12569497262"/>
    <nd ref="12569497291"/>
    <nd ref="3632767027"/>
    <nd ref="3632767018"/>
    <nd ref="18284803"/>
    <nd ref="3632767036"/>
    <nd ref="3632767026"/>
    <nd ref="12569497290"/>
    <nd ref="12569497271"/>
    <nd ref="3632766956"/>
    <nd ref="18284802"/>
    <nd ref="3632766923"/>
    <nd ref="3632766945"/>
    <nd ref="12569497270"/>
    <nd ref="3632766922"/>
    <nd ref="3632766966"/>
    <nd ref="18284799"/>
    <nd ref="4775194340"/>
    <nd ref="3632766975"/>
    <nd ref="12569483652"/>
    <nd ref="3632700635"/>
    <nd ref="18284798"/>
    <nd ref="3632700616"/>
    <nd ref="12569483653"/>
    <nd ref="3632700705"/>
    <nd ref="18284797"/>
    <nd ref="3632700726"/>
    <nd ref="12569483657"/>
    <nd ref="12569483663"/>
    <nd ref="2368292769"/>
    <nd ref="2368292772"/>
    <nd ref="12569483667"/>
    <nd ref="1736747564"/>
    <nd ref="2367268035"/>
    <nd ref="18284787"/>
    <nd ref="2367268042"/>
    <nd ref="2367268043"/>
    <nd ref="2367268047"/>
    <nd ref="18284786"/>
    <nd ref="2367268057"/>
    <nd ref="12569483684"/>
    <nd ref="18284784"/>
    <nd ref="246265150"/>
    <nd ref="18284782"/>
    <nd ref="12569483683"/>
    <nd ref="18284781"/>
    <tag k="aeroway" v="taxiway"/>
    <tag k="ref" v="S"/>
    <tag k="source" v="Bing"/>
  </way>
  <way id="486838187">
    <nd ref="4793874362"/>
    <nd ref="1736766207"/>
    <nd ref="1401190145"/>
    <tag k="aeroway" v="taxiway"/>
    <tag k="ref" v="S"/>
    <tag k="source" v="Bing"/>
  </way>
  <way id="487029384">
    <nd ref="1646372272"/>
    <nd ref="3719424342"/>
    <tag k="aeroway" v="taxiway"/>
    <tag k="source" v="DOP_LVA_BY_01"/>
  </way>
  <way id="487029385">
    <nd ref="1646372279"/>
    <nd ref="3719424341"/>
    <tag k="aeroway" v="taxiway"/>
    <tag k="source" v="DOP_LVA_BY_01"/>
  </way>
  <way id="487029387">
    <nd ref="1646372285"/>
    <nd ref="3719424340"/>
    <tag k="aeroway" v="taxiway"/>
    <tag k="source" v="DOP_LVA_BY_01"/>
  </way>
  <way id="487030354">
    <nd ref="3718207839"/>
    <nd ref="3718207838"/>
    <tag k="aeroway" v="taxiway"/>
  </way>
  <way id="487030355">
    <nd ref="3718207841"/>
    <nd ref="3718207840"/>
    <tag k="aeroway" v="taxiway"/>
  </way>
  <way id="487030356">
    <nd ref="4795526229"/>
    <nd ref="3718207842"/>
    <tag k="aeroway" v="taxiway"/>
  </way>
  <way id="487030357">
    <nd ref="4795526230"/>
    <nd ref="3718207844"/>
    <tag k="aeroway" v="taxiway"/>
  </way>
  <way id="487030358">
    <nd ref="3718207847"/>
    <nd ref="3718207846"/>
    <tag k="aeroway" v="taxiway"/>
  </way>
  <way id="487030359">
    <nd ref="3718207849"/>
    <nd ref="5474012271"/>
    <nd ref="3718207848"/>
    <tag k="aeroway" v="taxiway"/>
  </way>
  <way id="487030805">
    <nd ref="5001571665"/>
    <nd ref="5001571697"/>
    <tag k="aeroway" v="taxiway"/>
  </way>
  <way id="487030806">
    <nd ref="5001571664"/>
    <nd ref="5001571700"/>
    <tag k="aeroway" v="taxiway"/>
  </way>
  <way id="487030807">
    <nd ref="5001571666"/>
    <nd ref="5001571703"/>
    <tag k="aeroway" v="taxiway"/>
  </way>
  <way id="487030808">
    <nd ref="4795526221"/>
    <nd ref="5001571706"/>
    <tag k="aeroway" v="taxiway"/>
  </way>
  <way id="487030809">
    <nd ref="4795525420"/>
    <nd ref="5001571709"/>
    <tag k="aeroway" v="taxiway"/>
  </way>
  <way id="487030810">
    <nd ref="4795525419"/>
    <nd ref="5001571712"/>
    <tag k="aeroway" v="taxiway"/>
  </way>
  <way id="487030811">
    <nd ref="5001571667"/>
    <nd ref="5001571715"/>
    <tag k="aeroway" v="taxiway"/>
  </way>
  <way id="487712457">
    <nd ref="4756690841"/>
    <nd ref="4756690848"/>
    <nd ref="4756690846"/>
    <nd ref="4756690847"/>
    <nd ref="4756690842"/>
    <nd ref="4801827839"/>
    <nd ref="4881727874"/>
    <nd ref="4756690845"/>
    <nd ref="4756690843"/>
    <nd ref="4756690844"/>
    <nd ref="1736766277"/>
    <tag k="aeroway" v="taxiway"/>
  </way>
  <way id="487788983">
    <nd ref="4802042095"/>
    <nd ref="1646349871"/>
    <nd ref="12569483676"/>
    <nd ref="27309028"/>
    <tag k="aeroway" v="taxiway"/>
    <tag k="ref" v="S7"/>
  </way>
  <way id="487788984">
    <nd ref="4802042094"/>
    <nd ref="4802042095"/>
    <tag k="aeroway" v="taxiway"/>
    <tag k="bridge" v="yes"/>
    <tag k="layer" v="1"/>
    <tag k="ref" v="S7"/>
    <tag k="surface" v="asphalt"/>
  </way>
  <way id="487788985">
    <nd ref="4802042096"/>
    <nd ref="4791786474"/>
    <tag k="aeroway" v="taxiway"/>
    <tag k="ref" v="S8"/>
  </way>
  <way id="487788986">
    <nd ref="4802042097"/>
    <nd ref="4802042096"/>
    <tag k="aeroway" v="taxiway"/>
    <tag k="bridge" v="yes"/>
    <tag k="layer" v="1"/>
    <tag k="ref" v="S8"/>
    <tag k="surface" v="asphalt"/>
  </way>
  <way id="487788988">
    <nd ref="556715470"/>
    <nd ref="556715491"/>
    <tag k="aeroway" v="taxiway"/>
    <tag k="ref" v="E2"/>
  </way>
  <way id="487788989">
    <nd ref="4898081900"/>
    <nd ref="556715273"/>
    <nd ref="4898109249"/>
    <nd ref="4898081914"/>
    <nd ref="556715272"/>
    <nd ref="4898109251"/>
    <tag k="aeroway" v="taxiway"/>
    <tag k="ref" v="E2"/>
  </way>
  <way id="487788990">
    <nd ref="556715254"/>
    <nd ref="2367197187"/>
    <nd ref="556715252"/>
    <nd ref="27309031"/>
    <nd ref="4789654838"/>
    <tag k="aeroway" v="taxiway"/>
  </way>
  <way id="487788991">
    <nd ref="4802042428"/>
    <nd ref="4802042431"/>
    <nd ref="4802042432"/>
    <nd ref="4802042435"/>
    <nd ref="4802042430"/>
    <nd ref="4802042434"/>
    <nd ref="4802042433"/>
    <nd ref="3632700610"/>
    <tag k="aeroway" v="taxiway"/>
  </way>
  <way id="487788992">
    <nd ref="4802042436"/>
    <nd ref="4802042439"/>
    <nd ref="4802042438"/>
    <nd ref="4802042440"/>
    <nd ref="4802042437"/>
    <nd ref="4802042441"/>
    <nd ref="4802042442"/>
    <nd ref="556715252"/>
    <tag k="aeroway" v="taxiway"/>
  </way>
  <way id="495501055">
    <nd ref="4872438003"/>
    <nd ref="4986969937"/>
    <tag k="aeroway" v="taxiway"/>
  </way>
  <way id="495501057">
    <nd ref="4872438005"/>
    <nd ref="4986969936"/>
    <tag k="aeroway" v="taxiway"/>
  </way>
  <way id="495501059">
    <nd ref="4872438007"/>
    <nd ref="4986969935"/>
    <tag k="aeroway" v="taxiway"/>
  </way>
  <way id="495501060">
    <nd ref="4872438009"/>
    <nd ref="4986969934"/>
    <tag k="aeroway" v="taxiway"/>
  </way>
  <way id="495501062">
    <nd ref="4872438011"/>
    <nd ref="4986969933"/>
    <tag k="aeroway" v="taxiway"/>
  </way>
  <way id="495501064">
    <nd ref="4872438013"/>
    <nd ref="4986969932"/>
    <tag k="aeroway" v="taxiway"/>
  </way>
  <way id="495501066">
    <nd ref="4872438015"/>
    <nd ref="4986969931"/>
    <tag k="aeroway" v="taxiway"/>
  </way>
  <way id="495501067">
    <nd ref="4872438017"/>
    <nd ref="4986969930"/>
    <tag k="aeroway" v="taxiway"/>
  </way>
  <way id="495501069">
    <nd ref="4872438019"/>
    <nd ref="4986969929"/>
    <tag k="aeroway" v="taxiway"/>
  </way>
  <way id="495501071">
    <nd ref="4872439021"/>
    <nd ref="4986969928"/>
    <tag k="aeroway" v="taxiway"/>
  </way>
  <way id="498297019">
    <nd ref="4897483399"/>
    <nd ref="4897483393"/>
    <tag k="aeroway" v="taxiway"/>
  </way>
  <way id="498355458">
    <nd ref="4898081862"/>
    <nd ref="4898081907"/>
    <nd ref="4898081901"/>
    <nd ref="4911285982"/>
    <nd ref="4911285983"/>
    <nd ref="4911285984"/>
    <nd ref="4898025149"/>
    <tag k="aeroway" v="taxiway"/>
    <tag k="colour" v="blue"/>
    <tag k="ref" v="D3"/>
  </way>
  <way id="498355459">
    <nd ref="4898081884"/>
    <nd ref="4898109267"/>
    <nd ref="4898109250"/>
    <nd ref="4898025145"/>
    <tag k="aeroway" v="taxiway"/>
    <tag k="colour" v="orange"/>
    <tag k="ref" v="D3"/>
  </way>
  <way id="498355460">
    <nd ref="9931487290"/>
    <nd ref="4898021416"/>
    <nd ref="4897483401"/>
    <tag k="aeroway" v="taxiway"/>
  </way>
  <way id="498355461">
    <nd ref="9931487291"/>
    <nd ref="4898021415"/>
    <nd ref="9925059454"/>
    <tag k="aeroway" v="taxiway"/>
  </way>
  <way id="498355463">
    <nd ref="4897483395"/>
    <nd ref="4897483397"/>
    <tag k="aeroway" v="taxiway"/>
  </way>
  <way id="498355464">
    <nd ref="9925059448"/>
    <nd ref="9931519946"/>
    <nd ref="9931519945"/>
    <nd ref="9931519944"/>
    <nd ref="9931519943"/>
    <nd ref="9931519942"/>
    <nd ref="9931519941"/>
    <nd ref="9931519940"/>
    <nd ref="9931519939"/>
    <nd ref="9931519938"/>
    <nd ref="9931519937"/>
    <nd ref="9931519936"/>
    <nd ref="9931519935"/>
    <nd ref="9931519934"/>
    <nd ref="9931519933"/>
    <nd ref="4915174546"/>
    <nd ref="9931519932"/>
    <nd ref="9931519931"/>
    <nd ref="4898021415"/>
    <nd ref="9931519930"/>
    <nd ref="4898021416"/>
    <nd ref="4897483395"/>
    <nd ref="4898021418"/>
    <nd ref="9925059447"/>
    <nd ref="4897483399"/>
    <tag k="aeroway" v="taxiway"/>
    <tag k="colour" v="blue"/>
    <tag k="ref" v="D3"/>
  </way>
  <way id="498355472">
    <nd ref="4898025149"/>
    <nd ref="4898025150"/>
    <tag k="aeroway" v="taxiway"/>
    <tag k="ref" v="S9"/>
  </way>
  <way id="498355473">
    <nd ref="4898025150"/>
    <nd ref="4985391297"/>
    <nd ref="4985391298"/>
    <nd ref="4985391299"/>
    <nd ref="4985391300"/>
    <nd ref="12569734255"/>
    <nd ref="4898299497"/>
    <tag k="aeroway" v="taxiway"/>
    <tag k="colour" v="blue"/>
    <tag k="ref" v="D3"/>
  </way>
  <way id="498355474">
    <nd ref="4898025147"/>
    <nd ref="4898025148"/>
    <tag k="aeroway" v="taxiway"/>
    <tag k="ref" v="S9"/>
  </way>
  <way id="498355476">
    <nd ref="4898025148"/>
    <nd ref="12569734257"/>
    <nd ref="4898299496"/>
    <tag k="aeroway" v="taxiway"/>
    <tag k="ref" v="D3"/>
  </way>
  <way id="498355477">
    <nd ref="4898025145"/>
    <nd ref="4898025146"/>
    <tag k="aeroway" v="taxiway"/>
    <tag k="ref" v="S9"/>
  </way>
  <way id="498355478">
    <nd ref="4898025146"/>
    <nd ref="12569734256"/>
    <nd ref="4898299495"/>
    <tag k="aeroway" v="taxiway"/>
    <tag k="colour" v="orange"/>
    <tag k="ref" v="D3"/>
  </way>
  <way id="498361713">
    <nd ref="4898081861"/>
    <nd ref="4898081867"/>
    <nd ref="4898081866"/>
    <nd ref="4898081863"/>
    <nd ref="4898081864"/>
    <nd ref="4898081865"/>
    <nd ref="4898081862"/>
    <nd ref="4898081882"/>
    <nd ref="4898081881"/>
    <nd ref="4898081878"/>
    <nd ref="4898081879"/>
    <nd ref="4898081880"/>
    <nd ref="556715254"/>
    <tag k="aeroway" v="taxiway"/>
  </way>
  <way id="498361714">
    <nd ref="4898081883"/>
    <nd ref="4898081892"/>
    <nd ref="4898081891"/>
    <nd ref="4898081890"/>
    <nd ref="4898081893"/>
    <nd ref="4898081894"/>
    <nd ref="4898081884"/>
    <nd ref="4898081889"/>
    <nd ref="4898081888"/>
    <nd ref="4898081885"/>
    <nd ref="4898081886"/>
    <nd ref="4898081887"/>
    <nd ref="3632268620"/>
    <tag k="aeroway" v="taxiway"/>
  </way>
  <way id="498361715">
    <nd ref="4898081862"/>
    <nd ref="4898081896"/>
    <nd ref="4898081897"/>
    <nd ref="4898081895"/>
    <nd ref="4898081898"/>
    <nd ref="4898081899"/>
    <nd ref="4898081900"/>
    <nd ref="4898081906"/>
    <nd ref="4898081905"/>
    <nd ref="4898081902"/>
    <nd ref="4898081903"/>
    <nd ref="4898081904"/>
    <nd ref="4898081901"/>
    <tag k="aeroway" v="taxiway"/>
  </way>
  <way id="498361716">
    <nd ref="4898081907"/>
    <nd ref="4898081910"/>
    <nd ref="4898081911"/>
    <nd ref="4898081909"/>
    <nd ref="4898081913"/>
    <nd ref="4898081912"/>
    <nd ref="4898081908"/>
    <tag k="aeroway" v="taxiway"/>
  </way>
  <way id="498361717">
    <nd ref="4898081914"/>
    <nd ref="4898082723"/>
    <nd ref="4898082724"/>
    <nd ref="4898081920"/>
    <nd ref="4898082722"/>
    <nd ref="4898082721"/>
    <nd ref="4898081901"/>
    <tag k="aeroway" v="taxiway"/>
  </way>
  <way id="498365365">
    <nd ref="4898109249"/>
    <nd ref="4898109266"/>
    <nd ref="4898109265"/>
    <nd ref="4898109254"/>
    <nd ref="4898109264"/>
    <nd ref="4898109263"/>
    <nd ref="4898109250"/>
    <nd ref="4898109261"/>
    <nd ref="4898109262"/>
    <nd ref="4898109253"/>
    <nd ref="4898109260"/>
    <nd ref="4898109259"/>
    <nd ref="4898109251"/>
    <tag k="aeroway" v="taxiway"/>
  </way>
  <way id="498365367">
    <nd ref="4898109267"/>
    <nd ref="4898109273"/>
    <nd ref="4898109270"/>
    <nd ref="4898109269"/>
    <nd ref="4898109272"/>
    <nd ref="4898109271"/>
    <nd ref="4898109268"/>
    <tag k="aeroway" v="taxiway"/>
  </way>
  <way id="498366485">
    <nd ref="4802042444"/>
    <nd ref="4802042453"/>
    <nd ref="4802042452"/>
    <nd ref="4802042454"/>
    <nd ref="4802042451"/>
    <nd ref="4802042457"/>
    <nd ref="4802042455"/>
    <nd ref="4802042456"/>
    <nd ref="27309031"/>
    <tag k="aeroway" v="taxiway"/>
  </way>
  <way id="498366486">
    <nd ref="2316493568"/>
    <nd ref="12569483644"/>
    <nd ref="4802042444"/>
    <tag k="aeroway" v="taxiway"/>
    <tag k="ref" v="D5"/>
  </way>
  <way id="498370038">
    <nd ref="556715449"/>
    <nd ref="4898140313"/>
    <nd ref="4898140311"/>
    <nd ref="4898140314"/>
    <nd ref="4898140319"/>
    <tag k="aeroway" v="taxiway"/>
    <tag k="ref" v="D1"/>
  </way>
  <way id="498370039">
    <nd ref="4802042098"/>
    <nd ref="4898144725"/>
    <nd ref="4898144724"/>
    <nd ref="4898140320"/>
    <nd ref="4898144722"/>
    <nd ref="4898144723"/>
    <nd ref="4898140319"/>
    <tag k="aeroway" v="taxiway"/>
    <tag k="ref" v="D1"/>
  </way>
  <way id="498370040">
    <nd ref="4898140311"/>
    <nd ref="4898144733"/>
    <nd ref="4898144734"/>
    <nd ref="4898144732"/>
    <nd ref="4898144735"/>
    <nd ref="4898144736"/>
    <nd ref="556715463"/>
    <tag k="aeroway" v="taxiway"/>
    <tag k="ref" v="D1"/>
  </way>
  <way id="498370041">
    <nd ref="4898140319"/>
    <nd ref="4898144726"/>
    <nd ref="4898144727"/>
    <nd ref="4898144721"/>
    <nd ref="4898144728"/>
    <nd ref="4898144730"/>
    <nd ref="4898144729"/>
    <nd ref="556715470"/>
    <tag k="aeroway" v="taxiway"/>
    <tag k="ref" v="D1"/>
  </way>
  <way id="498370042">
    <nd ref="4898140319"/>
    <nd ref="4898140315"/>
    <nd ref="4898140316"/>
    <nd ref="4898140312"/>
    <nd ref="4898140317"/>
    <nd ref="4898140318"/>
    <nd ref="556715491"/>
    <tag k="aeroway" v="taxiway"/>
    <tag k="ref" v="D1"/>
  </way>
  <way id="498370043">
    <nd ref="556715463"/>
    <nd ref="4898144737"/>
    <nd ref="4898144738"/>
    <nd ref="4898144731"/>
    <nd ref="4898140312"/>
    <tag k="aeroway" v="taxiway"/>
    <tag k="ref" v="D1"/>
  </way>
  <way id="498387084">
    <nd ref="4898299499"/>
    <nd ref="12569734254"/>
    <nd ref="4898299453"/>
    <nd ref="4901696690"/>
    <nd ref="4901696682"/>
    <nd ref="4901696689"/>
    <nd ref="4901696680"/>
    <tag k="aeroway" v="taxiway"/>
    <tag k="colour" v="orange"/>
    <tag k="ref" v="E3"/>
  </way>
  <way id="498387086">
    <nd ref="4901696680"/>
    <nd ref="4901660914"/>
    <nd ref="4898299458"/>
    <nd ref="4898299457"/>
    <nd ref="4901660916"/>
    <nd ref="4898299456"/>
    <tag k="aeroway" v="taxiway"/>
    <tag k="colour" v="orange"/>
    <tag k="ref" v="E3"/>
  </way>
  <way id="498387087">
    <nd ref="4872438011"/>
    <nd ref="4986969716"/>
    <nd ref="4872438013"/>
    <nd ref="3632268495"/>
    <nd ref="4872438015"/>
    <nd ref="3632268497"/>
    <nd ref="4872438017"/>
    <nd ref="3632268499"/>
    <nd ref="4872438019"/>
    <nd ref="4986969706"/>
    <nd ref="4872439021"/>
    <nd ref="2368292807"/>
    <nd ref="4986969697"/>
    <nd ref="3632268502"/>
    <nd ref="4986969695"/>
    <nd ref="4898299456"/>
    <nd ref="4901660915"/>
    <nd ref="4986969693"/>
    <nd ref="4986969691"/>
    <nd ref="4986969689"/>
    <nd ref="4900510936"/>
    <tag k="aeroway" v="taxiway"/>
    <tag k="ref" v="E3"/>
  </way>
  <way id="498387088">
    <nd ref="4898299498"/>
    <nd ref="12569734252"/>
    <nd ref="4986969938"/>
    <nd ref="4901696686"/>
    <nd ref="4901696684"/>
    <nd ref="4901696685"/>
    <nd ref="4898299451"/>
    <nd ref="4898299449"/>
    <nd ref="4898299462"/>
    <nd ref="3632268502"/>
    <tag k="aeroway" v="taxiway"/>
    <tag k="colour" v="blue"/>
    <tag k="ref" v="E3"/>
  </way>
  <way id="498387089">
    <nd ref="4898299499"/>
    <nd ref="4898300224"/>
    <nd ref="4898300228"/>
    <nd ref="4898300226"/>
    <nd ref="4898300227"/>
    <nd ref="4898300225"/>
    <nd ref="4898299495"/>
    <tag k="aeroway" v="taxiway"/>
  </way>
  <way id="498387090">
    <nd ref="4898299499"/>
    <nd ref="4898299500"/>
    <nd ref="4898299508"/>
    <nd ref="4898299507"/>
    <nd ref="4898299504"/>
    <nd ref="4898299505"/>
    <nd ref="4898299506"/>
    <nd ref="4898299497"/>
    <tag k="aeroway" v="taxiway"/>
  </way>
  <way id="498387091">
    <nd ref="4898299498"/>
    <nd ref="4898299520"/>
    <nd ref="4898300221"/>
    <nd ref="4898299519"/>
    <nd ref="4898300223"/>
    <nd ref="4898300222"/>
    <nd ref="4898299501"/>
    <nd ref="4898300229"/>
    <tag k="aeroway" v="taxiway"/>
  </way>
  <way id="498387092">
    <nd ref="4898299498"/>
    <nd ref="4898299502"/>
    <nd ref="4898299515"/>
    <nd ref="4898299516"/>
    <nd ref="4898299509"/>
    <nd ref="4898299518"/>
    <nd ref="4898299517"/>
    <nd ref="4898021405"/>
    <tag k="aeroway" v="taxiway"/>
  </way>
  <way id="498387093">
    <nd ref="4898299502"/>
    <nd ref="4898299514"/>
    <nd ref="4898299513"/>
    <nd ref="4898299510"/>
    <nd ref="4898299511"/>
    <nd ref="4898299512"/>
    <nd ref="4898299503"/>
    <tag k="aeroway" v="taxiway"/>
  </way>
  <way id="498387094">
    <nd ref="4898025131"/>
    <nd ref="3632267847"/>
    <nd ref="3632267892"/>
    <nd ref="4872438003"/>
    <nd ref="12569734253"/>
    <nd ref="4988160488"/>
    <nd ref="4872438005"/>
    <nd ref="3632267888"/>
    <nd ref="4872438007"/>
    <nd ref="4986969923"/>
    <nd ref="3632267886"/>
    <nd ref="4872438009"/>
    <nd ref="4901696688"/>
    <nd ref="4901696683"/>
    <nd ref="4986969719"/>
    <nd ref="4901696687"/>
    <nd ref="4872438011"/>
    <tag k="aeroway" v="taxiway"/>
    <tag k="ref" v="E3"/>
  </way>
  <way id="498387095">
    <nd ref="4898299496"/>
    <nd ref="4898025125"/>
    <nd ref="4898299488"/>
    <nd ref="4898299487"/>
    <nd ref="4898299481"/>
    <nd ref="4898299489"/>
    <nd ref="4898299490"/>
    <nd ref="4898021407"/>
    <tag k="aeroway" v="taxiway"/>
  </way>
  <way id="498387096">
    <nd ref="4898299495"/>
    <nd ref="4898300229"/>
    <nd ref="4898299491"/>
    <nd ref="4898299492"/>
    <nd ref="4898299480"/>
    <nd ref="4898299494"/>
    <nd ref="4898299493"/>
    <nd ref="4898025131"/>
    <tag k="aeroway" v="taxiway"/>
  </way>
  <way id="498387097">
    <nd ref="4898299497"/>
    <nd ref="4985391301"/>
    <nd ref="4898299479"/>
    <nd ref="4898021405"/>
    <nd ref="4898021406"/>
    <nd ref="4898299503"/>
    <nd ref="4897483399"/>
    <tag k="aeroway" v="taxiway"/>
    <tag k="colour" v="blue"/>
    <tag k="ref" v="D3"/>
  </way>
  <way id="498387577">
    <nd ref="4898299501"/>
    <nd ref="4898301800"/>
    <nd ref="4898301803"/>
    <nd ref="4898301799"/>
    <nd ref="4898301802"/>
    <nd ref="4898301801"/>
    <nd ref="4898299502"/>
    <tag k="aeroway" v="taxiway"/>
  </way>
  <way id="498582545">
    <nd ref="4899733729"/>
    <nd ref="4899733750"/>
    <nd ref="4900510950"/>
    <tag k="aeroway" v="taxiway"/>
    <tag k="ref" v="D6"/>
  </way>
  <way id="498582546">
    <nd ref="4899733730"/>
    <nd ref="4899733789"/>
    <nd ref="4899733763"/>
    <nd ref="4900510951"/>
    <tag k="aeroway" v="taxiway"/>
    <tag k="colour" v="orange"/>
    <tag k="ref" v="D6"/>
  </way>
  <way id="498582547">
    <nd ref="4899733731"/>
    <nd ref="4899733741"/>
    <nd ref="4899733740"/>
    <nd ref="4899733735"/>
    <nd ref="4899733736"/>
    <nd ref="4899733737"/>
    <nd ref="4899733732"/>
    <nd ref="4899733738"/>
    <nd ref="4899733739"/>
    <nd ref="4899733734"/>
    <nd ref="4899733743"/>
    <nd ref="4899733742"/>
    <nd ref="4899733733"/>
    <tag k="aeroway" v="taxiway"/>
  </way>
  <way id="498582548">
    <nd ref="4899733744"/>
    <nd ref="4899733745"/>
    <nd ref="4899733746"/>
    <nd ref="4899733747"/>
    <nd ref="4899733748"/>
    <nd ref="4899733749"/>
    <nd ref="4899733750"/>
    <nd ref="4899733751"/>
    <nd ref="4899733752"/>
    <nd ref="4899733753"/>
    <nd ref="4899733754"/>
    <nd ref="4899733755"/>
    <nd ref="4899733756"/>
    <tag k="aeroway" v="taxiway"/>
  </way>
  <way id="498582549">
    <nd ref="4899733757"/>
    <nd ref="4899733758"/>
    <nd ref="4899733759"/>
    <nd ref="4899733760"/>
    <nd ref="4899733761"/>
    <nd ref="4899733762"/>
    <nd ref="4899733763"/>
    <nd ref="4899733764"/>
    <nd ref="4899733765"/>
    <nd ref="4899733766"/>
    <nd ref="4899733767"/>
    <nd ref="4899733768"/>
    <nd ref="4899733769"/>
    <tag k="aeroway" v="taxiway"/>
  </way>
  <way id="498582550">
    <nd ref="4899733770"/>
    <nd ref="4899733771"/>
    <nd ref="4899733772"/>
    <nd ref="4899733773"/>
    <nd ref="4899733774"/>
    <nd ref="4899733775"/>
    <nd ref="4899733776"/>
    <nd ref="4899733777"/>
    <nd ref="4899733778"/>
    <nd ref="4899733779"/>
    <nd ref="4899733780"/>
    <nd ref="4899733781"/>
    <nd ref="4899733782"/>
    <tag k="aeroway" v="taxiway"/>
  </way>
  <way id="498582551">
    <nd ref="4899733783"/>
    <nd ref="4899733784"/>
    <nd ref="4899733785"/>
    <nd ref="4899733786"/>
    <nd ref="4899733787"/>
    <nd ref="4899733788"/>
    <nd ref="4899733789"/>
    <nd ref="4899733790"/>
    <nd ref="4899733791"/>
    <nd ref="4899733792"/>
    <nd ref="4899733793"/>
    <nd ref="4899733794"/>
    <nd ref="4899733795"/>
    <tag k="aeroway" v="taxiway"/>
  </way>
  <way id="498582552">
    <nd ref="4899733796"/>
    <nd ref="4899733797"/>
    <nd ref="4899733798"/>
    <nd ref="4899733799"/>
    <nd ref="4899733800"/>
    <nd ref="4899733801"/>
    <nd ref="4899733728"/>
    <nd ref="4899733802"/>
    <nd ref="4899733803"/>
    <nd ref="4899733804"/>
    <nd ref="4899733805"/>
    <nd ref="4899733806"/>
    <nd ref="4899733807"/>
    <tag k="aeroway" v="taxiway"/>
  </way>
  <way id="498582553">
    <nd ref="4899733808"/>
    <nd ref="4899733809"/>
    <nd ref="4899733810"/>
    <nd ref="4899733811"/>
    <nd ref="4899733812"/>
    <nd ref="4899733813"/>
    <nd ref="4899733729"/>
    <nd ref="4899733814"/>
    <nd ref="4899733815"/>
    <nd ref="4899733816"/>
    <nd ref="4899733817"/>
    <nd ref="4899733818"/>
    <nd ref="4899733819"/>
    <tag k="aeroway" v="taxiway"/>
  </way>
  <way id="498582554">
    <nd ref="4899733820"/>
    <nd ref="4899733921"/>
    <nd ref="4899733922"/>
    <nd ref="4899733923"/>
    <nd ref="4899733924"/>
    <nd ref="4899733925"/>
    <nd ref="4899733730"/>
    <nd ref="4899733926"/>
    <nd ref="4899733927"/>
    <nd ref="4899733928"/>
    <nd ref="4899733929"/>
    <nd ref="4899733930"/>
    <nd ref="4899733931"/>
    <tag k="aeroway" v="taxiway"/>
  </way>
  <way id="498676415">
    <nd ref="4900510913"/>
    <nd ref="4900510916"/>
    <nd ref="4900510917"/>
    <nd ref="4900510915"/>
    <nd ref="4900510918"/>
    <nd ref="4900510919"/>
    <nd ref="4900510914"/>
    <tag k="aeroway" v="taxiway"/>
  </way>
  <way id="498676416">
    <nd ref="4900510937"/>
    <nd ref="4900510940"/>
    <nd ref="4900510939"/>
    <nd ref="4900510938"/>
    <nd ref="4900510941"/>
    <nd ref="4900510942"/>
    <nd ref="4900510914"/>
    <tag k="aeroway" v="taxiway"/>
  </way>
  <way id="498676417">
    <nd ref="4900510944"/>
    <nd ref="4932591667"/>
    <nd ref="4932591665"/>
    <nd ref="8960459670"/>
    <nd ref="12569734246"/>
    <nd ref="4932591663"/>
    <nd ref="8960459672"/>
    <nd ref="4932591661"/>
    <nd ref="8960459674"/>
    <nd ref="4932591659"/>
    <nd ref="8960459676"/>
    <nd ref="4932591657"/>
    <nd ref="8960459668"/>
    <tag k="aeroway" v="taxiway"/>
    <tag k="colour" v="blue"/>
    <tag k="ref" v="D6"/>
  </way>
  <way id="498676418">
    <nd ref="4900510944"/>
    <nd ref="4900510945"/>
    <nd ref="4900510946"/>
    <nd ref="4900510947"/>
    <nd ref="4900510948"/>
    <nd ref="2367215640"/>
    <tag k="aeroway" v="taxiway"/>
  </way>
  <way id="498676419">
    <nd ref="4900510914"/>
    <nd ref="4900510929"/>
    <nd ref="4900510936"/>
    <tag k="aeroway" v="taxiway"/>
  </way>
  <way id="498676420">
    <nd ref="4900510944"/>
    <nd ref="12569734248"/>
    <nd ref="4900510937"/>
    <nd ref="4900510913"/>
    <nd ref="4901660918"/>
    <tag k="aeroway" v="taxiway"/>
  </way>
  <way id="498676421">
    <nd ref="4900510921"/>
    <nd ref="4900510923"/>
    <nd ref="4900510924"/>
    <nd ref="4900510925"/>
    <nd ref="4900510926"/>
    <nd ref="4900510927"/>
    <nd ref="4900510928"/>
    <nd ref="4900510929"/>
    <tag k="aeroway" v="taxiway"/>
  </way>
  <way id="498676422">
    <nd ref="4900510922"/>
    <nd ref="4900510930"/>
    <nd ref="4900510931"/>
    <nd ref="4900510932"/>
    <nd ref="4900510933"/>
    <nd ref="4900510934"/>
    <nd ref="4900510935"/>
    <nd ref="4900510936"/>
    <tag k="aeroway" v="taxiway"/>
  </way>
  <way id="498676423">
    <nd ref="4900510949"/>
    <nd ref="4899733732"/>
    <nd ref="4899733776"/>
    <nd ref="4899733728"/>
    <tag k="aeroway" v="taxiway"/>
    <tag k="colour" v="blue"/>
    <tag k="ref" v="D6"/>
  </way>
  <way id="498676424">
    <nd ref="4900510950"/>
    <nd ref="4900510953"/>
    <tag k="aeroway" v="taxiway"/>
    <tag k="ref" v="D6"/>
  </way>
  <way id="498676425">
    <nd ref="4900510951"/>
    <nd ref="4900510954"/>
    <tag k="aeroway" v="taxiway"/>
    <tag k="colour" v="orange"/>
    <tag k="ref" v="D6"/>
  </way>
  <way id="498676426">
    <nd ref="4900510952"/>
    <nd ref="4900510949"/>
    <tag k="aeroway" v="taxiway"/>
    <tag k="colour" v="blue"/>
    <tag k="ref" v="D6"/>
  </way>
  <way id="498676427">
    <nd ref="4900510955"/>
    <nd ref="4900510952"/>
    <tag k="aeroway" v="taxiway"/>
    <tag k="ref" v="N5"/>
  </way>
  <way id="498676428">
    <nd ref="4900510953"/>
    <nd ref="4900510956"/>
    <tag k="aeroway" v="taxiway"/>
    <tag k="ref" v="N5"/>
  </way>
  <way id="498676429">
    <nd ref="4900510956"/>
    <nd ref="12569734250"/>
    <nd ref="4900510921"/>
    <tag k="aeroway" v="taxiway"/>
    <tag k="ref" v="D6"/>
  </way>
  <way id="498676430">
    <nd ref="4900510954"/>
    <nd ref="4900510957"/>
    <tag k="aeroway" v="taxiway"/>
    <tag k="ref" v="N5"/>
  </way>
  <way id="498676431">
    <nd ref="4900510957"/>
    <nd ref="12569734251"/>
    <nd ref="4900510922"/>
    <tag k="aeroway" v="taxiway"/>
    <tag k="colour" v="orange"/>
    <tag k="ref" v="D6"/>
  </way>
  <way id="498832827">
    <nd ref="4901660918"/>
    <nd ref="12569734249"/>
    <nd ref="4900510955"/>
    <tag k="aeroway" v="taxiway"/>
    <tag k="colour" v="blue"/>
    <tag k="ref" v="D6"/>
  </way>
  <way id="499954318">
    <nd ref="4911285982"/>
    <nd ref="4911285980"/>
    <tag k="aeroway" v="taxiway"/>
  </way>
  <way id="499954319">
    <nd ref="4911285983"/>
    <nd ref="4911285981"/>
    <tag k="aeroway" v="taxiway"/>
  </way>
  <way id="499954320">
    <nd ref="4911285984"/>
    <nd ref="4911285985"/>
    <tag k="aeroway" v="taxiway"/>
  </way>
  <way id="502910293">
    <nd ref="4932591657"/>
    <nd ref="4932591673"/>
    <tag k="aeroway" v="taxiway"/>
  </way>
  <way id="502910295">
    <nd ref="4932591659"/>
    <nd ref="4932591672"/>
    <tag k="aeroway" v="taxiway"/>
  </way>
  <way id="502910297">
    <nd ref="4932591661"/>
    <nd ref="4932591671"/>
    <tag k="aeroway" v="taxiway"/>
  </way>
  <way id="502910298">
    <nd ref="4932591663"/>
    <nd ref="4932591670"/>
    <tag k="aeroway" v="taxiway"/>
  </way>
  <way id="502910300">
    <nd ref="4932591665"/>
    <nd ref="4932591669"/>
    <tag k="aeroway" v="taxiway"/>
  </way>
  <way id="502910302">
    <nd ref="4932591667"/>
    <nd ref="4932591668"/>
    <tag k="aeroway" v="taxiway"/>
  </way>
  <way id="509467840">
    <nd ref="4795525417"/>
    <nd ref="4793874340"/>
    <tag k="aeroway" v="taxiway"/>
  </way>
  <way id="509467841">
    <nd ref="4795525416"/>
    <nd ref="4793874341"/>
    <tag k="aeroway" v="taxiway"/>
  </way>
  <way id="509467842">
    <nd ref="4795525415"/>
    <nd ref="4793874342"/>
    <tag k="aeroway" v="taxiway"/>
  </way>
  <way id="509467843">
    <nd ref="4795525414"/>
    <nd ref="4793874343"/>
    <tag k="aeroway" v="taxiway"/>
  </way>
  <way id="509473606">
    <nd ref="4986969689"/>
    <nd ref="4986969700"/>
    <tag k="aeroway" v="taxiway"/>
  </way>
  <way id="509473607">
    <nd ref="4986969691"/>
    <nd ref="4986969701"/>
    <tag k="aeroway" v="taxiway"/>
  </way>
  <way id="509473608">
    <nd ref="4986969693"/>
    <nd ref="4986969702"/>
    <tag k="aeroway" v="taxiway"/>
  </way>
  <way id="509473609">
    <nd ref="4986969695"/>
    <nd ref="4986969703"/>
    <tag k="aeroway" v="taxiway"/>
  </way>
  <way id="509473610">
    <nd ref="4986969697"/>
    <nd ref="4986969704"/>
    <tag k="aeroway" v="taxiway"/>
  </way>
  <way id="509473611">
    <nd ref="2368292807"/>
    <nd ref="4986969705"/>
    <tag k="aeroway" v="taxiway"/>
  </way>
  <way id="509473618">
    <nd ref="4986969706"/>
    <nd ref="4986969708"/>
    <tag k="aeroway" v="taxiway"/>
  </way>
  <way id="509473620">
    <nd ref="3632268499"/>
    <nd ref="4986969710"/>
    <tag k="aeroway" v="taxiway"/>
  </way>
  <way id="509473622">
    <nd ref="3632268497"/>
    <nd ref="4986969712"/>
    <tag k="aeroway" v="taxiway"/>
  </way>
  <way id="509473624">
    <nd ref="3632268495"/>
    <nd ref="4986969714"/>
    <tag k="aeroway" v="taxiway"/>
  </way>
  <way id="509473626">
    <nd ref="4986969716"/>
    <nd ref="4986969717"/>
    <tag k="aeroway" v="taxiway"/>
  </way>
  <way id="509473629">
    <nd ref="4986969720"/>
    <nd ref="4986969719"/>
    <tag k="aeroway" v="taxiway"/>
  </way>
  <way id="509473630">
    <nd ref="3632267886"/>
    <nd ref="4986969927"/>
    <tag k="aeroway" v="taxiway"/>
  </way>
  <way id="509473631">
    <nd ref="4986969923"/>
    <nd ref="4986969926"/>
    <tag k="aeroway" v="taxiway"/>
  </way>
  <way id="509473635">
    <nd ref="4986969925"/>
    <nd ref="3632267888"/>
    <tag k="aeroway" v="taxiway"/>
  </way>
  <way id="509618266">
    <nd ref="4988160488"/>
    <nd ref="4988160489"/>
    <tag k="aeroway" v="taxiway"/>
  </way>
  <way id="509618267">
    <nd ref="3632267892"/>
    <nd ref="4988160491"/>
    <tag k="aeroway" v="taxiway"/>
  </way>
  <way id="511277741">
    <nd ref="5001571668"/>
    <nd ref="5001571696"/>
    <tag k="aeroway" v="taxiway"/>
  </way>
  <way id="511277743">
    <nd ref="5001571670"/>
    <nd ref="5001571698"/>
    <tag k="aeroway" v="taxiway"/>
  </way>
  <way id="511277745">
    <nd ref="5001571674"/>
    <nd ref="5001571699"/>
    <tag k="aeroway" v="taxiway"/>
  </way>
  <way id="511277747">
    <nd ref="5001571675"/>
    <nd ref="5001571701"/>
    <tag k="aeroway" v="taxiway"/>
  </way>
  <way id="511277749">
    <nd ref="5001571695"/>
    <nd ref="5001571702"/>
    <tag k="aeroway" v="taxiway"/>
  </way>
  <way id="511277751">
    <nd ref="5001571694"/>
    <nd ref="5001571704"/>
    <tag k="aeroway" v="taxiway"/>
  </way>
  <way id="511277753">
    <nd ref="5001571693"/>
    <nd ref="5001571705"/>
    <tag k="aeroway" v="taxiway"/>
  </way>
  <way id="511277755">
    <nd ref="5001571692"/>
    <nd ref="5001571707"/>
    <tag k="aeroway" v="taxiway"/>
  </way>
  <way id="511277756">
    <nd ref="5001571691"/>
    <nd ref="5001571708"/>
    <tag k="aeroway" v="taxiway"/>
  </way>
  <way id="511277758">
    <nd ref="5001571690"/>
    <nd ref="5001571710"/>
    <tag k="aeroway" v="taxiway"/>
  </way>
  <way id="511277760">
    <nd ref="5001571689"/>
    <nd ref="5001571711"/>
    <tag k="aeroway" v="taxiway"/>
  </way>
  <way id="511277762">
    <nd ref="5001571688"/>
    <nd ref="5001571713"/>
    <tag k="aeroway" v="taxiway"/>
  </way>
  <way id="511277764">
    <nd ref="5001571687"/>
    <nd ref="5001571714"/>
    <tag k="aeroway" v="taxiway"/>
  </way>
  <way id="511277766">
    <nd ref="5001571686"/>
    <nd ref="5001571716"/>
    <tag k="aeroway" v="taxiway"/>
  </way>
  <way id="511521589">
    <nd ref="5003340020"/>
    <nd ref="5003376023"/>
    <tag k="aeroway" v="taxiway"/>
  </way>
  <way id="511521590">
    <nd ref="2367215659"/>
    <nd ref="5003376022"/>
    <tag k="aeroway" v="taxiway"/>
  </way>
  <way id="511521591">
    <nd ref="5003340019"/>
    <nd ref="5003376025"/>
    <tag k="aeroway" v="taxiway"/>
  </way>
  <way id="511521592">
    <nd ref="5003340018"/>
    <nd ref="5003376026"/>
    <tag k="aeroway" v="taxiway"/>
  </way>
  <way id="511521593">
    <nd ref="5003340017"/>
    <nd ref="5003376027"/>
    <tag k="aeroway" v="taxiway"/>
  </way>
  <way id="511521594">
    <nd ref="5003340016"/>
    <nd ref="5003376028"/>
    <tag k="aeroway" v="taxiway"/>
  </way>
  <way id="511521595">
    <nd ref="5003340015"/>
    <nd ref="5003376029"/>
    <tag k="aeroway" v="taxiway"/>
  </way>
  <way id="511521596">
    <nd ref="5003340014"/>
    <nd ref="5003376032"/>
    <nd ref="5003376033"/>
    <tag k="aeroway" v="taxiway"/>
  </way>
  <way id="511521597">
    <nd ref="5003340013"/>
    <nd ref="5003376030"/>
    <tag k="aeroway" v="taxiway"/>
  </way>
  <way id="511521598">
    <nd ref="5003340012"/>
    <nd ref="5003376034"/>
    <tag k="aeroway" v="taxiway"/>
  </way>
  <way id="511521599">
    <nd ref="5003340011"/>
    <nd ref="5003376035"/>
    <tag k="aeroway" v="taxiway"/>
  </way>
  <way id="511521600">
    <nd ref="5003340009"/>
    <nd ref="5003376038"/>
    <nd ref="5003376039"/>
    <tag k="aeroway" v="taxiway"/>
  </way>
  <way id="511521601">
    <nd ref="5003340010"/>
    <nd ref="5003376036"/>
    <tag k="aeroway" v="taxiway"/>
  </way>
  <way id="511521602">
    <nd ref="5003340008"/>
    <nd ref="5003376040"/>
    <tag k="aeroway" v="taxiway"/>
  </way>
  <way id="511521603">
    <nd ref="5003340007"/>
    <nd ref="5003376041"/>
    <tag k="aeroway" v="taxiway"/>
  </way>
  <way id="511521604">
    <nd ref="5003340006"/>
    <nd ref="5003376042"/>
    <tag k="aeroway" v="taxiway"/>
  </way>
  <way id="511521605">
    <nd ref="5003340005"/>
    <nd ref="5003376043"/>
    <tag k="aeroway" v="taxiway"/>
  </way>
  <way id="511521606">
    <nd ref="5003340004"/>
    <nd ref="5003376044"/>
    <tag k="aeroway" v="taxiway"/>
  </way>
  <way id="511521607">
    <nd ref="5003340002"/>
    <nd ref="5003376045"/>
    <tag k="aeroway" v="taxiway"/>
  </way>
  <way id="511521608">
    <nd ref="5003340003"/>
    <nd ref="5003376046"/>
    <tag k="aeroway" v="taxiway"/>
  </way>
  <way id="511521609">
    <nd ref="5003340001"/>
    <nd ref="5003376047"/>
    <tag k="aeroway" v="taxiway"/>
  </way>
  <way id="511521610">
    <nd ref="5003340000"/>
    <nd ref="5003376048"/>
    <tag k="aeroway" v="taxiway"/>
  </way>
  <way id="511521611">
    <nd ref="5003339999"/>
    <nd ref="5003376050"/>
    <tag k="aeroway" v="taxiway"/>
  </way>
  <way id="511521612">
    <nd ref="5003339998"/>
    <nd ref="5003376051"/>
    <tag k="aeroway" v="taxiway"/>
  </way>
  <way id="511521613">
    <nd ref="5003339997"/>
    <nd ref="5003376052"/>
    <tag k="aeroway" v="taxiway"/>
  </way>
  <way id="511521614">
    <nd ref="5003339996"/>
    <nd ref="5003376053"/>
    <tag k="aeroway" v="taxiway"/>
  </way>
  <way id="511521615">
    <nd ref="5003339995"/>
    <nd ref="5003376054"/>
    <tag k="aeroway" v="taxiway"/>
  </way>
  <way id="511521616">
    <nd ref="5003339994"/>
    <nd ref="5003376055"/>
    <tag k="aeroway" v="taxiway"/>
  </way>
  <way id="511521617">
    <nd ref="5003339993"/>
    <nd ref="5003376056"/>
    <tag k="aeroway" v="taxiway"/>
  </way>
  <way id="511521618">
    <nd ref="5003339992"/>
    <nd ref="5003376057"/>
    <tag k="aeroway" v="taxiway"/>
  </way>
  <way id="511521619">
    <nd ref="5003339991"/>
    <nd ref="5003376058"/>
    <tag k="aeroway" v="taxiway"/>
  </way>
  <way id="511521620">
    <nd ref="5003339990"/>
    <nd ref="5003376059"/>
    <tag k="aeroway" v="taxiway"/>
  </way>
  <way id="511521621">
    <nd ref="5003339989"/>
    <nd ref="5003376060"/>
    <tag k="aeroway" v="taxiway"/>
  </way>
  <way id="511521622">
    <nd ref="556715237"/>
    <nd ref="5003376061"/>
    <tag k="aeroway" v="taxiway"/>
  </way>
  <way id="511521623">
    <nd ref="5003339988"/>
    <nd ref="5003376062"/>
    <tag k="aeroway" v="taxiway"/>
  </way>
  <way id="511521624">
    <nd ref="5003339987"/>
    <nd ref="5003376063"/>
    <tag k="aeroway" v="taxiway"/>
  </way>
  <way id="511521625">
    <nd ref="5003339986"/>
    <nd ref="5003376064"/>
    <tag k="aeroway" v="taxiway"/>
  </way>
  <way id="511521626">
    <nd ref="5003339985"/>
    <nd ref="5003376065"/>
    <tag k="aeroway" v="taxiway"/>
  </way>
  <way id="511521627">
    <nd ref="5003339984"/>
    <nd ref="5003376066"/>
    <tag k="aeroway" v="taxiway"/>
  </way>
  <way id="511521628">
    <nd ref="4899733807"/>
    <nd ref="5003340019"/>
    <nd ref="4899733819"/>
    <nd ref="5003340018"/>
    <nd ref="4899733931"/>
    <nd ref="5003340017"/>
    <nd ref="4899733796"/>
    <nd ref="5003340016"/>
    <nd ref="5003340015"/>
    <nd ref="4899733808"/>
    <nd ref="5003340014"/>
    <nd ref="4899733820"/>
    <tag k="aeroway" v="taxiway"/>
    <tag k="ref" v="W2"/>
  </way>
  <way id="511521629">
    <nd ref="4802042098"/>
    <nd ref="5003340221"/>
    <nd ref="4899733807"/>
    <tag k="aeroway" v="taxiway"/>
    <tag k="ref" v="W2"/>
  </way>
  <way id="511521630">
    <nd ref="4899733733"/>
    <nd ref="556715470"/>
    <tag k="aeroway" v="taxiway"/>
    <tag k="ref" v="O2"/>
  </way>
  <way id="511521631">
    <nd ref="556715449"/>
    <nd ref="2367215659"/>
    <nd ref="2234359312"/>
    <nd ref="3632268550"/>
    <nd ref="5003340020"/>
    <nd ref="4802042098"/>
    <tag k="aeroway" v="taxiway"/>
    <tag k="ref" v="W2"/>
  </way>
  <way id="511521632">
    <nd ref="556715491"/>
    <nd ref="4881728361"/>
    <nd ref="27309034"/>
    <tag k="aeroway" v="taxiway"/>
  </way>
  <way id="511521633">
    <nd ref="4899733820"/>
    <nd ref="5003340013"/>
    <nd ref="12569734265"/>
    <nd ref="5003340012"/>
    <nd ref="5003340011"/>
    <nd ref="5003340009"/>
    <nd ref="5003340010"/>
    <nd ref="5003340008"/>
    <nd ref="5003340007"/>
    <nd ref="5003340006"/>
    <nd ref="5003340005"/>
    <nd ref="5003340004"/>
    <nd ref="5003340002"/>
    <nd ref="12569734262"/>
    <nd ref="556715401"/>
    <tag k="aeroway" v="taxiway"/>
    <tag k="ref" v="W2"/>
  </way>
  <way id="511521634">
    <nd ref="4899733757"/>
    <nd ref="4899733744"/>
    <nd ref="4899733731"/>
    <nd ref="4899733769"/>
    <nd ref="4899733756"/>
    <nd ref="4899733733"/>
    <tag k="aeroway" v="taxiway"/>
    <tag k="ref" v="E2"/>
  </way>
  <way id="511521635">
    <nd ref="556715401"/>
    <nd ref="5003340003"/>
    <nd ref="5003340001"/>
    <nd ref="5003340000"/>
    <nd ref="3632268592"/>
    <nd ref="556715384"/>
    <tag k="aeroway" v="taxiway"/>
    <tag k="ref" v="W2"/>
  </way>
  <way id="511521636">
    <nd ref="3632268525"/>
    <nd ref="12569734260"/>
    <nd ref="3632268523"/>
    <nd ref="3632268521"/>
    <nd ref="3632268519"/>
    <nd ref="3632268517"/>
    <nd ref="3632268516"/>
    <nd ref="3632268514"/>
    <nd ref="3632268512"/>
    <nd ref="12569734263"/>
    <nd ref="4899733757"/>
    <tag k="aeroway" v="taxiway"/>
    <tag k="ref" v="E2"/>
  </way>
  <way id="511521637">
    <nd ref="3632700592"/>
    <nd ref="12569734261"/>
    <nd ref="12569734264"/>
    <nd ref="4899733783"/>
    <tag k="aeroway" v="taxiway"/>
    <tag k="ref" v="Center 2"/>
  </way>
  <way id="511521638">
    <nd ref="4899733783"/>
    <nd ref="4899733770"/>
    <nd ref="4899733795"/>
    <tag k="aeroway" v="taxiway"/>
    <tag k="ref" v="Center 2"/>
  </way>
  <way id="511521639">
    <nd ref="4899733795"/>
    <nd ref="4899733782"/>
    <nd ref="556715463"/>
    <tag k="aeroway" v="taxiway"/>
    <tag k="ref" v="Center 2"/>
  </way>
  <way id="511521640">
    <nd ref="556715384"/>
    <nd ref="12569734259"/>
    <nd ref="5003339999"/>
    <nd ref="5003339998"/>
    <nd ref="5003339997"/>
    <nd ref="5003339996"/>
    <nd ref="5003339995"/>
    <nd ref="5003339994"/>
    <nd ref="5003339993"/>
    <nd ref="5003339992"/>
    <nd ref="5003339991"/>
    <nd ref="5003339990"/>
    <nd ref="4898081883"/>
    <tag k="aeroway" v="taxiway"/>
    <tag k="ref" v="W2"/>
  </way>
  <way id="511521641">
    <nd ref="5003339983"/>
    <nd ref="3632700573"/>
    <nd ref="556715376"/>
    <nd ref="3632700592"/>
    <tag k="aeroway" v="taxiway"/>
    <tag k="ref" v="Center 2"/>
  </way>
  <way id="511521642">
    <nd ref="556715369"/>
    <nd ref="3632268535"/>
    <nd ref="3632268533"/>
    <nd ref="3632268529"/>
    <nd ref="3632268525"/>
    <tag k="aeroway" v="taxiway"/>
    <tag k="ref" v="E2"/>
  </way>
  <way id="511521643">
    <nd ref="4898081883"/>
    <nd ref="5003339989"/>
    <nd ref="556715237"/>
    <nd ref="5003339988"/>
    <nd ref="4898081861"/>
    <nd ref="5003339987"/>
    <nd ref="3632268620"/>
    <nd ref="5003339986"/>
    <nd ref="556715267"/>
    <nd ref="5003339985"/>
    <nd ref="5003339984"/>
    <nd ref="556715254"/>
    <tag k="aeroway" v="taxiway"/>
    <tag k="ref" v="W2"/>
  </way>
  <way id="511521644">
    <nd ref="4898109268"/>
    <nd ref="5003339983"/>
    <tag k="aeroway" v="taxiway"/>
    <tag k="ref" v="Center 2"/>
  </way>
  <way id="511521645">
    <nd ref="4898109251"/>
    <nd ref="3632268547"/>
    <nd ref="3632268545"/>
    <nd ref="3632268543"/>
    <nd ref="3632268541"/>
    <nd ref="3632268539"/>
    <nd ref="3632268537"/>
    <nd ref="12569734258"/>
    <nd ref="556715369"/>
    <tag k="aeroway" v="taxiway"/>
    <tag k="ref" v="E2"/>
  </way>
  <way id="511521646">
    <nd ref="4898109251"/>
    <nd ref="4898109258"/>
    <nd ref="4898109257"/>
    <nd ref="4898109252"/>
    <nd ref="4898109256"/>
    <nd ref="4898109255"/>
    <nd ref="4898081884"/>
    <tag k="aeroway" v="taxiway"/>
  </way>
  <way id="517764265">
    <nd ref="5052033810"/>
    <nd ref="4793874362"/>
    <tag k="aeroway" v="taxiway"/>
    <tag k="source" v="Bing"/>
  </way>
  <way id="521825313">
    <nd ref="5083852401"/>
    <nd ref="5083852402"/>
    <nd ref="5083852403"/>
    <nd ref="5083852404"/>
    <nd ref="5083852405"/>
    <nd ref="3632700802"/>
    <tag k="aeroway" v="taxiway"/>
  </way>
  <way id="848052317">
    <nd ref="4756685805"/>
    <nd ref="1736766292"/>
    <tag k="aeroway" v="taxiway"/>
    <tag k="ref" v="C1"/>
  </way>
  <way id="968514233">
    <nd ref="8960315879"/>
    <nd ref="8960315854"/>
    <nd ref="8960315864"/>
    <nd ref="8960315876"/>
    <nd ref="8960315893"/>
    <nd ref="8960315862"/>
    <nd ref="8960315874"/>
    <nd ref="8960315880"/>
    <nd ref="8960315858"/>
    <nd ref="8960315877"/>
    <nd ref="8960315869"/>
    <nd ref="8960315875"/>
    <nd ref="8960315872"/>
    <nd ref="8960315863"/>
    <tag k="aeroway" v="taxiway"/>
    <tag k="ref" v="K1"/>
  </way>
  <way id="968530484">
    <nd ref="8960459467"/>
    <nd ref="8960459462"/>
    <nd ref="8960459466"/>
    <nd ref="8960459472"/>
    <nd ref="8960459461"/>
    <nd ref="8960459465"/>
    <nd ref="8960459471"/>
    <nd ref="8960315882"/>
    <tag k="aeroway" v="taxiway"/>
    <tag k="disused:aeroway" v="taxiway"/>
  </way>
  <way id="968530485">
    <nd ref="8960459470"/>
    <nd ref="8960459464"/>
    <nd ref="8960459469"/>
    <nd ref="8960459474"/>
    <nd ref="8960459463"/>
    <nd ref="8960459468"/>
    <nd ref="8960459473"/>
    <nd ref="8960315882"/>
    <tag k="aeroway" v="taxiway"/>
    <tag k="disused:aeroway" v="taxiway"/>
  </way>
  <way id="986406760">
    <nd ref="8960315882"/>
    <nd ref="8960315867"/>
    <nd ref="8960315879"/>
    <tag k="aeroway" v="taxiway"/>
    <tag k="ref" v="K1"/>
  </way>
  <way id="1030433066">
    <nd ref="9498578450"/>
    <nd ref="9498578451"/>
    <nd ref="9498578452"/>
    <tag k="aeroway" v="taxiway"/>
    <tag k="description" v="Einrolllinie für Parkposition 163Y"/>
  </way>
  <way id="1030433068">
    <nd ref="9498578454"/>
    <nd ref="4810055787"/>
    <tag k="aeroway" v="taxiway"/>
    <tag k="description" v="Einrolllinie für Parkposition 161Y"/>
  </way>
  <way id="1082984033">
    <nd ref="4898299501"/>
    <nd ref="9925059477"/>
    <nd ref="9931487243"/>
    <nd ref="9931487247"/>
    <nd ref="9931487288"/>
    <nd ref="9931487286"/>
    <nd ref="9931487284"/>
    <nd ref="9931487282"/>
    <nd ref="9931487281"/>
    <nd ref="9931487279"/>
    <nd ref="9931487277"/>
    <nd ref="9931487275"/>
    <nd ref="9931487272"/>
    <nd ref="9931487271"/>
    <nd ref="9925059478"/>
    <tag k="aeroway" v="taxiway"/>
  </way>
  <way id="1082984034">
    <nd ref="9925059479"/>
    <nd ref="9931519928"/>
    <nd ref="9931519926"/>
    <nd ref="9931487266"/>
    <nd ref="9931519924"/>
    <nd ref="9931519922"/>
    <nd ref="9931487264"/>
    <nd ref="9931519920"/>
    <nd ref="9931519918"/>
    <nd ref="9931487262"/>
    <nd ref="9931487316"/>
    <nd ref="9931487260"/>
    <nd ref="9931487314"/>
    <nd ref="9931487312"/>
    <nd ref="9931487258"/>
    <nd ref="9931487310"/>
    <nd ref="9931487308"/>
    <nd ref="9931487256"/>
    <nd ref="9931487306"/>
    <nd ref="9931487254"/>
    <nd ref="9931487304"/>
    <nd ref="9931487302"/>
    <nd ref="9931487252"/>
    <nd ref="9931487300"/>
    <nd ref="9931487250"/>
    <nd ref="9931487298"/>
    <nd ref="9931487296"/>
    <nd ref="9931487294"/>
    <nd ref="9931487248"/>
    <nd ref="9931487291"/>
    <nd ref="9931487244"/>
    <nd ref="9931487292"/>
    <nd ref="9931487290"/>
    <nd ref="9931487240"/>
    <nd ref="9925059480"/>
    <nd ref="4898025125"/>
    <tag k="aeroway" v="taxiway"/>
  </way>
  <way id="1083752409">
    <nd ref="9931487240"/>
    <nd ref="9931487243"/>
    <nd ref="9931487242"/>
    <tag k="aeroway" v="taxiway"/>
  </way>
  <way id="1083752412">
    <nd ref="9931487244"/>
    <nd ref="9931487247"/>
    <nd ref="9931487246"/>
    <tag k="aeroway" v="taxiway"/>
  </way>
  <way id="1083752413">
    <nd ref="9931487248"/>
    <nd ref="9931487288"/>
    <nd ref="9931487289"/>
    <tag k="aeroway" v="taxiway"/>
  </way>
  <way id="1083752425">
    <nd ref="9931487250"/>
    <nd ref="9931487286"/>
    <nd ref="9931487287"/>
    <tag k="aeroway" v="taxiway"/>
  </way>
  <way id="1083752426">
    <nd ref="9931487252"/>
    <nd ref="9931487284"/>
    <nd ref="9931487285"/>
    <tag k="aeroway" v="taxiway"/>
  </way>
  <way id="1083752427">
    <nd ref="9931487254"/>
    <nd ref="9931487282"/>
    <nd ref="9931487283"/>
    <tag k="aeroway" v="taxiway"/>
  </way>
  <way id="1083752428">
    <nd ref="9931487256"/>
    <nd ref="9931487281"/>
    <nd ref="9931487280"/>
    <tag k="aeroway" v="taxiway"/>
  </way>
  <way id="1083752429">
    <nd ref="9931487258"/>
    <nd ref="9931487279"/>
    <nd ref="9931487278"/>
    <tag k="aeroway" v="taxiway"/>
  </way>
  <way id="1083752430">
    <nd ref="9931487260"/>
    <nd ref="9931487277"/>
    <nd ref="9931487276"/>
    <tag k="aeroway" v="taxiway"/>
  </way>
  <way id="1083752431">
    <nd ref="9931487262"/>
    <nd ref="9931487275"/>
    <nd ref="9931487274"/>
    <tag k="aeroway" v="taxiway"/>
  </way>
  <way id="1083752432">
    <nd ref="9931487264"/>
    <nd ref="9931487272"/>
    <nd ref="9931487273"/>
    <tag k="aeroway" v="taxiway"/>
  </way>
  <way id="1083752433">
    <nd ref="9931487266"/>
    <nd ref="9931487271"/>
    <nd ref="9931487270"/>
    <tag k="aeroway" v="taxiway"/>
  </way>
  <way id="1083752434">
    <nd ref="9925059479"/>
    <nd ref="9925059478"/>
    <nd ref="9931487269"/>
    <tag k="aeroway" v="taxiway"/>
  </way>
  <way id="1083752435">
    <nd ref="9931487292"/>
    <nd ref="9931519930"/>
    <nd ref="9931519947"/>
    <tag k="aeroway" v="taxiway"/>
  </way>
  <way id="1083752436">
    <nd ref="9931487294"/>
    <nd ref="9931519931"/>
    <nd ref="9931519948"/>
    <tag k="aeroway" v="taxiway"/>
  </way>
  <way id="1083752437">
    <nd ref="9931487296"/>
    <nd ref="9931519932"/>
    <nd ref="9931519949"/>
    <tag k="aeroway" v="taxiway"/>
  </way>
  <way id="1083752438">
    <nd ref="9931487298"/>
    <nd ref="4915174546"/>
    <nd ref="9931519950"/>
    <tag k="aeroway" v="taxiway"/>
  </way>
  <way id="1083752439">
    <nd ref="9931487300"/>
    <nd ref="9931519933"/>
    <nd ref="9931519951"/>
    <tag k="aeroway" v="taxiway"/>
  </way>
  <way id="1083752440">
    <nd ref="9931487302"/>
    <nd ref="9931519934"/>
    <nd ref="9931519952"/>
    <tag k="aeroway" v="taxiway"/>
  </way>
  <way id="1083752441">
    <nd ref="9931487304"/>
    <nd ref="9931519935"/>
    <nd ref="9931519953"/>
    <tag k="aeroway" v="taxiway"/>
  </way>
  <way id="1083752442">
    <nd ref="9931487306"/>
    <nd ref="9931519936"/>
    <nd ref="9931519954"/>
    <tag k="aeroway" v="taxiway"/>
  </way>
  <way id="1083752443">
    <nd ref="9931487308"/>
    <nd ref="9931519937"/>
    <nd ref="9931519955"/>
    <tag k="aeroway" v="taxiway"/>
  </way>
  <way id="1083752444">
    <nd ref="9931487310"/>
    <nd ref="9931519938"/>
    <nd ref="9931519956"/>
    <tag k="aeroway" v="taxiway"/>
  </way>
  <way id="1083752445">
    <nd ref="9931487312"/>
    <nd ref="9931519939"/>
    <nd ref="9931519957"/>
    <tag k="aeroway" v="taxiway"/>
  </way>
  <way id="1083752446">
    <nd ref="9931487314"/>
    <nd ref="9931519940"/>
    <nd ref="9931519958"/>
    <tag k="aeroway" v="taxiway"/>
  </way>
  <way id="1083752447">
    <nd ref="9931487316"/>
    <nd ref="9931519941"/>
    <nd ref="9931519959"/>
    <tag k="aeroway" v="taxiway"/>
  </way>
  <way id="1083752448">
    <nd ref="9931519918"/>
    <nd ref="9931519942"/>
    <nd ref="9931519960"/>
    <tag k="aeroway" v="taxiway"/>
  </way>
  <way id="1083752449">
    <nd ref="9931519920"/>
    <nd ref="9931519943"/>
    <nd ref="9931519961"/>
    <tag k="aeroway" v="taxiway"/>
  </way>
  <way id="1083752450">
    <nd ref="9931519922"/>
    <nd ref="9931519944"/>
    <nd ref="9931519962"/>
    <tag k="aeroway" v="taxiway"/>
  </way>
  <way id="1083752451">
    <nd ref="9931519924"/>
    <nd ref="9931519945"/>
    <nd ref="9931519963"/>
    <tag k="aeroway" v="taxiway"/>
  </way>
  <way id="1083752452">
    <nd ref="9931519926"/>
    <nd ref="9931519946"/>
    <nd ref="9931519964"/>
    <tag k="aeroway" v="taxiway"/>
  </way>
  <way id="1083752453">
    <nd ref="9931519928"/>
    <nd ref="9925059448"/>
    <nd ref="9931519965"/>
    <tag k="aeroway" v="taxiway"/>
  </way>
  <way id="1084016092">
    <nd ref="8960459668"/>
    <nd ref="9933750187"/>
    <tag k="aeroway" v="taxiway"/>
    <tag k="disused:aeroway" v="parking_position"/>
  </way>
  <way id="1358206376">
    <nd ref="12569497239"/>
    <nd ref="12569497238"/>
    <nd ref="12569497237"/>
    <nd ref="12569497236"/>
    <tag k="aeroway" v="taxiway"/>
  </way>
  <way id="1358206377">
    <nd ref="12569497244"/>
    <nd ref="12569497243"/>
    <nd ref="12569497242"/>
    <nd ref="12569497241"/>
    <nd ref="12569497240"/>
    <tag k="aeroway" v="taxiway"/>
  </way>
  <way id="1358206378">
    <nd ref="12569497247"/>
    <nd ref="12569497246"/>
    <nd ref="12569497245"/>
    <tag k="aeroway" v="taxiway"/>
  </way>
  <way id="1359303782">
    <nd ref="2367319749"/>
    <nd ref="12581941327"/>
    <nd ref="12581941326"/>
    <nd ref="12581941325"/>
    <nd ref="12581941324"/>
    <nd ref="12581941323"/>
    <nd ref="12581941322"/>
    <nd ref="12581941321"/>
    <nd ref="12581941320"/>
    <nd ref="12581941319"/>
    <nd ref="12581941318"/>
    <nd ref="12581941317"/>
    <nd ref="12581941316"/>
    <nd ref="12581941315"/>
    <tag k="aeroway" v="taxiway"/>
  </way>

</osm>
